customer_id,first_name,last_name,email,phone,city,state,created_at
100075,Yuvraj,Singh,,5676547700,Rajahmundry,Goa,2026-05-30 16:55:54
100078,,Char,,4841383620,Dhule,Bihar,2026-05-16 09:15:39
100098,Warhi,Comar,,4745326729,Thane,Telangana,2026-02-11 06:24:08
100113,,Batta,hamsini87@example.net,2504467887,Bhatpara,Maharashtra,2026-02-11 20:15:43
100127,,Nath,tanmayibail@example.net,1837180858,Darbhanga,Goa,2026-05-20 20:36:52
100188,,Toor,ykulkarni@example.net,4145633405,Thiruvananthapuram,Rajasthan,2026-05-25 11:03:23
100201,,Mohan,jyohannan@example.net,5198375084,Phagwara,Maharashtra,2026-05-03 10:35:52
100203,,Patel,bhatiajanya@example.org,931687336,Shivpuri,Arunachal Pradesh,2026-03-31 19:48:59
100207,Owen,Prakash,,8229692046,Sikar,Maharashtra,2026-06-28 09:22:02
100247,Om,Kakar,,258394480,Surat,Gujarat,2026-01-23 12:11:10
100252,Kiaan,Varghese,,1005973363,Noida,Mizoram,2026-03-15 01:17:57
100313,,Bose,hmanne@example.net,9993579806,Sangli-Miraj & Kupwad,Kerala,2026-06-19 19:56:25
100341,Hemangini,Devan,,3796863161,Tumkur,Karnataka,2026-02-11 02:45:35
100423,Omkaar,Kothari,,2127636104,Bihar Sharif,Himachal Pradesh,2026-06-22 21:18:17
100424,Nathaniel,De,,7965344854,Gangtok,Himachal Pradesh,2026-01-02 07:44:55
100444,,Sachdeva,lakshmi79@example.com,2672764861,Bettiah,Madhya Pradesh,2026-03-01 13:37:54
100536,,Khosla,tnigam@example.org,9825956716,Bhusawal,Gujarat,2026-05-31 21:54:57
100594,,Golla,bumbmax@example.org,8637177318,Kishanganj,Assam,2026-06-07 23:53:34
100604,,Kalla,pvenkatesh@example.net,6140115940,Phusro,Uttar Pradesh,2026-02-04 08:42:25
100605,David,Patla,,5867595559,Bilaspur,West Bengal,2026-05-15 20:29:19
100613,Shivani,Kara,,7015947012,Haridwar,Mizoram,2026-03-24 12:18:16
100622,,Vasa,dateikshita@example.net,5814733811,Ajmer,Jharkhand,2026-02-01 12:12:24
100628,Kevin,Kala,,368967553,Vijayawada,Odisha,2026-02-25 17:37:40
100637,Januja,Pall,,9377678561,Hindupur,Punjab,2026-02-03 14:09:25
100669,Sanya,Upadhyay,,7332410833,Sirsa,Tamil Nadu,2026-04-19 06:44:26
100714,,Halder,zaidranganathan@example.com,7979271387,Katihar,West Bengal,2026-06-22 05:50:47
100723,,Golla,zachariachaitaly@example.net,2711116022,Phagwara,Haryana,2026-04-29 03:11:48
100746,Libni,Gola,,4198585228,Jaipur,Karnataka,2026-04-08 20:13:37
100823,,Karan,gsandal@example.org,9940160495,Alwar,Manipur,2026-06-24 19:43:41
100825,,Misra,leelabrahmbhatt@example.com,7882676012,Patiala,Sikkim,2026-06-01 06:42:28
100906,,Sur,kohlihemangini@example.com,441026725,Tumkur,Karnataka,2026-04-19 23:05:54
100946,,Radhakrishnan,suleisaac@example.com,304120645,Bhind,Manipur,2026-03-17 19:51:16
100952,Priya,Edwin,,8991540961,Bongaigaon,Odisha,2026-03-26 02:01:49
100979,Agastya,Krishnan,,5378341657,Suryapet,West Bengal,2026-05-06 05:08:17
100981,,Comar,,5787963129,Raurkela Industrial Township,Himachal Pradesh,2026-06-26 04:14:26
101022,,Walla,ishwarkapadia@example.net,3878574274,Patna,Mizoram,2026-01-20 01:33:21
101034,Devika,Basu,,1219234546,Deoghar,Rajasthan,2026-01-24 08:47:36
101050,,Andra,qratti@example.org,1549944687,Jalna,Meghalaya,2026-04-08 02:57:27
101060,,Pal,kcheema@example.net,8435259263,Jehanabad,Nagaland,2026-06-22 16:06:04
101143,Aryan,Randhawa,,7359604284,Ludhiana,Maharashtra,2026-05-06 07:47:01
101188,Yash,Khare,,3293387159,Khandwa,Mizoram,2026-06-07 23:43:45
101194,Mugdha,Solanki,,8737369559,Naihati,Goa,2026-04-30 05:05:07
101237,Omya,Sinha,,147744833,Shimoga,Uttarakhand,2026-05-12 07:48:35
101248,Manbir,Dasgupta,,6437432084,Surendranagar Dudhrej,Andhra Pradesh,2026-04-09 17:20:33
101303,,Golla,sherekai@example.org,490866902,Ulhasnagar,Odisha,2026-06-30 14:16:17
101305,Vasudha,Sharma,,8577490819,Bareilly,Nagaland,2026-02-09 02:01:58
101347,,Gour,kantyahvi@example.org,1330720671,Srinagar,Bihar,2026-03-15 20:45:55
101374,,Narula,sdave@example.org,4487508914,Begusarai,Tamil Nadu,2026-05-30 03:14:27
101394,Neel,Sharma,,5770822950,Jodhpur,Himachal Pradesh,2026-01-28 04:36:19
101450,,Wason,bathbalhaar@example.com,6273349241,Kavali,Sikkim,2026-06-03 12:31:07
101498,,Behl,sai61@example.net,3013739821,Satna,Bihar,2026-04-09 14:29:46
101518,,Deshpande,jalsa26@example.org,106915849,Pimpri-Chinchwad,Goa,2026-01-19 10:55:54
101580,Yashodhara,Swaminathan,,2288808182,Satna,Tripura,2026-03-05 19:13:16
101598,,Oza,yadavisarna@example.org,9998502335,Nadiad,Bihar,2026-03-28 02:20:35
101603,,Morar,tmemon@example.com,3610960970,Sonipat,Arunachal Pradesh,2026-03-25 09:23:07
101633,Krishna,Chaudry,,3879781207,Avadi,Tamil Nadu,2026-01-12 06:28:34
101668,,Khurana,lnath@example.com,1130944794,Jalandhar,Mizoram,2026-01-08 16:00:51
101710,Chatresh,Sharaf,,1755016884,Malda,Tamil Nadu,2026-04-26 01:54:22
101853,,Narula,parsaanusha@example.org,5177162863,Kadapa,Uttar Pradesh,2026-01-03 17:33:35
101863,,Doshi,harsh91@example.org,5822438551,Machilipatnam,Telangana,2026-01-05 07:13:23
101918,,Agarwal,xsridhar@example.org,2620104009,Thiruvananthapuram,Gujarat,2026-01-08 23:35:01
101932,,Srinivas,kashviraman@example.com,4885939163,Chittoor,Odisha,2026-02-28 03:05:48
101981,,Deo,lucky46@example.net,4327131823,Amravati,Karnataka,2026-03-08 07:46:01
101984,,Choudhry,bganesan@example.com,3361208071,Berhampur,Haryana,2026-05-16 15:27:05
102015,,Chopra,kalpit30@example.net,9769455431,Orai,Haryana,2026-06-01 16:54:34
102036,Ethan,Balay,,4654221361,Dindigul,Gujarat,2026-01-11 22:06:49
102048,,Lata,ridhi32@example.net,1001356148,Fatehpur,Kerala,2026-03-10 17:11:45
102052,Nitesh,Dutta,,5595721403,Kamarhati,Tripura,2026-03-14 02:47:54
102055,Dakshesh,Vora,,3683269440,Hospet,Telangana,2026-02-05 21:00:52
102072,Nidhi,Kalita,,8161028883,Sultan Pur Majra,Haryana,2026-04-24 01:57:40
102101,,Wagle,nagioscar@example.net,6848916174,Etawah,Arunachal Pradesh,2026-03-01 11:56:04
102147,Amruta,Chaudry,,8748029637,Ambarnath,Haryana,2026-03-21 23:14:09
102171,Chaaya,Lad,,9045428786,Panvel,Bihar,2026-05-26 23:11:00
102208,Nandini,Chana,,8052208142,Bareilly,Punjab,2026-03-10 05:28:48
102211,,Hayer,kalakarnik@example.com,2690513862,Jorhat,Andhra Pradesh,2026-03-19 15:19:03
102234,,Chauhan,dharvidhi@example.com,7052562407,Bikaner,Jharkhand,2026-05-03 14:45:21
102241,Qasim,Ravi,,3302483712,Bijapur,Telangana,2026-04-17 13:04:35
102251,Krishna,Tiwari,,9212991043,Bongaigaon,Kerala,2026-02-18 03:17:28
102339,Upasna,Doshi,,4608666686,Jhansi,Tamil Nadu,2026-05-31 13:43:00
102341,Divya,Sama,,988924056,Chandrapur,Madhya Pradesh,2026-01-08 06:23:45
102382,,Kala,deepatailor@example.net,8263233196,Machilipatnam,Odisha,2026-04-11 10:05:00
102428,Amaira,Agrawal,,8376721153,Aurangabad,Goa,2026-06-12 14:50:43
102446,Zilmil,Dhar,,3235185427,Cuttack,Uttarakhand,2026-05-18 10:23:04
102478,,Vasa,keyaroy@example.net,106583279,Kulti,West Bengal,2026-03-02 10:55:07
102558,,Thaker,pahal00@example.org,4311851748,Tinsukia,Jharkhand,2026-06-21 23:18:28
102580,Chakradhar,Sheth,,7792729584,Katni,Gujarat,2026-04-15 09:23:30
102588,Ekantika,Prabhakar,,8875417931,Morbi,Uttar Pradesh,2026-01-24 08:01:33
102598,Nathaniel,Dhawan,,9181490464,Rajpur Sonarpur,Nagaland,2026-06-01 10:47:54
102603,,Dubey,tanayshukla@example.net,2292643144,Sambalpur,Uttar Pradesh,2026-02-16 17:35:39
102613,,Rastogi,quincybhatia@example.org,552155761,Kishanganj,Meghalaya,2026-01-23 18:02:32
102616,,Sama,pallavi46@example.org,6859936249,Vadodara,Andhra Pradesh,2026-03-28 16:55:18
102620,Nitara,Dara,,8723939023,Tezpur,Tripura,2026-02-21 06:41:41
102647,Pooja,Apte,,6703628356,Jodhpur,Nagaland,2026-03-03 08:37:56
102655,,Narayanan,mukhopadhyayprisha@example.com,2483497480,Kanpur,Bihar,2026-01-25 19:47:31
102676,Darpan,Sarraf,,1331264767,Madhyamgram,Bihar,2026-01-14 16:17:43
102685,Watika,Bhatnagar,,4256085770,Jalandhar,Chhattisgarh,2026-04-19 15:58:47
102710,Udarsh,Jayaraman,,7517684712,Kollam,Chhattisgarh,2026-01-12 20:37:57
102772,Ladli,Bath,,2559911873,Narasaraopet,Nagaland,2026-05-10 22:06:18
102795,Jagdish,Munshi,,1769478383,Meerut,Kerala,2026-06-26 13:35:35
102857,,Sood,xgola@example.com,855338734,Tadipatri,Telangana,2026-03-31 05:47:26
102859,,Bora,mohammed20@example.com,9802011459,Ujjain,Goa,2026-03-22 02:11:28
102881,,Golla,xnanda@example.net,1170326193,Salem,West Bengal,2026-01-10 00:02:28
102887,,Mahajan,cnarayanan@example.org,2394152331,Coimbatore,West Bengal,2026-05-31 06:10:24
102907,,Devan,igopal@example.com,9432101738,Amravati,Tripura,2026-06-06 01:36:15
102916,Jhalak,Nadkarni,,2144508206,Miryalaguda,Andhra Pradesh,2026-04-26 09:35:10
102921,Unnati,Ganguly,,9958378522,Nashik,Tripura,2026-06-07 12:56:54
102930,,Kata,wsaraf@example.com,9942197537,Anantapuram,Chhattisgarh,2026-01-11 22:34:50
102935,Neelima,Krish,,3499349249,Arrah,Jharkhand,2026-06-10 00:01:38
102959,,Johal,omya60@example.org,8825146507,Bijapur,Arunachal Pradesh,2026-06-30 15:51:03
102973,,Chaudhari,bhattacharyyahemal@example.com,1611325846,Madanapalle,Tripura,2026-06-05 03:06:00
102993,,Sen,fshetty@example.com,682203215,Amroha,Andhra Pradesh,2026-02-19 20:07:47
103004,Eshana,Kapadia,,9549012807,Gudivada,West Bengal,2026-04-14 23:46:52
103024,,Kalita,sridharsudiksha@example.net,544066255,Rajpur Sonarpur,Sikkim,2026-05-23 18:47:40
103048,David,Jaggi,,8258717792,Pune,Maharashtra,2026-01-19 04:02:12
103049,,Das,palanjyoti@example.com,8724218142,Chennai,Odisha,2026-02-21 18:04:08
103082,,Sahni,matthew18@example.net,3357512909,Jalna,Maharashtra,2026-04-12 23:42:38
103091,Rachit,Gour,,2608128675,Gandhinagar,Punjab,2026-04-04 17:07:11
103145,,Lal,imaran15@example.com,913413170,Raurkela Industrial Township,Uttar Pradesh,2026-02-22 08:54:38
103190,Gagan,Ranganathan,,7868323329,Karnal,Chhattisgarh,2026-06-06 09:42:56
103205,,Mital,ochauhan@example.org,2528132078,Meerut,Meghalaya,2026-05-10 00:47:27
103214,,Thaman,ekantika28@example.net,6571631674,Katihar,Sikkim,2026-01-02 18:25:05
103233,Ria,Tailor,,5789327214,Gurgaon,Tripura,2026-03-28 18:05:57
103241,Jagat,Setty,,4642303215,Ozhukarai,Jharkhand,2026-06-28 06:33:50
103272,Sachi,Prakash,,1030767430,Gangtok,Chhattisgarh,2026-06-30 07:07:12
103282,Yashawini,Randhawa,,7864038410,Hapur,Jharkhand,2026-05-03 17:48:29
103329,Tejas,Rout,,8514767837,Bathinda,Uttarakhand,2026-04-25 07:52:15
103352,Vedhika,Biswas,,9746326347,Adoni,Himachal Pradesh,2026-05-11 17:53:00
103359,,Peri,oliver87@example.org,2706661438,Gurgaon,Maharashtra,2026-04-18 09:33:43
103375,Kashish,Tandon,,8341070693,Katihar,Kerala,2026-03-02 02:54:17
103388,,Purohit,devijack@example.org,1847047786,Fatehpur,Chhattisgarh,2026-03-05 15:15:50
103395,Ekiya,Dada,,7263561722,Proddatur,Odisha,2026-01-29 13:47:21
103401,George,Halder,,5087326921,Shimoga,Maharashtra,2026-04-26 19:40:25
103413,Urvashi,Rattan,,9848356774,Malegaon,Kerala,2026-06-10 01:35:16
103571,,Swamy,xavierdara@example.com,8534916025,Sirsa,Odisha,2026-06-18 04:40:59
103578,,Bora,subramaniammatthew@example.net,6893977930,Karnal,Kerala,2026-03-21 22:26:29
103602,Anita,Sur,,9418123399,Giridih,Arunachal Pradesh,2026-05-06 10:30:58
103606,Mason,Kaul,,765827336,Gurgaon,Uttarakhand,2026-06-05 04:17:18
103650,,Reddy,ebir@example.net,7295014783,Raiganj,Nagaland,2026-04-11 07:28:13
103692,,Tandon,mohanchatura@example.com,7936071633,Aurangabad,Tripura,2026-03-12 10:30:46
103731,Tristan,Sahota,,2084030381,Chittoor,Andhra Pradesh,2026-03-02 17:31:47
103753,,Subramaniam,yagneshdhawan@example.com,3334309121,Jalgaon,Manipur,2026-01-21 12:14:23
103764,Rushil,Goel,,940492161,Avadi,Madhya Pradesh,2026-05-22 07:28:31
103836,Warjas,Doctor,,1679210359,Pune,Meghalaya,2026-05-09 00:02:21
103837,,Sami,nmanne@example.net,9354354756,Kumbakonam,Manipur,2026-05-18 11:29:09
103846,Mahika,Patil,,2010328719,Satna,Gujarat,2026-06-27 00:16:44
103877,,Kumer,kibegaurika@example.net,4659146892,Durgapur,Madhya Pradesh,2026-04-16 08:24:42
103889,,Ray,iparsa@example.com,6901158734,Latur,Uttarakhand,2026-06-15 15:18:07
103945,Triya,Pathak,,3990734661,Moradabad,Andhra Pradesh,2026-01-29 00:39:48
103973,,Chaudhary,jananilad@example.com,3509218293,Purnia,Chhattisgarh,2026-04-10 22:58:32
104012,Gabriel,Bora,,9184771154,Rajahmundry,Manipur,2026-02-18 20:55:52
104032,,Choudhary,hemalsarin@example.net,3995446976,Durg,Manipur,2026-05-03 00:23:46
104064,Shivani,Suri,,5084191565,Haridwar,Jharkhand,2026-05-09 15:38:52
104079,Ranveer,Bobal,,7652247003,Bokaro,West Bengal,2026-06-10 18:00:10
104081,,Sandal,tkorpal@example.net,8076941034,Gangtok,Jharkhand,2026-03-31 03:59:43
104128,Neel,Bawa,,5370163422,Panihati,Chhattisgarh,2026-01-17 00:56:52
104149,Samuel,Kant,,9407475360,Mumbai,Jharkhand,2026-03-31 19:37:45
104152,,Bora,sudiksha63@example.org,3360859157,Kozhikode,Himachal Pradesh,2026-06-25 06:07:31
104178,,Panchal,xmann@example.net,5784590238,Ratlam,Assam,2026-04-21 09:30:37
104183,Hamsini,Yadav,,2480837368,Sikar,Gujarat,2026-01-26 11:54:49
104192,,Subramaniam,pahal71@example.net,8669522059,Srikakulam,Gujarat,2026-05-28 18:21:58
104271,Tripti,Mistry,,7064127790,Pondicherry,Uttar Pradesh,2026-05-09 02:54:10
104286,,Gade,kbanik@example.org,2527327378,Mysore,Himachal Pradesh,2026-03-04 22:44:55
104321,Lipika,Ravel,,1390148636,Jamalpur,Sikkim,2026-01-16 16:57:55
104361,,Dass,tripathilakshit@example.com,168730130,Miryalaguda,Andhra Pradesh,2026-03-31 12:28:22
104376,,Luthra,evarughese@example.net,9245455677,Ichalkaranji,Nagaland,2026-06-09 02:46:50
104398,Anjali,Chada,,8854320098,Bikaner,Madhya Pradesh,2026-02-26 11:57:27
104438,Radha,Hayer,,8410874941,Bahraich,Arunachal Pradesh,2026-04-15 19:37:38
104441,,Chandran,tchakrabarti@example.org,1230968642,Shimla,Sikkim,2026-05-18 11:07:49
104445,Chaaya,Sane,,1921294844,Howrah,Uttarakhand,2026-04-13 17:11:28
104453,Nikita,Seshadri,,6282902187,Mathura,Kerala,2026-01-29 10:17:15
104491,Aarnav,Khare,,5690208547,Singrauli,Himachal Pradesh,2026-03-06 13:53:32
104497,Avi,Chaudhry,,9046709639,Gwalior,Assam,2026-05-07 21:39:15
104500,Onkar,Banik,,8872777569,Karnal,Andhra Pradesh,2026-05-15 21:58:07
104513,Nidhi,Ramanathan,,6843018477,Munger,Uttar Pradesh,2026-04-12 08:13:42
104514,,Dara,yagrawal@example.com,9152622973,Karawal Nagar,Odisha,2026-02-15 13:37:06
104516,,Badami,vgaba@example.com,8425627421,Pune,Telangana,2026-06-04 06:21:34
104519,Ranveer,Bava,,3443412035,Chandigarh,Gujarat,2026-02-21 02:56:44
104550,,Kashyap,hkuruvilla@example.net,2488755422,Sultan Pur Majra,Himachal Pradesh,2026-05-15 19:44:48
104584,Nachiket,Koshy,,709434376,Tenali,Rajasthan,2026-02-21 22:44:17
104621,Yashoda,Dhaliwal,,2533899160,Arrah,Telangana,2026-04-28 00:38:16
104625,,Mody,chanaabeer@example.com,4853823478,Begusarai,Mizoram,2026-05-25 09:38:14
104626,Aarnav,Madan,,7025880859,Dhanbad,Punjab,2026-01-18 01:39:54
104639,,Solanki,hiralvora@example.com,7119118939,Burhanpur,Himachal Pradesh,2026-01-12 17:55:02
104755,,Natarajan,onveer21@example.com,1538090427,Dehri,Karnataka,2026-02-05 08:58:45
104767,Megha,Kata,,2560996325,Bilaspur,Bihar,2026-03-09 15:03:00
104777,Shaurya,Keer,,128225647,Chittoor,Maharashtra,2026-05-17 23:55:03
104789,,Borde,neharai@example.com,5093356317,Kalyan-Dombivli,Gujarat,2026-01-21 11:50:13
104826,,Gole,theodoresuresh@example.org,1707482063,Yamunanagar,Tripura,2026-03-31 03:26:03
104886,,Sangha,nathanielbora@example.com,6470344672,Darbhanga,Tamil Nadu,2026-01-10 16:43:07
104890,Manthan,Srinivasan,,2173531655,Tadipatri,Gujarat,2026-02-22 21:39:05
104912,,Sachar,,5268757211,Sagar,Goa,2026-02-01 16:01:27
104943,Krish,Tank,,6252471447,Bijapur,Madhya Pradesh,2026-04-08 14:22:41
104963,,Dara,gopal87@example.net,2896628937,Durg,Bihar,2026-03-23 19:07:16
104981,,Deo,samuel56@example.net,1671574696,Vijayanagaram,Manipur,2026-02-07 21:27:32
105078,,Hegde,pavanimurthy@example.com,5949215643,Tumkur,Rajasthan,2026-02-01 18:06:18
105168,Rachana,Chaudhuri,,5215998675,Etawah,Uttarakhand,2026-06-26 21:05:23
105172,Tarak,Ghose,,4345962196,Kumbakonam,Goa,2026-06-07 23:45:01
105187,Yahvi,Dayal,,9060446119,Dindigul,Andhra Pradesh,2026-02-20 06:44:23
105208,Omisha,Konda,,7157097505,Rourkela,Kerala,2026-01-30 00:09:44
105249,,Grewal,praman@example.net,5729785042,Agra,Sikkim,2026-06-24 21:19:18
105294,Wakeeta,Oza,,5090559077,Katni,Madhya Pradesh,2026-05-30 05:42:36
105318,,Basak,sbahri@example.net,6832908500,Sikar,Bihar,2026-04-12 01:02:04
105325,,Mahajan,rajunachiket@example.org,1523153584,Ongole,Gujarat,2026-03-19 22:43:31
105341,Anvi,Bhargava,,2857067819,Singrauli,Gujarat,2026-03-03 16:17:45
105344,,Chahal,battachaitanya@example.org,6793100371,Faridabad,Haryana,2026-03-12 08:45:55
105394,Gavin,Amble,,5757192641,Karnal,Goa,2026-01-06 07:06:29
105477,Bimala,Bora,,5011920750,Latur,Mizoram,2026-01-17 20:33:25
105486,Aayush,Sem,,2795711498,Sangli-Miraj & Kupwad,Rajasthan,2026-01-30 00:42:58
105503,Maanav,Balakrishnan,,2973551650,Mau,Andhra Pradesh,2026-02-03 13:33:40
105534,Bhavika,Sahota,,8899832641,Nangloi Jat,Bihar,2026-06-28 09:30:14
105541,,Dalal,ahluwaliacharita@example.org,6704493574,Kochi,West Bengal,2026-05-05 05:13:57
105573,,Pandya,nachiketdalia@example.net,4679893572,Anantapuram,Sikkim,2026-02-28 10:04:15
105577,Kevin,Konda,,9467048686,Tirunelveli,Tamil Nadu,2026-02-20 11:24:09
105610,,Chacko,simon29@example.org,6763496045,Tadipatri,Chhattisgarh,2026-05-30 03:47:26
105616,Janya,Pau,,9778911148,Amritsar,Chhattisgarh,2026-01-28 19:31:46
105619,,Keer,rajudamini@example.org,8262077376,Chennai,Odisha,2026-03-30 04:20:59
105663,Yadavi,Dani,,8459641286,Tezpur,Odisha,2026-05-03 10:46:48
105805,Kamala,Divan,,6577480634,Kochi,Meghalaya,2026-04-15 19:58:57
105808,,Warrior,gautami90@example.com,9061871488,Bally,Punjab,2026-02-28 19:24:15
105819,,Sachdev,irapatel@example.net,7484487360,Bhilai,West Bengal,2026-06-07 19:23:08
105833,,Hari,tsarraf@example.org,6891969857,Howrah,Chhattisgarh,2026-05-20 02:50:52
105875,Adya,Batra,,527276146,Belgaum,Sikkim,2026-03-12 01:46:53
105893,,Khanna,anya06@example.com,6171715315,Sonipat,Arunachal Pradesh,2026-02-04 18:05:41
105896,Balendra,Chaudhari,,6677925367,Navi Mumbai,Jharkhand,2026-05-12 15:20:14
105907,Wishi,Zacharia,,8312003688,Shimoga,Madhya Pradesh,2026-02-08 10:49:31
105916,,Karan,om85@example.com,5655174999,Sasaram,Chhattisgarh,2026-04-02 18:03:44
105962,Samesh,Majumdar,,6160178578,Howrah,Uttarakhand,2026-04-24 13:09:44
105981,,Setty,darshchakraborty@example.com,4740397647,Purnia,Kerala,2026-03-24 02:10:23
106002,Chaaya,Ramaswamy,,3343885451,Tadepalligudem,West Bengal,2026-06-09 12:33:00
106010,Anita,Parmar,,5351210213,Phagwara,Bihar,2026-01-26 11:25:02
106034,Omkaar,Edwin,,7416094004,Mumbai,Uttar Pradesh,2026-01-06 16:18:17
106044,,Sahni,janakidube@example.com,9798626439,Tiruchirappalli,Odisha,2026-01-17 17:20:48
106074,Yoshita,Kant,,1590818384,Indore,Sikkim,2026-02-05 02:27:46
106083,,Yadav,ahujavinaya@example.org,6984977069,Srikakulam,Meghalaya,2026-06-07 21:35:06
106107,Advik,Chad,,9064519487,Raurkela Industrial Township,Punjab,2026-06-03 21:02:30
106113,Vanya,Barman,,3578465838,Satara,Madhya Pradesh,2026-05-12 14:45:57
106158,Ganga,Kata,,5841863484,Jhansi,Maharashtra,2026-05-21 13:40:00
106230,Gopal,Bora,,2869228500,Salem,Tripura,2026-06-07 08:59:25
106252,,Singhal,dayaltanish@example.org,598990569,Kollam,Bihar,2026-04-14 00:38:37
106253,Yashodhara,Tella,,6088680971,Hosur,Maharashtra,2026-06-21 10:57:48
106277,Vasatika,Dhar,,9388805057,Surendranagar Dudhrej,Manipur,2026-01-08 10:33:38
106294,Samarth,Sekhon,,7510721332,Berhampur,Tripura,2026-02-22 11:06:46
106312,Shivansh,Gill,,5075951839,Madhyamgram,Kerala,2026-05-14 01:30:32
106318,Watika,Khurana,,8202884881,Bangalore,Uttarakhand,2026-05-19 02:24:00
106354,,Dutt,shivanirama@example.net,3041176027,Tenali,Uttarakhand,2026-04-02 01:18:56
106356,Warjas,Amble,,4634751650,Kalyan-Dombivli,Bihar,2026-01-29 16:21:52
106360,Pranit,Balan,,2512077796,Madhyamgram,Madhya Pradesh,2026-03-14 18:12:51
106428,,Chawla,pradhanvihaan@example.com,4932607796,Mysore,Uttarakhand,2026-01-16 10:36:30
106456,,Mishra,kohlihamsini@example.com,9926390048,Udupi,Chhattisgarh,2026-01-27 12:51:04
106533,Eesha,Sahota,,1786614064,Guna,Sikkim,2026-04-10 01:24:04
106569,,Subramanian,zaidtak@example.org,4334534741,Berhampore,Nagaland,2026-06-03 20:01:41
106588,,Barad,sathviknair@example.org,3736714884,Nanded,Tamil Nadu,2026-03-24 15:54:41
106595,,Mane,fariq02@example.com,5815034583,Raipur,Tripura,2026-02-17 07:51:03
106603,,Brar,uarora@example.net,3888781147,Jammu,Haryana,2026-05-11 09:44:31
106626,Harrison,Dhingra,,4129408061,Ahmedabad,Andhra Pradesh,2026-03-25 16:46:17
106636,,Lad,jatin07@example.net,9916520695,Proddatur,Punjab,2026-01-02 01:00:11
106665,,Mutti,balhaarmann@example.net,8182848854,Proddatur,Bihar,2026-05-17 20:44:54
106710,Xiti,Suresh,,3393114772,Jalgaon,Jharkhand,2026-05-31 17:21:00
106736,Panini,Loyal,,9849993395,Bhilwara,Himachal Pradesh,2026-03-27 16:18:33
106753,,Gole,dmital@example.org,6152663274,Bijapur,Jharkhand,2026-06-28 18:41:02
106754,,Samra,cbedi@example.com,5429051446,Motihari,Himachal Pradesh,2026-05-26 12:48:37
106758,Manbir,Seth,,2368352114,Srikakulam,Arunachal Pradesh,2026-05-03 13:14:30
106769,Advika,Nadkarni,,4217420241,Bardhaman,Rajasthan,2026-05-25 11:54:30
106776,,Kalla,saumyakala@example.org,7630213552,Sikar,Arunachal Pradesh,2026-05-01 14:28:31
106813,,Jain,aradhanarana@example.net,7517756613,Khandwa,Tamil Nadu,2026-03-25 15:04:14
106830,,Nori,reyanshramakrishnan@example.org,8691115404,Panvel,Chhattisgarh,2026-06-10 14:45:20
106840,Qarin,Bora,,1630977241,Vasai-Virar,Rajasthan,2026-05-14 01:12:22
106855,Faras,Patel,,533208129,Visakhapatnam,Sikkim,2026-05-11 15:23:46
106875,,Bhatt,praneel07@example.net,3795464789,Varanasi,Haryana,2026-04-23 22:38:18
106921,Raagini,Aggarwal,,8222574165,Ozhukarai,Gujarat,2026-01-03 13:11:43
106971,,Kara,quincychada@example.org,1334989496,Amaravati,Maharashtra,2026-05-24 07:14:33
106989,,Parmar,dmunshi@example.net,9322902834,Thrissur,Tamil Nadu,2026-04-03 23:26:08
107029,Yagnesh,Kata,,1259736869,Saharsa,Bihar,2026-05-23 02:17:03
107062,,Srivastava,iryachakrabarti@example.org,6885701472,Bardhaman,Tripura,2026-03-20 16:01:59
107142,Jonathan,Tak,,3941774389,Dehradun,Meghalaya,2026-01-13 08:49:56
107158,Unnati,Memon,,9997862686,Tinsukia,Assam,2026-06-22 01:55:07
107184,,Hari,lekhanadig@example.org,6975164880,Siwan,Karnataka,2026-06-29 12:48:06
107205,Sanya,Borra,,7913070458,Thrissur,Chhattisgarh,2026-02-16 22:48:26
107237,Jyoti,Rege,,4973043057,Vadodara,Tamil Nadu,2026-05-12 15:26:39
107301,,Pau,alkasule@example.net,9466049633,Naihati,Karnataka,2026-05-25 07:10:30
107308,,Manda,qushinatarajan@example.com,5558653106,South Dumdum,Goa,2026-03-19 19:23:57
107333,,Sachdev,ygokhale@example.org,8884659478,Gaya,Telangana,2026-04-26 01:31:51
107347,Dhruv,Kapoor,,1915017515,Purnia,Arunachal Pradesh,2026-06-21 21:58:53
107368,,Gulati,fitan74@example.net,7305926213,Dibrugarh,Gujarat,2026-06-21 19:33:45
107385,Ayush,Kakar,,1223667770,Jhansi,Assam,2026-03-23 09:28:56
107392,Lakshit,Jayaraman,,5013608442,Kishanganj,Himachal Pradesh,2026-04-11 15:43:13
107411,,Singhal,naidupushti@example.org,663415728,Bhagalpur,Odisha,2026-03-07 06:35:15
107420,Balvan,Mangal,,9032669903,Kalyan-Dombivli,Andhra Pradesh,2026-05-17 20:19:12
107421,,Ravi,anamikawagle@example.com,2201687916,Amaravati,Nagaland,2026-02-12 20:43:41
107451,,Nagi,fbali@example.com,3949367003,Jamnagar,Nagaland,2026-02-14 21:20:13
107481,Edhitha,Shetty,,5440091293,Phagwara,Madhya Pradesh,2026-06-15 21:20:07
107486,,Chacko,anjali55@example.com,888676099,Mirzapur,Uttar Pradesh,2026-03-25 03:01:06
107510,,Bhattacharyya,okhare@example.net,2496778458,Bhatpara,Tripura,2026-03-15 13:38:50
107521,,Jani,kumeranirudh@example.org,8039161209,Jhansi,Nagaland,2026-03-12 17:05:33
107527,,Nigam,vedantbasak@example.com,241484391,Hajipur,Gujarat,2026-02-12 19:00:44
107529,Girindra,Sura,,605203117,Bally,Bihar,2026-05-19 17:20:21
107550,,Jain,raojackson@example.net,4071403922,Baranagar,Rajasthan,2026-04-13 19:11:33
107576,Vedika,Sami,,6683106533,Munger,Haryana,2026-04-06 10:41:35
107620,Lila,Bhatia,,8959023257,Rajpur Sonarpur,Odisha,2026-04-07 17:41:23
107632,,Ranganathan,bhattlogan@example.net,7300391465,Etawah,Mizoram,2026-03-05 14:57:57
107644,Bakhshi,Bedi,,9572823198,Singrauli,Meghalaya,2026-02-14 23:02:13
107656,,Naik,zaitrasahni@example.org,157883899,Tadipatri,Telangana,2026-03-17 12:57:33
107665,Watika,Zachariah,,8778379711,Tezpur,Meghalaya,2026-04-16 09:44:50
107717,Omkaar,Prashad,,5187669281,Tiruppur,Karnataka,2026-05-16 15:41:52
107721,,Prakash,itank@example.org,1557484402,Ghaziabad,Tripura,2026-01-29 13:11:21
107746,,Balan,nrajagopalan@example.org,647963063,Bikaner,Arunachal Pradesh,2026-05-11 23:56:40
107818,Anay,Chhabra,,9118540450,Ludhiana,Himachal Pradesh,2026-01-30 12:57:28
107826,,Raval,jeetnagar@example.net,3691949443,Begusarai,Mizoram,2026-02-24 01:44:56
107842,,Bera,baljiwanswamy@example.net,1915332488,Chandrapur,Manipur,2026-06-11 14:30:52
107848,,Palla,amrita80@example.com,7676682916,Bhagalpur,Nagaland,2026-06-19 17:42:16
107861,,Trivedi,,7440589359,Raiganj,Himachal Pradesh,2026-04-19 12:11:34
107880,,Varkey,urvashisaran@example.net,7920115863,Kadapa,Madhya Pradesh,2026-02-27 21:35:36
107901,Varenya,Taneja,,7326439257,Bhilwara,Himachal Pradesh,2026-03-13 08:39:24
107925,,Krishnan,gopaldewan@example.com,6986843111,Ahmednagar,Gujarat,2026-01-08 07:47:55
107939,Hemangini,Taneja,,4160700393,Bhiwani,Goa,2026-04-14 05:06:13
107962,,Varma,singhalnandini@example.org,2858765171,Kanpur,Sikkim,2026-04-17 15:27:33
107966,Chameli,Parikh,,1048855966,Satara,Goa,2026-01-26 16:15:55
107983,Ganga,Bhattacharyya,,5651967081,Bhiwandi,Bihar,2026-04-12 02:46:19
107994,,Kaur,divanwatika@example.org,8043993213,Sri Ganganagar,Odisha,2026-02-21 00:22:13
108003,,Gulati,chaman70@example.com,9931868892,Jodhpur,Rajasthan,2026-06-02 14:52:30
108032,,Sampath,khalsaoviya@example.net,1685585892,Raiganj,West Bengal,2026-02-23 20:34:47
108060,Yuvraj,Biswas,,7389277320,Ujjain,Karnataka,2026-04-23 23:18:07
108084,Krish,Jaggi,,5604992194,Bhilai,West Bengal,2026-06-12 23:35:05
108103,,Ratti,ybaral@example.net,1432715303,Dharmavaram,Tripura,2026-03-06 14:28:41
108108,Ekapad,Yohannan,,8141579455,Belgaum,Meghalaya,2026-06-30 13:36:23
108111,Aashi,Seth,,4050082512,Bulandshahr,Bihar,2026-05-12 08:42:08
108116,,Khatri,onilanka@example.com,3334306403,Kolkata,Maharashtra,2026-04-28 23:07:53
108148,,Khatri,eshana59@example.com,4447783925,Arrah,Gujarat,2026-01-23 22:03:56
108153,Vasudha,Vaidya,,9774703155,Ujjain,Odisha,2026-02-12 12:08:56
108163,Hemani,Raman,,1733495091,Gurgaon,Chhattisgarh,2026-01-26 08:01:07
108176,Pratyush,Dhaliwal,,9736506576,Tiruvottiyur,Telangana,2026-03-21 15:10:05
108187,Devansh,Sahota,,9864031954,Navi Mumbai,Manipur,2026-01-15 19:55:06
108227,Charles,Mohan,,3708255979,Jabalpur,Tripura,2026-06-06 11:21:07
108236,Arya,Pandey,,3424579030,Nangloi Jat,West Bengal,2026-06-24 06:26:11
108266,Mason,Karan,,288698439,Tiruchirappalli,Meghalaya,2026-06-06 12:40:51
108288,Adya,Bajwa,,5206904106,Panipat,Tripura,2026-03-02 11:02:42
108296,,Agate,jagratikhurana@example.org,6853809288,Ambala,Gujarat,2026-02-13 17:19:12
108474,Anamika,Raval,,2850183037,Firozabad,Gujarat,2026-04-08 21:30:22
108490,,Sachar,azadghosh@example.net,2204621497,Madhyamgram,Odisha,2026-02-28 00:30:05
108503,Arin,Sidhu,,7409649025,Madanapalle,Bihar,2026-04-05 09:07:04
108521,,Sunder,yashasvi26@example.org,2299678846,Hajipur,Nagaland,2026-03-06 10:36:27
108573,,Apte,dgrover@example.com,4127280444,Gaya,Manipur,2026-01-09 13:29:04
108575,Siya,Madan,,9357229784,Ozhukarai,Odisha,2026-04-24 17:03:55
108601,,Manne,hsama@example.com,3784707795,Jaunpur,Goa,2026-02-08 03:40:04
108642,Arin,Bera,,8378018444,Coimbatore,Jharkhand,2026-01-18 12:36:57
108663,,Hora,znanda@example.net,9994376045,Eluru,Arunachal Pradesh,2026-03-05 20:06:55
108669,,Salvi,damini43@example.com,9128552328,Kanpur,Chhattisgarh,2026-02-25 13:56:26
108702,,Rout,ipatel@example.com,6472423819,Dhanbad,Arunachal Pradesh,2026-04-22 16:03:43
108714,,Lata,datetimothy@example.com,4641181606,Hazaribagh,Telangana,2026-01-23 20:48:18
108718,Ekansh,Dyal,,1998230083,Medininagar,Tripura,2026-04-19 13:21:26
108727,Yamini,Sibal,,2941485193,Kollam,Rajasthan,2026-05-04 19:46:50
108733,Yoshita,Bahri,,39414486,Tiruchirappalli,Jharkhand,2026-04-30 20:32:56
108738,,Gokhale,manderavni@example.com,3338557134,Rampur,Maharashtra,2026-06-12 20:47:33
108740,Anirudh,Patel,,2673315128,Khandwa,Assam,2026-01-21 20:11:34
108772,,Bhat,,8766048298,Ongole,Himachal Pradesh,2026-01-29 11:52:20
108806,,Tripathi,teerthhalder@example.net,5182715812,Hyderabad,Haryana,2026-03-19 09:08:44
108819,Ekiya,Sabharwal,,4103454202,Satna,Tripura,2026-03-13 13:24:59
108824,Qadim,Kadakia,,4401870666,Khandwa,Karnataka,2026-06-19 09:07:51
108875,Jonathan,Malhotra,,386340852,Aizawl,Manipur,2026-05-26 02:41:03
108879,,Keer,krishatwal@example.com,227448436,Bhalswa Jahangir Pur,Manipur,2026-04-01 22:22:37
108885,Bhanumati,Barad,,4223742022,Motihari,Odisha,2026-06-13 13:02:37
108902,,Bumb,mitterhiral@example.com,6507613137,Bhiwandi,Nagaland,2026-04-07 09:39:28
108944,,Dugal,yashica57@example.org,266202025,Hyderabad,Sikkim,2026-02-03 06:37:11
108946,Indali,Prabhakar,,5031879562,Asansol,Tripura,2026-02-01 19:17:20
108950,Ladli,Barad,,6848774837,Unnao,Tamil Nadu,2026-06-11 09:35:15
108983,,Goel,bhayer@example.com,1694214933,Suryapet,Gujarat,2026-01-07 00:05:14
109034,,Bhatnagar,,9257810650,Raipur,Gujarat,2026-06-11 09:26:23
109119,,Sethi,triptisidhu@example.com,2116640606,Kirari Suleman Nagar,Assam,2026-03-26 09:36:54
109149,,Roy,gpalla@example.com,5061741331,Tezpur,Madhya Pradesh,2026-01-03 18:17:21
109156,Janya,Chaudhari,,3631886864,Durgapur,Bihar,2026-01-26 16:59:07
109173,,Jaggi,abdulpalan@example.net,4907981688,Kanpur,Rajasthan,2026-04-01 22:06:12
109188,Luke,Jaggi,,4501392210,Latur,Nagaland,2026-04-16 05:38:17
109189,Wridesh,Krishna,,3547677482,Bhimavaram,West Bengal,2026-01-05 11:30:28
109194,Neelima,Gera,,2045926581,Jalgaon,Haryana,2026-03-01 06:44:01
109206,,Nadkarni,lopa52@example.com,2824828400,Vijayanagaram,Tripura,2026-05-23 07:53:04
109220,,Garg,rastogiharsh@example.org,9879917900,Dehri,Sikkim,2026-06-26 19:29:35
109221,,Dugal,,5185665295,Coimbatore,Jharkhand,2026-01-01 01:46:27
109256,,Mistry,samble@example.net,1877347750,Gurgaon,Gujarat,2026-04-08 12:46:50
109257,Victor,Sachdeva,,5052400002,Vijayawada,Tamil Nadu,2026-05-22 04:26:34
109295,Varsha,Tripathi,,3574046446,Satara,Maharashtra,2026-06-02 15:54:21
109313,Sarthak,Tank,,7714264743,Karnal,Mizoram,2026-03-13 18:50:15
109344,Viraj,Nayar,,1152339130,Nagpur,Maharashtra,2026-01-09 21:50:48
109385,,Singh,chokshiraghav@example.net,8730958443,Rajpur Sonarpur,Gujarat,2026-06-18 10:23:13
109406,,Chaudhry,hbarman@example.org,1076180228,Sirsa,Chhattisgarh,2026-01-11 18:40:20
109412,Daniel,Memon,,4717949636,Dehradun,Rajasthan,2026-03-26 18:55:36
109440,Prisha,Agarwal,,1931801484,Kadapa,Odisha,2026-01-01 01:54:37
109453,Reyansh,De,,419421325,Ghaziabad,Goa,2026-04-24 17:37:09
109504,Indira,Chopra,,1787464730,Hindupur,Uttar Pradesh,2026-06-11 22:11:43
109515,,Zachariah,rishi15@example.com,1719820074,Dibrugarh,Maharashtra,2026-03-10 12:42:17
109524,,Dugar,vedhikamagar@example.com,7119846835,Sambalpur,Nagaland,2026-06-28 15:20:05
109615,Sneha,Mani,,4741387391,Mysore,Jharkhand,2026-02-16 02:33:36
109622,Adweta,Kunda,,4673864238,New Delhi,Karnataka,2026-01-17 22:11:00
109664,,Kaur,vincent60@example.com,5781146441,Thane,Meghalaya,2026-04-09 08:13:59
109693,Saksham,Patla,,9226034236,Ozhukarai,Bihar,2026-03-08 23:57:39
109743,,Sura,deollipika@example.org,3332432838,Kollam,Manipur,2026-04-05 11:27:37
109771,Jackson,Din,,290192411,Jorhat,Andhra Pradesh,2026-03-13 07:43:41
109776,,Parmar,fnarain@example.net,9894187892,Bidar,Uttarakhand,2026-05-10 02:19:16
109783,Gaurav,Gandhi,,5710999643,Madhyamgram,Arunachal Pradesh,2026-01-09 06:37:20
109853,,Biswas,rajuekta@example.org,2816431997,Kharagpur,Goa,2026-01-23 22:45:47
109865,,Uppal,majumdartanay@example.org,1670811730,Giridih,Haryana,2026-04-15 11:16:52
109887,Karan,Keer,,3727023295,Kanpur,Telangana,2026-06-27 00:58:21
109889,Balveer,Sachar,,448537455,Durgapur,Rajasthan,2026-03-07 04:22:57
109913,,Gala,yug37@example.net,1465406010,Rohtak,Telangana,2026-03-22 15:38:02
109969,Bakhshi,Natarajan,,7253359936,Ozhukarai,Mizoram,2026-03-27 19:47:37
110034,,Misra,fdhawan@example.com,390721694,Chinsurah,Kerala,2026-01-06 15:53:57
110046,,Pau,esahni@example.com,6958176076,Ichalkaranji,Manipur,2026-02-13 07:42:04
110134,Suhani,Ben,,6630860396,Alwar,Arunachal Pradesh,2026-03-14 09:20:22
110139,,Saha,routwarjas@example.net,3621527386,Burhanpur,Bihar,2026-06-19 02:22:15
110148,Jairaj,Pant,,4316736209,Danapur,Telangana,2026-01-31 09:19:56
110151,,Bera,boasevictor@example.org,3579511965,Ranchi,Tamil Nadu,2026-01-25 20:24:31
110163,,Bhavsar,vihaan67@example.org,1919878000,Coimbatore,Odisha,2026-05-11 05:56:20
110190,,Soman,david34@example.org,6153972724,Sri Ganganagar,West Bengal,2026-01-27 11:07:16
110254,Lucky,Palla,,5468800668,Akola,West Bengal,2026-05-08 22:28:04
110265,,Handa,kamdaraditya@example.org,9666443517,Mangalore,Tamil Nadu,2026-05-20 17:22:40
110271,,Mistry,karpevivaan@example.com,3719083270,Pondicherry,Uttarakhand,2026-02-06 22:04:10
110283,Yug,Bail,,5496677999,Hospet,Karnataka,2026-05-26 00:37:48
110316,Inaya,Sachdeva,,5541006824,Aurangabad,Goa,2026-05-15 11:43:10
110390,Krishna,Dada,,4864404529,Satna,Manipur,2026-01-24 17:34:49
110443,Rehaan,Saraf,,6641274626,Amritsar,Manipur,2026-02-05 16:03:49
110453,,Sinha,ayaan16@example.org,7447295621,Ratlam,Assam,2026-01-29 23:17:55
110492,Raghav,Sama,,2924089354,Dehradun,Mizoram,2026-01-11 20:42:50
110522,,Guha,hamsinidhillon@example.net,937684452,Sangli-Miraj & Kupwad,Uttar Pradesh,2026-04-06 15:48:10
110535,,Bava,itella@example.com,5124686968,Malegaon,Himachal Pradesh,2026-05-02 07:29:37
110540,,Sandhu,pushtipandit@example.net,7278856060,Amaravati,Arunachal Pradesh,2026-01-29 08:54:49
110648,,Baria,nbrar@example.com,7829223530,Tirunelveli,Karnataka,2026-01-22 09:55:37
110651,Frado,Iyengar,,75311037,Nanded,Jharkhand,2026-02-13 03:02:27
110654,,Kaur,wdada@example.net,8894495392,Uluberia,Bihar,2026-02-23 07:56:10
110712,,Chahal,charitavarughese@example.org,5410463626,Sirsa,Maharashtra,2026-05-09 12:46:57
110757,,Sibal,jayaramantara@example.net,9110846783,Gandhinagar,Jharkhand,2026-03-12 07:20:37
110841,,Minhas,adave@example.com,2865525444,Karimnagar,Gujarat,2026-03-31 12:35:28
110858,Chakradhar,Kar,,9129346360,Lucknow,Chhattisgarh,2026-03-21 16:25:22
110865,,Suresh,nimratkapoor@example.net,1848350838,Bhind,Manipur,2026-02-24 21:10:45
110877,,Baria,munshigautam@example.com,9742172600,Chapra,Nagaland,2026-05-21 15:27:14
110894,Daksha,Divan,,564517259,Guwahati,Uttar Pradesh,2026-04-18 11:35:31
110899,Gopal,Pingle,,3112556812,Machilipatnam,Chhattisgarh,2026-04-30 02:14:18
110917,,Varty,dubeychandran@example.com,7196527243,Srikakulam,Tamil Nadu,2026-05-31 13:05:51
110918,,Natarajan,brahmbhattyatin@example.net,8399741932,Rourkela,Rajasthan,2026-01-24 09:17:52
110979,,Prasad,rchaudhari@example.com,6386924217,Panvel,Maharashtra,2026-04-24 21:21:36
111115,Aarna,Ravi,,3066324689,Sikar,Madhya Pradesh,2026-05-29 03:47:09
111119,Timothy,Saxena,,1648430311,Burhanpur,Manipur,2026-05-06 08:19:49
111167,,Khosla,ybhatt@example.net,3119349108,Kochi,Karnataka,2026-02-15 22:20:47
111191,,Date,umangbandi@example.com,9858257911,Farrukhabad,Chhattisgarh,2026-05-19 22:08:47
111305,Aarav,Muni,,8890470674,Sirsa,Odisha,2026-01-30 21:55:46
111333,Vanya,Swaminathan,,4019780423,Thrissur,Jharkhand,2026-05-07 14:38:26
111340,,Bal,sunderdipta@example.net,4591191803,Chandigarh,Tripura,2026-02-02 00:13:09
111349,,Bhalla,krishpandey@example.com,6913092984,Bally,Uttarakhand,2026-03-05 23:14:49
111358,Dipta,Das,,1127760981,Karawal Nagar,Haryana,2026-04-14 04:07:31
111445,Lajita,Butala,,1697329255,Bhiwandi,Kerala,2026-01-02 10:02:11
111459,,Johal,abandi@example.com,8807254114,Chapra,Meghalaya,2026-04-12 15:31:59
111476,Urvi,Goda,,5605783195,Ambarnath,Uttarakhand,2026-01-23 04:08:47
111523,Omaja,Mohanty,,6077172931,Jodhpur,West Bengal,2026-05-21 01:34:07
111546,Matthew,Bedi,,5186906069,Arrah,Chhattisgarh,2026-01-01 20:09:55
111584,Balveer,Arya,,1363943254,Sangli-Miraj & Kupwad,Maharashtra,2026-01-14 14:11:25
111588,,Sibal,harita12@example.com,5076065971,Purnia,Karnataka,2026-06-05 03:42:47
111628,,Choudhary,tailorharita@example.org,5957077499,Bettiah,Andhra Pradesh,2026-01-25 07:33:25
111632,Gautami,Narula,,8473079242,Kozhikode,Tamil Nadu,2026-06-06 11:38:59
111641,Megha,Yohannan,,1462161659,Mango,Punjab,2026-03-05 15:41:46
111645,Rehaan,Bora,,2386495465,Barasat,Himachal Pradesh,2026-01-18 10:07:02
111672,Ekiya,Uppal,,941678814,Srikakulam,Mizoram,2026-05-10 01:23:33
111697,Barkha,Khanna,,5892319602,Kirari Suleman Nagar,Mizoram,2026-02-20 02:11:21
111721,Lipika,Magar,,6552193918,Baranagar,Uttarakhand,2026-04-04 19:27:09
111778,,Master,saiboase@example.net,7710251913,Muzaffarpur,Telangana,2026-06-27 17:34:04
111804,Manthan,Lal,,3246856519,Gulbarga,Himachal Pradesh,2026-01-08 11:10:14
111839,Ridhi,Rao,,3045846498,Haridwar,Assam,2026-01-12 07:23:31
111847,Liam,Shere,,4727553401,Ahmednagar,Meghalaya,2026-06-26 08:38:19
111908,,Sabharwal,widisha24@example.com,2388732782,Kulti,Tripura,2026-03-14 02:51:23
111927,Darsh,Jha,,7757690237,Tinsukia,Karnataka,2026-03-13 20:51:01
111929,,Bava,ekashyap@example.com,3468210839,Lucknow,Andhra Pradesh,2026-03-17 05:33:19
111955,,Suri,ahluwaliaadvaith@example.org,1460102876,Vijayawada,Telangana,2026-05-26 00:38:21
111965,Veda,Lall,,4099072310,Srikakulam,Uttarakhand,2026-05-29 18:39:08
111975,Nitesh,Goda,,1846153062,Bijapur,Chhattisgarh,2026-03-24 12:02:53
112040,Yashvi,Saraf,,5492746831,Saharanpur,West Bengal,2026-03-23 23:22:01
112050,Vaishnavi,Sule,,5789984564,Kurnool,Mizoram,2026-04-05 05:04:35
112056,,Sankar,ekavirkhanna@example.org,3978459217,Amravati,Chhattisgarh,2026-05-29 22:33:58
112060,,Kuruvilla,omkaarsanghvi@example.com,114373064,Tadipatri,Meghalaya,2026-05-07 05:51:17
112083,Kala,Dass,,7310290102,Kota,Maharashtra,2026-01-16 18:55:13
112146,,Badal,memonlipika@example.com,5175870701,Kota,Nagaland,2026-04-24 20:18:29
112167,,Shah,gautami03@example.net,9783621182,Miryalaguda,Maharashtra,2026-05-06 22:14:45
112191,,Sood,aryaudant@example.com,182670157,Vadodara,Odisha,2026-05-07 00:11:46
112336,Laban,Majumdar,,3443024042,Rohtak,Uttar Pradesh,2026-01-23 22:34:27
112360,,Dayal,gabalekha@example.com,3301001441,Jammu,Telangana,2026-04-10 05:41:21
112361,,Mani,darsh30@example.org,9952658971,Gaya,West Bengal,2026-03-08 19:35:15
112368,Mason,Naidu,,5519523010,Katihar,Tamil Nadu,2026-02-05 09:01:46
112400,,Chakrabarti,,4277343475,Imphal,Himachal Pradesh,2026-03-07 10:55:53
112424,Reva,Gade,,5871885259,Jammu,Nagaland,2026-02-20 05:50:16
112435,Nitesh,Mani,,7366650397,Ozhukarai,West Bengal,2026-04-02 12:27:02
112436,Rajeshri,Prasad,,3901887941,Kishanganj,Kerala,2026-05-15 00:58:04
112448,Hredhaan,Warrior,,4165461444,Bidar,Andhra Pradesh,2026-05-03 02:24:50
112459,,Korpal,qraman@example.com,4728611922,Suryapet,Odisha,2026-04-22 17:42:26
112461,,Wason,pallavi28@example.com,4598761582,Bhind,Kerala,2026-03-13 04:09:02
112497,Ekbal,Anand,,4470848587,Rajkot,Goa,2026-05-10 20:47:02
112510,Vedika,Puri,,9998210568,Agartala,Goa,2026-05-21 15:05:23
112534,,Raval,balhaar30@example.com,8973628334,Shahjahanpur,Karnataka,2026-06-27 01:16:37
112589,,Devan,masonbhat@example.com,695779795,Jhansi,Himachal Pradesh,2026-02-28 17:14:57
112601,,Soman,janani01@example.net,7955302288,Varanasi,Meghalaya,2026-02-17 02:47:48
112607,Harsh,Pillai,,3360987205,Saharanpur,Rajasthan,2026-05-13 00:27:01
112615,Zaitra,Mann,,2971529848,Silchar,Sikkim,2026-05-25 18:49:35
112645,,Shah,jayaramangabriel@example.org,3766706073,Srinagar,Uttar Pradesh,2026-05-27 03:48:06
112669,,Kakar,lucky69@example.net,357625472,Jammu,Kerala,2026-05-29 08:11:44
112675,Nicholas,Guha,,8584563871,Begusarai,Odisha,2026-05-11 07:57:56
112697,Ladli,Gera,,7435402517,Bulandshahr,Bihar,2026-06-10 16:45:42
112700,Ishaan,Bava,,6099683202,Ambattur,Jharkhand,2026-03-26 09:32:38
112723,,Ramachandran,,4450845817,Chapra,Mizoram,2026-01-03 22:12:45
112779,Daniel,Mukhopadhyay,,9728119809,Kumbakonam,Odisha,2026-06-07 01:09:13
112796,,Nagar,oni79@example.net,5537894807,Guna,Andhra Pradesh,2026-01-24 17:29:13
112803,,Gole,yahvi33@example.com,6790134077,Nadiad,Andhra Pradesh,2026-06-04 14:33:09
112805,Chandresh,Balay,,6584815487,Shahjahanpur,Punjab,2026-06-09 11:33:39
112824,Ikbal,Pant,,5249705955,Chittoor,Sikkim,2026-05-14 10:49:25
112870,,Shere,doctordamyanti@example.net,6983823672,Ambarnath,Sikkim,2026-05-06 16:32:58
112882,Tejas,Keer,,9079290430,Bangalore,Bihar,2026-01-04 17:19:47
112908,Alexander,Chawla,,9273580764,Katni,Haryana,2026-04-28 18:21:34
112948,Gagan,Naidu,,978916682,Dehradun,Karnataka,2026-01-04 11:37:52
112984,Vinaya,Bhatt,,8482650045,Gurgaon,Assam,2026-01-18 12:38:35
113021,Maanav,Khanna,,963348378,Gaya,Nagaland,2026-02-16 19:09:59
113029,Tarak,Sankaran,,6798335156,Anand,West Bengal,2026-01-25 06:31:22
113070,,Kaul,lrau@example.org,8073308041,Mirzapur,Haryana,2026-02-22 00:32:25
113081,,Pandya,harrison95@example.com,6602783633,Saharsa,Bihar,2026-02-14 07:43:34
113084,Naveen,Rattan,,591926761,Srikakulam,Tamil Nadu,2026-06-20 13:13:09
113102,Damyanti,Sundaram,,9830560912,Saharsa,Telangana,2026-03-30 10:57:28
113131,Robert,Muni,,2367056238,Faridabad,Haryana,2026-01-24 17:57:24
113154,Jatin,Kar,,1606340560,Bharatpur,Bihar,2026-06-02 04:39:42
113175,,Barad,regepanini@example.net,580347161,Tirunelveli,Rajasthan,2026-05-11 12:17:02
113185,,Gera,amaira21@example.org,9039709292,Bahraich,Uttarakhand,2026-02-09 20:08:11
113247,,Bassi,jbhatti@example.com,4211419999,Karnal,Nagaland,2026-01-22 10:28:32
113297,Vyanjana,Sen,,5636441183,Satara,Himachal Pradesh,2026-01-27 23:56:22
113351,,Hari,shaurya18@example.org,2150450976,Bally,Odisha,2026-04-23 22:23:21
113365,,Gandhi,januja33@example.org,730772257,Panihati,Arunachal Pradesh,2026-06-10 13:08:25
113368,Manya,Chopra,,3243242614,Ulhasnagar,Assam,2026-03-19 13:44:23
113390,,Dara,xnatarajan@example.org,6630477271,Hindupur,Rajasthan,2026-02-21 19:43:22
113415,,Seshadri,utkarshbhatti@example.com,9570216860,Noida,Tripura,2026-01-08 19:55:27
113424,Gauri,Sarin,,5217424894,Chittoor,Haryana,2026-06-17 09:48:37
113456,Faqid,Lall,,9096321652,Rajahmundry,Uttar Pradesh,2026-04-17 02:03:42
113464,,Bahl,sawhneyadweta@example.com,2350142326,Bhiwandi,West Bengal,2026-06-21 22:11:16
113496,,Borah,kaigole@example.com,5124211716,Junagadh,Sikkim,2026-04-24 15:50:41
113543,Wahab,Mistry,,1113092188,Howrah,Arunachal Pradesh,2026-03-02 13:14:28
113545,,Kuruvilla,rishi28@example.net,6022097953,Raurkela Industrial Township,West Bengal,2026-03-21 09:58:28
113604,Krish,Dayal,,9040316351,Thane,Sikkim,2026-03-12 02:19:30
113644,Panini,Setty,,6993561686,Uluberia,Andhra Pradesh,2026-06-10 15:20:16
113683,,Memon,srivastavafinn@example.org,1961042560,Avadi,Tripura,2026-03-13 16:33:57
113695,,Karnik,sekhonanirudh@example.com,2838918416,Srinagar,Assam,2026-06-01 09:17:52
113701,Banjeet,Krish,,930960751,Karnal,Arunachal Pradesh,2026-01-31 04:50:17
113714,,Baral,gayathri76@example.net,1046308339,Nagercoil,Goa,2026-02-10 15:38:52
113732,,Lad,krish31@example.net,4520872264,Bathinda,Tamil Nadu,2026-01-08 13:33:58
113737,,Mital,nandageorge@example.org,515997580,Hospet,West Bengal,2026-04-08 15:53:43
113778,Zayan,Deep,,2164093038,Madurai,Tamil Nadu,2026-05-23 03:21:09
113779,Mitali,Sodhi,,915822845,Mirzapur,Himachal Pradesh,2026-01-03 00:26:08
113788,,Pall,baljiwan03@example.net,9278539298,Satna,Meghalaya,2026-02-07 14:34:34
113824,Michael,Atwal,,6836122938,Sonipat,Chhattisgarh,2026-05-29 13:12:35
113827,Balvan,Prashad,,5982813590,Patna,Maharashtra,2026-03-22 17:38:59
113837,Alka,Kohli,,2642138901,Jhansi,Bihar,2026-01-11 19:08:32
113840,,Ganguly,urishilla60@example.com,2094096758,Hospet,Haryana,2026-06-01 21:51:32
113882,,Murthy,amrutalanka@example.net,6357205631,Tirunelveli,Andhra Pradesh,2026-02-26 23:53:57
113905,Vasatika,Hayer,,6689389444,Surendranagar Dudhrej,Sikkim,2026-04-16 19:22:12
113925,,Bhatnagar,indira22@example.com,1722388410,Nandyal,Punjab,2026-03-07 18:59:31
113929,Abhiram,Ganguly,,801823406,Gwalior,Sikkim,2026-05-10 16:43:29
113934,,Gupta,jyotiupadhyay@example.com,5470340544,Nagercoil,Uttar Pradesh,2026-02-09 05:50:04
113938,Anamika,Rai,,6026724734,Delhi,Punjab,2026-01-04 07:48:23
113941,,Kara,tseth@example.net,8206920877,Dhanbad,Tamil Nadu,2026-06-03 06:59:06
113944,,Sethi,rkala@example.org,1619219956,Sikar,West Bengal,2026-04-13 16:07:21
113956,,Basu,kumarwridesh@example.net,5765663778,Bally,Bihar,2026-06-09 08:52:31
113977,Daksh,Bath,,1945761602,Jalgaon,Goa,2026-02-25 11:14:37
113987,,Ben,chandani22@example.com,3331944645,Belgaum,Andhra Pradesh,2026-02-08 21:29:26
114016,,Badal,tamanna78@example.com,5568883925,Imphal,Uttarakhand,2026-01-30 10:50:23
114019,,Pandey,gchoudhury@example.com,1783101012,Ghaziabad,Nagaland,2026-02-09 03:16:34
114036,Farhan,Vig,,3100858567,Nizamabad,Tamil Nadu,2026-05-01 22:00:09
114041,Veda,Venkatesh,,5803883869,Hajipur,Sikkim,2026-05-02 22:44:11
114052,Vansha,Cherian,,2028529414,Aizawl,Bihar,2026-02-09 00:58:19
114074,,Dugal,madhavbhatia@example.com,9413833815,Hubli–Dharwad,Andhra Pradesh,2026-03-16 17:18:07
114079,Mohini,Oommen,,9444135285,Orai,Gujarat,2026-01-22 11:26:57
114093,Wyatt,Konda,,9732374978,Dhule,Tripura,2026-01-07 04:54:39
114100,Neel,Bir,,7814917818,Srikakulam,Uttarakhand,2026-01-08 12:03:49
114111,Isha,Padmanabhan,,6504344786,Mumbai,Tripura,2026-01-03 04:47:02
114117,,Rajan,gsaxena@example.net,7893784329,Kottayam,Jharkhand,2026-04-03 11:34:57
114199,Ishanvi,Sethi,,874516027,Ludhiana,Kerala,2026-04-28 20:46:29
114233,,Dada,kalitaorinder@example.com,567710353,Noida,Tamil Nadu,2026-03-26 07:18:36
114282,,Singhal,luthradhriti@example.org,4611705152,Eluru,Assam,2026-03-30 01:07:44
114283,Irya,Rajagopal,,6503694684,Noida,Rajasthan,2026-04-12 00:32:24
114346,Bhanumati,Varghese,,8276344904,Nadiad,Madhya Pradesh,2026-05-14 05:12:54
114391,,Dar,dhillonnachiket@example.net,9791004684,Saharanpur,Odisha,2026-04-07 02:48:15
114410,Janaki,Kaul,,2011200812,Chittoor,Haryana,2026-03-03 16:22:37
114413,Ethan,Master,,6870983828,Raiganj,Bihar,2026-02-15 23:49:06
114431,Mugdha,Chopra,,4390691784,Gandhinagar,Rajasthan,2026-01-16 09:15:07
114478,Shivansh,Dube,,6470375687,Kottayam,Madhya Pradesh,2026-01-11 05:21:14
114483,,Pandya,rayaansaxena@example.org,8221496424,Aurangabad,Odisha,2026-05-01 18:46:26
114524,,Bhatia,aarushmadan@example.com,8675312159,Aurangabad,Manipur,2026-01-05 17:37:02
114528,Avni,Bhandari,,3527937052,Thane,West Bengal,2026-03-25 11:56:30
114633,,Patel,divya01@example.org,2955222086,Udupi,Haryana,2026-06-26 08:28:46
114649,,Manda,fsanghvi@example.com,3677733190,Loni,Mizoram,2026-01-22 07:32:55
114693,,Dalal,nazaretharjun@example.org,9811574339,Mango,Karnataka,2026-04-19 17:38:53
114722,,Swaminathan,rachitgarde@example.com,9804222257,Rewa,Maharashtra,2026-03-11 05:09:21
114740,Nachiket,Grewal,,4297739921,Nanded,Gujarat,2026-02-17 01:38:40
114789,Turvi,Buch,,1754836724,Morbi,Mizoram,2026-02-27 14:39:27
114792,,Basu,darpanluthra@example.org,9793593528,Avadi,Odisha,2026-04-23 13:17:21
114907,Ekantika,Chatterjee,,9804463151,North Dumdum,West Bengal,2026-01-23 14:21:11
114929,Hritik,Wason,,9503664525,Bhiwani,Haryana,2026-01-19 16:58:51
114942,,Hans,dyalbrijesh@example.org,8753422418,Tezpur,Kerala,2026-01-31 14:28:38
114974,,Wali,ihanda@example.com,8175586463,Sasaram,Manipur,2026-01-01 00:23:51
114993,,Chakrabarti,jeremiahkaur@example.net,3162039161,Jehanabad,Punjab,2026-06-23 20:38:11
114994,,Date,dewanharish@example.net,131208776,Uluberia,Mizoram,2026-02-15 13:19:42
114995,Ekaja,Bhatt,,6006407848,Secunderabad,West Bengal,2026-05-31 07:44:51
115016,,Borah,wvohra@example.org,7794370423,Alwar,Andhra Pradesh,2026-04-21 15:38:02
115063,,Balan,bordeharsh@example.com,9167321412,Saharanpur,Chhattisgarh,2026-01-15 16:09:33
115067,,Pant,maanaschoudhury@example.com,9627708739,Vadodara,West Bengal,2026-03-10 04:37:55
115076,Udant,Char,,6922090795,Shimoga,Nagaland,2026-05-04 00:19:52
115077,,Prashad,dsinha@example.org,8874459174,Tadepalligudem,Madhya Pradesh,2026-05-27 00:01:31
115098,,Varty,taraeta@example.net,1459298737,Agartala,Odisha,2026-04-07 09:54:42
115122,Harish,Balasubramanian,,3629657062,Shivpuri,Bihar,2026-05-04 10:29:44
115160,,Iyengar,michaeldua@example.org,9471537344,Siliguri,Rajasthan,2026-02-04 20:36:59
115163,David,Badami,,5467696045,Vadodara,Gujarat,2026-02-11 13:47:02
115213,,Subramanian,ysani@example.net,4051569955,Phusro,Maharashtra,2026-05-21 02:29:33
115265,Udant,Grover,,5396998604,Tiruvottiyur,Jharkhand,2026-06-22 02:33:57
115326,Andrew,Seshadri,,1375020171,Avadi,Uttar Pradesh,2026-05-10 20:21:40
115334,,Rajan,msibal@example.com,9737579804,Kota,Mizoram,2026-06-10 11:36:36
115344,Forum,Bera,,1865920880,North Dumdum,Sikkim,2026-03-21 16:33:54
115353,,Doctor,psridhar@example.com,8304489873,Mira-Bhayandar,Karnataka,2026-06-16 01:31:21
115361,,Sem,ekhalsa@example.net,1963095836,Aurangabad,Kerala,2026-05-20 03:04:29
115362,Wishi,Goel,,1813016447,Bidhannagar,Sikkim,2026-02-16 14:41:21
115363,Chatura,Mohan,,4906989221,Gandhinagar,Maharashtra,2026-04-20 14:06:49
115370,,Gill,advaith17@example.net,1601598843,Panihati,Nagaland,2026-02-22 14:01:31
115371,,Saran,fmohanty@example.com,8178488958,Alwar,Manipur,2026-03-01 08:07:51
115405,Riya,Minhas,,4978423706,Mathura,Nagaland,2026-04-29 12:07:15
115414,,Rao,vrishtipal@example.net,2294733624,Jodhpur,Haryana,2026-01-26 19:20:23
115428,Netra,Toor,,9640165892,Gurgaon,Punjab,2026-03-16 05:59:47
115515,,Kapoor,ashah@example.org,9141180438,Jaunpur,Tripura,2026-02-25 01:11:00
115539,,Sama,kala82@example.com,606058841,Anantapur,Arunachal Pradesh,2026-05-09 13:33:53
115569,,Bhagat,dkade@example.net,1211520959,Gangtok,Himachal Pradesh,2026-01-18 20:23:11
115583,,Choudhary,libnibahl@example.org,6602119830,Parbhani,Uttarakhand,2026-05-30 21:19:14
115586,Noah,Sharma,,3108599491,Bhopal,Manipur,2026-05-04 21:15:32
115600,Hiral,Vaidya,,8897310092,Rajpur Sonarpur,Andhra Pradesh,2026-04-12 20:24:02
115626,,Vig,anirudhtiwari@example.com,9922115543,Malda,Gujarat,2026-06-29 23:32:43
115647,Zehaan,Dewan,,5336298537,Nagaon,Meghalaya,2026-05-10 12:34:40
115680,Darpan,Saraf,,4011059359,Malegaon,Bihar,2026-03-06 02:52:15
115689,,Badal,yoshita49@example.org,9013567336,Narasaraopet,Gujarat,2026-05-03 06:56:47
115742,,Khanna,sarthak71@example.com,7835716470,Amritsar,Tripura,2026-06-19 23:22:59
115745,Omaja,Suri,,3776168157,North Dumdum,Odisha,2026-01-25 10:35:43
115753,,Ram,isaac80@example.net,125349366,Bharatpur,Goa,2026-05-21 21:58:23
115764,,Joshi,wmallick@example.org,3974264028,Faridabad,Bihar,2026-05-13 20:20:28
115791,,Oommen,bakhshi52@example.com,4598699257,Tiruppur,Goa,2026-06-24 04:26:59
115805,William,Bhavsar,,1405767228,Sangli-Miraj & Kupwad,Jharkhand,2026-01-28 22:26:08
115831,,Chawla,virkluke@example.com,2789676105,Saharanpur,Rajasthan,2026-02-11 04:24:48
115854,,Sodhi,ranveer96@example.com,725704362,Sultan Pur Majra,Gujarat,2026-02-17 07:15:51
115861,Aarav,Yohannan,,8605477918,Munger,Haryana,2026-02-19 13:38:18
115873,Pushti,Deshmukh,,4348555458,Madhyamgram,Kerala,2026-06-20 07:15:59
115894,Sarthak,Batra,,7367987859,Anand,Manipur,2026-06-13 05:43:39
115985,,Dhawan,nandawarda@example.net,1517087664,Jamnagar,Madhya Pradesh,2026-06-11 23:01:54
115992,,Dani,khalsavritti@example.net,3666878528,Ahmedabad,Bihar,2026-06-28 14:01:33
115993,,Trivedi,jmangal@example.org,7626273173,Gangtok,Uttar Pradesh,2026-01-12 05:55:18
116039,,Viswanathan,paizansi@example.com,9101291178,Hapur,Tamil Nadu,2026-04-05 20:08:46
116041,Zaid,Samra,,4601852163,Sonipat,Karnataka,2026-01-23 02:25:54
116108,,Mammen,rmadan@example.org,3188679607,Anand,Jharkhand,2026-04-09 07:24:29
116140,,Pingle,iswaminathan@example.net,3494414833,Kamarhati,Punjab,2026-05-24 09:00:37
116217,Ranveer,Thakur,,2360615512,Medininagar,Sikkim,2026-04-21 14:24:38
116239,Harinakshi,Hari,,8211446248,Nashik,Nagaland,2026-01-22 16:52:02
116251,,Rau,balakrishnanharinakshi@example.org,1140386984,Bahraich,Assam,2026-06-12 17:57:11
116293,,Chanda,yatantata@example.net,439422046,Haldia,Telangana,2026-01-11 16:56:28
116294,Azaan,Wagle,,4305844139,Chinsurah,Odisha,2026-04-01 00:15:58
116303,,Zacharia,bhavani67@example.net,5160889802,Ballia,Andhra Pradesh,2026-02-16 23:45:10
116330,,Chakraborty,settylopa@example.org,2233702424,Srinagar,Andhra Pradesh,2026-05-12 14:34:56
116344,,Pall,gaurangiiyengar@example.com,8357546404,Muzaffarnagar,Uttarakhand,2026-06-25 07:10:26
116357,Liam,Wadhwa,,8367598073,Arrah,Mizoram,2026-05-24 19:00:17
116388,Balveer,Baria,,7924087005,Korba,West Bengal,2026-02-01 14:05:13
116402,,Mody,hgokhale@example.com,8622463386,Dehri,Himachal Pradesh,2026-02-12 19:26:33
116425,Champak,Raman,,2499290668,Udaipur,Maharashtra,2026-02-11 16:00:35
116457,,Wali,ridhi91@example.net,8528456015,Hindupur,Maharashtra,2026-06-19 12:31:52
116464,Michael,Lall,,1620443303,Panihati,Chhattisgarh,2026-04-15 08:37:14
116518,Samuel,Dhawan,,9877469467,Mathura,West Bengal,2026-04-12 07:49:05
116560,Nathan,Khatri,,624455288,Dewas,Telangana,2026-04-03 19:41:03
116611,Dipta,Pandey,,35031319,Tirupati,Sikkim,2026-01-27 13:29:28
116691,,Comar,devangopal@example.com,4741807317,Gandhidham,Mizoram,2026-02-25 04:06:09
116710,,Chokshi,saraiyer@example.org,6588162690,Buxar,Bihar,2026-05-18 15:31:56
116815,Deepa,Narayan,,5328546619,Guna,Mizoram,2026-06-01 14:14:21
116832,Libni,Tripathi,,8632818799,Ludhiana,Goa,2026-01-25 07:35:17
116835,,Bora,rlalla@example.net,1459400047,Tinsukia,Punjab,2026-02-02 09:12:55
116836,Lajita,Srinivas,,3201419376,Morbi,Maharashtra,2026-06-21 10:29:42
116895,Falak,Saraf,,1944436873,Bhiwani,Karnataka,2026-06-02 08:38:24
116926,Anya,Borah,,5148717656,Gandhinagar,Madhya Pradesh,2026-02-18 10:23:30
116933,,Bir,ksavant@example.net,2347417526,Panchkula,Haryana,2026-01-13 09:46:42
116960,,Nayar,kiaanvarughese@example.com,9148082758,Tadepalligudem,Jharkhand,2026-03-24 05:57:48
116972,,Atwal,gcomar@example.com,8451929362,Bidhannagar,Jharkhand,2026-02-10 15:07:02
116984,Hredhaan,Rana,,723382868,Patiala,Meghalaya,2026-03-29 08:03:50
117008,Aadhya,Garde,,8769757400,Rajpur Sonarpur,Tamil Nadu,2026-03-08 10:59:35
117018,,Joshi,kaurgopal@example.net,1417219389,Meerut,Andhra Pradesh,2026-06-08 11:53:05
117019,,Doshi,zkala@example.com,1127497656,Jamalpur,Goa,2026-02-10 09:59:19
117021,,Bhatia,zayyanmall@example.com,8340190873,Phusro,Nagaland,2026-03-14 00:07:32
117060,,Thaman,michaelbalakrishnan@example.com,162169008,Durgapur,Nagaland,2026-01-15 20:18:00
117114,Jack,Srinivas,,6637909572,Ratlam,Odisha,2026-05-17 12:27:23
117133,,Mitra,chandertriveni@example.org,1622178606,Howrah,Odisha,2026-01-07 05:24:02
117135,Nimrat,Gade,,9677823220,Tumkur,Sikkim,2026-05-21 18:28:47
117168,Anya,Bhattacharyya,,319360699,Delhi,Nagaland,2026-02-14 15:39:10
117182,,Dey,,5336763226,Ahmedabad,Nagaland,2026-04-26 16:33:39
117202,Christopher,Gola,,9639779456,Khammam,Mizoram,2026-06-09 00:52:46
117231,,Bhatia,shaaarav@example.org,3702514409,Nadiad,Tripura,2026-01-27 02:10:14
117239,,Lata,wchandra@example.com,2774736074,Sagar,Assam,2026-05-08 09:08:04
117262,,Sidhu,zarna12@example.net,324588668,Hosur,Uttar Pradesh,2026-02-03 09:21:20
117337,,Ganguly,sainiekbal@example.org,2879331761,Ambattur,Haryana,2026-03-24 21:04:08
117347,Tanmayi,Kapoor,,3303919985,Bally,Bihar,2026-03-23 23:47:36
117378,,Chaudhary,sdora@example.com,6290751526,Firozabad,Maharashtra,2026-05-15 06:08:09
117398,Tanish,Rao,,6000727581,Kottayam,Uttarakhand,2026-03-08 09:15:15
117465,,Karpe,priyanagy@example.net,7211366138,Haldia,Mizoram,2026-04-23 13:10:55
117486,,Devan,eiravati03@example.net,4717703965,Aurangabad,Bihar,2026-06-01 17:51:36
117501,,Savant,qsampath@example.net,814131956,Danapur,Madhya Pradesh,2026-02-01 17:36:35
117530,Isha,Lanka,,4838829927,Jabalpur,Telangana,2026-03-24 21:24:11
117545,Victor,Chauhan,,8175012200,Vijayawada,Manipur,2026-02-04 19:58:11
117547,,Raja,meghanabava@example.com,6424263620,Anantapuram,Maharashtra,2026-04-13 13:59:10
117566,,Johal,ekavirmangal@example.com,4097092836,Burhanpur,Odisha,2026-05-14 17:29:54
117586,Aachal,Bansal,,1990860552,Kurnool,Sikkim,2026-02-09 19:47:26
117588,,Rajan,ekaja08@example.org,9429621708,Sasaram,Rajasthan,2026-03-27 07:38:40
117625,,Patel,harish78@example.com,641465472,Karawal Nagar,Jharkhand,2026-04-22 06:22:06
117641,,Narula,chandani64@example.com,6114256555,Jhansi,Manipur,2026-04-13 07:25:19
117656,Anirudh,Gade,,7070825044,Madanapalle,Assam,2026-05-07 04:16:39
117691,Warhi,Balan,,3703700149,Meerut,Sikkim,2026-04-15 15:22:40
117705,,Sharma,joshua96@example.org,8036430926,Jodhpur,Bihar,2026-06-23 17:50:50
117711,Chaitanya,Chatterjee,,7549034425,Yamunanagar,Kerala,2026-04-15 03:53:41
117778,,Chakrabarti,qabilraj@example.net,4916339500,Saharanpur,Gujarat,2026-01-16 06:07:23
117789,Dalbir,Mander,,9952044824,Morbi,Bihar,2026-06-30 19:06:44
117793,Mitesh,Salvi,,7292501979,Sambalpur,Telangana,2026-01-11 02:01:01
117803,,Magar,esabharwal@example.com,1250470241,Bongaigaon,Assam,2026-03-22 06:29:39
117833,Fitan,Bakshi,,3789597511,Sangli-Miraj & Kupwad,Himachal Pradesh,2026-01-22 18:26:22
117932,Xiti,Devi,,442774984,Barasat,Nagaland,2026-06-23 06:58:21
117969,,Mallick,mandavidhi@example.com,534699560,Ludhiana,Andhra Pradesh,2026-04-14 17:29:56
117994,Vaishnavi,Kale,,3000712070,Cuttack,Arunachal Pradesh,2026-03-25 10:57:25
118049,Kashvi,Parmer,,4373963481,Sangli-Miraj & Kupwad,Uttar Pradesh,2026-06-02 19:03:12
118073,Gayathri,Gera,,2456788959,Avadi,Assam,2026-03-04 19:33:49
118151,,Pandit,joshipratyush@example.net,7402005612,Karaikudi,Arunachal Pradesh,2026-03-12 22:04:39
118164,,Mitra,vmutti@example.org,9249683547,Aurangabad,Arunachal Pradesh,2026-03-03 16:34:56
118183,,Khalsa,krishna14@example.net,7106810684,Ozhukarai,Tripura,2026-01-05 20:34:31
118210,,Ram,qasimratta@example.org,8019924144,Bhilai,Karnataka,2026-01-18 19:28:41
118213,Wyatt,Madan,,5926571289,Katni,West Bengal,2026-03-26 15:20:42
118222,Bimala,Thakkar,,3317552235,Gwalior,West Bengal,2026-06-19 16:56:34
118257,,Nazareth,isharaj@example.net,2325292456,Barasat,Sikkim,2026-04-15 15:53:36
118258,,Arya,alexander67@example.com,3717358535,Ludhiana,Assam,2026-03-01 21:19:33
118260,Tanvi,Mallick,,8822359162,Bhagalpur,Haryana,2026-05-26 23:16:23
118268,,Yadav,pillaiadya@example.org,2416150625,Ramgarh,Chhattisgarh,2026-03-29 01:54:11
118280,,Kibe,bachittar44@example.com,2328687347,Gangtok,Bihar,2026-04-02 22:42:28
118293,,Rao,wahabhanda@example.net,7459013832,Vellore,Bihar,2026-06-20 11:00:54
118336,,Iyer,amruta38@example.com,8556273022,Pimpri-Chinchwad,Gujarat,2026-01-02 20:40:31
118352,,Randhawa,riya99@example.org,7847514660,Siliguri,Tamil Nadu,2026-03-22 23:42:42
118367,,Murthy,dayamai61@example.org,7533219263,Mangalore,Kerala,2026-03-04 09:27:19
118371,,Lad,devika98@example.net,4742637474,Ambarnath,Himachal Pradesh,2026-01-21 02:59:12
118407,,Roy,kulkarniomaja@example.com,6253037679,Jamshedpur,West Bengal,2026-06-24 02:18:25
118428,,Baral,prishapatla@example.com,3264107562,Kumbakonam,Rajasthan,2026-06-12 16:50:38
118462,,Mukherjee,bordeadvik@example.org,4005873056,Dewas,Nagaland,2026-06-28 00:31:05
118528,,Mani,jagvi31@example.com,146928275,Jamalpur,Karnataka,2026-04-16 14:41:19
118566,Dayamai,Gara,,1925420519,Uluberia,Madhya Pradesh,2026-05-18 05:24:17
118576,,Shankar,vritti38@example.org,4960254190,Gandhinagar,Mizoram,2026-03-09 11:03:10
118598,,Deshmukh,vaidyaonveer@example.com,375018415,Shimla,Kerala,2026-02-18 02:34:37
118615,Rachita,Shenoy,,9980955831,Tiruvottiyur,Assam,2026-01-19 17:33:53
118626,,Bhavsar,meghana60@example.org,8354173167,Nizamabad,Nagaland,2026-03-05 21:47:34
118635,,Mukherjee,darikakeer@example.net,5713801656,Miryalaguda,Madhya Pradesh,2026-03-17 13:51:47
118645,Triveni,Kant,,1791264902,Bhagalpur,Odisha,2026-02-12 04:47:52
118681,,Kale,ykrishnamurthy@example.com,4972383951,Malegaon,Andhra Pradesh,2026-06-24 07:57:20
118687,,Raja,vihaan56@example.net,680408474,Jabalpur,Mizoram,2026-05-08 07:39:55
118714,Anika,Gole,,5787411918,Sri Ganganagar,Andhra Pradesh,2026-01-18 03:00:52
118734,Raksha,Sur,,7932091025,Sagar,Manipur,2026-04-02 04:29:58
118766,,More,shaurya83@example.com,5374507185,Sirsa,Telangana,2026-05-11 01:04:27
118804,,Bhattacharyya,nkrish@example.com,6109642385,Karimnagar,Mizoram,2026-01-08 20:18:45
118814,Vivaan,Sehgal,,7070596988,Srinagar,Andhra Pradesh,2026-04-10 02:52:35
118858,Hiral,Bhandari,,5695732079,Kishanganj,Arunachal Pradesh,2026-06-10 09:59:54
118866,Aishani,Handa,,3452446978,Uluberia,Goa,2026-02-09 11:04:41
118910,Hritik,Shanker,,3381899324,Kurnool,Jharkhand,2026-04-19 12:41:29
118943,Ethan,Bumb,,1640004002,Aligarh,Bihar,2026-03-11 19:12:16
118968,,Dara,ychacko@example.org,5385441806,Rohtak,Gujarat,2026-03-14 12:47:55
118970,,Kalita,mrastogi@example.com,606824860,Hajipur,Sikkim,2026-01-18 10:35:41
119010,,Pradhan,avi56@example.com,8080662175,Tumkur,Uttarakhand,2026-05-10 09:51:02
119020,,Raghavan,samaksh45@example.com,7896159266,Khora ,Arunachal Pradesh,2026-03-17 20:52:50
119069,,Walla,oakgauri@example.net,9198795472,Ahmedabad,Punjab,2026-06-03 15:14:55
119073,,Nayak,kalitanandini@example.com,9034327711,Patiala,Andhra Pradesh,2026-01-22 04:20:30
119242,,Madan,sarmaekanta@example.com,9974653632,Guwahati,Karnataka,2026-03-30 22:50:40
119282,,Sehgal,egoel@example.net,3781115406,Kota,Gujarat,2026-04-08 11:22:38
119312,Baghyawati,Pillai,,802600946,Jaipur,Chhattisgarh,2026-06-23 17:32:31
119330,,Kapoor,rsarna@example.com,6530742038,Narasaraopet,Uttar Pradesh,2026-06-04 20:26:06
119335,,Tak,advaysunder@example.com,8544275162,Bhalswa Jahangir Pur,Kerala,2026-04-09 22:22:07
119337,Bhavya,Kapur,,5835274778,Moradabad,Bihar,2026-06-23 02:50:57
119342,Nicholas,Parikh,,558535647,Karimnagar,Goa,2026-03-02 18:55:51
119401,,Viswanathan,xborra@example.com,9908661412,Vadodara,Jharkhand,2026-04-13 11:01:08
119409,,Balasubramanian,inayacheema@example.org,5577238165,Srinagar,Himachal Pradesh,2026-01-15 16:53:34
119416,Naksh,Char,,8222830722,Sasaram,Meghalaya,2026-05-15 00:54:22
119418,,Kamdar,chandrakrishna@example.com,1013065900,Tiruchirappalli,Assam,2026-05-03 04:05:50
119435,Varenya,Mani,,9911011229,Haridwar,Arunachal Pradesh,2026-03-28 11:07:09
119451,Advay,Devan,,8144585289,Bally,Andhra Pradesh,2026-05-13 09:55:19
119485,,Jhaveri,guneetchaudhry@example.net,3566908037,Nellore,Chhattisgarh,2026-06-08 12:54:25
119490,,Raja,,2887994037,Bardhaman,Nagaland,2026-01-27 14:55:07
119501,Yasti,Guha,,9897551621,Khandwa,Karnataka,2026-02-08 14:26:33
119616,,Chaudhry,banjeet60@example.org,7933889415,Secunderabad,Gujarat,2026-06-23 11:40:21
119637,,Bhandari,arin10@example.com,8952376345,Chandrapur,Goa,2026-01-05 12:00:23
119670,,Ramachandran,lakshmiiyengar@example.net,7724758984,Mangalore,Madhya Pradesh,2026-05-07 18:20:23
119683,Jairaj,Padmanabhan,,5295096418,Moradabad,Mizoram,2026-05-03 08:50:44
119687,Ekta,Tank,,2351688725,Dhule,Punjab,2026-05-09 16:15:11
119705,,Morar,emangat@example.com,3799449480,Rourkela,Tamil Nadu,2026-02-12 22:54:33
119731,,Srinivas,bina26@example.net,2090787694,Karnal,Maharashtra,2026-05-11 10:01:31
119734,,Gulati,qabil75@example.org,8987118936,Mathura,Maharashtra,2026-02-07 09:17:58
119741,Anirudh,Pant,,5241227090,Noida,Andhra Pradesh,2026-02-12 13:17:36
119758,,Rajan,plal@example.com,5266873470,Erode,Gujarat,2026-03-17 14:44:09
119796,Rachana,Naidu,,3275203763,Kurnool,Telangana,2026-01-20 13:51:44
119799,Teerth,Pillay,,1224308388,Farrukhabad,Punjab,2026-02-13 15:03:12
119800,Zarna,Thakur,,7052552544,Kota,Mizoram,2026-04-01 13:47:02
119875,,Mane,,3450870140,Aligarh,Haryana,2026-01-19 05:12:35
119941,Tamanna,Rao,,9148970837,Hosur,Chhattisgarh,2026-01-29 22:31:01
119963,Brijesh,Atwal,,9483245492,Amritsar,Punjab,2026-01-03 01:31:42
119970,,Kannan,mmohanty@example.com,9178688838,Tiruppur,Rajasthan,2026-03-12 19:34:27
119995,,Bhalla,smalhotra@example.com,8777748682,Kalyan-Dombivli,Jharkhand,2026-03-19 09:40:48
120057,,Tailor,saanvikapur@example.net,2187802670,Tiruvottiyur,Karnataka,2026-06-01 03:19:39
120068,,Banerjee,nikita58@example.com,984371999,Cuttack,Assam,2026-04-30 00:03:24
120084,Unnati,Samra,,1362913017,Phusro,Jharkhand,2026-03-07 02:12:21
120112,Naveen,Prabhakar,,8336013735,Danapur,Jharkhand,2026-03-09 09:50:34
120146,Hiral,Karan,,9803921751,Nandyal,Jharkhand,2026-03-29 10:54:47
120172,,Gera,kamdaryashawini@example.net,6017869019,Pune,Assam,2026-05-19 10:35:53
120213,Leena,Borah,,4956648045,Ajmer,Andhra Pradesh,2026-01-30 00:45:11
120215,Aarnav,Naidu,,8978421194,Nadiad,Mizoram,2026-04-20 03:44:06
120227,,Chaudhry,ramaturvi@example.org,5845310493,Bellary,Mizoram,2026-06-19 00:32:44
120266,,Kanda,ramanathanlohit@example.net,2973780524,Sambalpur,Haryana,2026-03-25 09:27:59
120273,,Handa,radhikadash@example.org,493869436,Karaikudi,Goa,2026-02-22 01:11:19
120353,Aadi,Bhargava,,6315426885,Dewas,Madhya Pradesh,2026-01-06 05:19:21
120387,Meera,Anne,,8192727965,Tirupati,Haryana,2026-04-14 15:53:18
120410,,Bedi,shauryakibe@example.com,549235113,Barasat,Gujarat,2026-01-07 12:09:41
120441,,Loyal,lipika88@example.net,6866826359,Rourkela,Assam,2026-06-02 22:14:10
120494,Jai,Parmar,,3297812455,Giridih,Uttarakhand,2026-02-18 03:55:19
120543,,Mander,teerth87@example.org,8849790971,Navi Mumbai,West Bengal,2026-03-20 07:19:33
120550,Jack,Andra,,4470352954,Bidhannagar,Nagaland,2026-02-27 03:19:13
120555,Patrick,Thaker,,6754456615,Khandwa,Chhattisgarh,2026-06-13 06:29:32
120645,Zilmil,Mital,,3070361797,Morena,Sikkim,2026-03-14 21:37:31
120648,Lohit,Jhaveri,,3663970853,Guntakal,Andhra Pradesh,2026-04-05 06:08:02
120655,Kashvi,Kuruvilla,,6009839660,Sambalpur,Jharkhand,2026-02-14 07:08:01
120669,Turvi,Mand,,7351926095,Motihari,Chhattisgarh,2026-06-19 00:50:25
120781,Vrinda,Gola,,6207933789,Gangtok,Jharkhand,2026-01-12 00:36:05
120792,,Kadakia,ihalder@example.com,9715010841,Chinsurah,Tamil Nadu,2026-04-16 22:48:54
120817,Avni,Rau,,6696242657,Navi Mumbai,Bihar,2026-06-12 02:17:14
120832,Lopa,Ramesh,,599810155,Purnia,Sikkim,2026-02-03 06:04:57
120850,Faras,Nadkarni,,8532739783,Warangal,Uttarakhand,2026-01-19 12:09:30
120888,,Bakshi,udate@example.net,9535789650,Shimla,Sikkim,2026-05-10 01:15:00
120955,Dalaja,Brar,,2669372515,Phagwara,Goa,2026-06-28 14:20:52
120971,Nikita,Chatterjee,,9766263187,Bhopal,Assam,2026-03-14 04:21:31
121007,Kritika,Golla,,5447526226,Ratlam,Arunachal Pradesh,2026-03-04 17:33:48
121051,Ikbal,Pai,,8714916686,Tinsukia,Uttar Pradesh,2026-04-30 10:00:51
121056,,Mammen,tnatarajan@example.net,405289899,Gopalpur,Tamil Nadu,2026-02-23 15:53:30
121073,,Mander,chanakyabumb@example.org,5491647195,Bhiwani,Punjab,2026-01-30 06:02:36
121101,Garima,Mand,,9170789658,Singrauli,Rajasthan,2026-02-18 15:31:47
121114,,Solanki,cchhabra@example.com,3116250178,Parbhani,Gujarat,2026-04-05 10:32:56
121131,,Gola,yedwin@example.com,1762804965,Bhopal,Goa,2026-04-24 17:30:33
121163,Ekalinga,Rau,,7348593070,Mehsana,Assam,2026-01-25 12:05:12
121173,,Hayer,hredhaansarkar@example.org,9337970078,Bhilwara,Nagaland,2026-03-24 05:41:39
121193,Lipika,Date,,7176659031,Pimpri-Chinchwad,Maharashtra,2026-05-18 21:20:11
121194,,Dar,mandalkashvi@example.com,2728918365,Chandrapur,Bihar,2026-06-14 10:56:55
121243,Janya,Gara,,8105295512,Raiganj,Meghalaya,2026-04-30 19:12:56
121312,,Sami,mugdha48@example.net,2537011168,Bhiwani,Maharashtra,2026-05-06 18:44:42
121318,Wridesh,Desai,,4863082706,Amritsar,Mizoram,2026-03-29 14:46:01
121320,Warda,Mohanty,,5653145909,Kochi,Uttar Pradesh,2026-03-24 05:02:38
121340,,Madan,abhadave@example.net,2659114267,Barasat,Himachal Pradesh,2026-04-19 12:34:33
121350,Wishi,Chakrabarti,,7748452101,Gulbarga,Punjab,2026-04-29 09:52:37
121370,Manbir,Dutt,,3826247478,Visakhapatnam,Rajasthan,2026-02-25 15:55:11
121438,Zayyan,Aggarwal,,9894405089,Nizamabad,Karnataka,2026-05-18 14:53:10
121487,,Nagar,triya58@example.net,4882219287,Motihari,Chhattisgarh,2026-05-13 14:30:44
121548,,Madan,kargirish@example.net,4075772285,Gaya,Chhattisgarh,2026-04-26 12:29:48
121594,,Dalal,schaudry@example.org,2051787363,Navi Mumbai,Uttar Pradesh,2026-01-07 06:50:38
121599,,Suresh,ythaker@example.net,2425178622,Noida,Himachal Pradesh,2026-01-20 15:26:16
121640,,Mohanty,pallaekalinga@example.com,6268999726,Ranchi,Telangana,2026-01-22 05:14:49
121671,Sai,Gaba,,9711612510,Kavali,Rajasthan,2026-03-15 04:27:21
121684,Janani,Sridhar,,8295850012,Mysore,Telangana,2026-04-30 07:33:20
121700,Gavin,Sood,,6901683567,Pimpri-Chinchwad,Punjab,2026-03-30 07:11:51
121804,,Doctor,vaishnavikanda@example.com,4125155625,Raiganj,Tripura,2026-03-21 09:41:16
121882,,Bahri,pben@example.org,4988252026,Ambala,Maharashtra,2026-06-01 14:58:39
121883,,Jhaveri,azaanpatla@example.net,1185147614,Nanded,West Bengal,2026-04-02 02:25:27
121933,Neha,Bal,,4532269974,Giridih,Maharashtra,2026-03-12 03:21:15
121979,,Lata,bansalfaqid@example.org,51268300,Bareilly,Jharkhand,2026-01-27 03:02:29
121982,,Baral,girindrasood@example.org,3951119558,Arrah,Kerala,2026-02-26 15:40:46
121997,,Mahal,dasguptafariq@example.com,1649538872,Kolhapur,Tripura,2026-02-26 05:29:37
122004,,Choudhary,bsharaf@example.com,8984387120,Uluberia,Kerala,2026-04-27 18:46:55
122043,Sudiksha,Sathe,,864676036,Pali,Bihar,2026-02-02 13:54:32
122095,Faqid,Behl,,5320841316,Srikakulam,Maharashtra,2026-01-02 00:34:23
122108,,Sani,basulopa@example.net,2964906841,Amravati,Nagaland,2026-06-03 14:33:15
122133,,Maharaj,qdhar@example.org,3224847429,Allahabad,Arunachal Pradesh,2026-01-07 21:16:15
122182,,Keer,gagan71@example.net,6561499309,Shimla,Tamil Nadu,2026-05-03 16:35:10
122197,,Srivastava,hbassi@example.net,9349991334,Satna,West Bengal,2026-03-26 15:11:09
122214,,Luthra,harish53@example.org,3786182652,Kolhapur,Uttarakhand,2026-02-11 02:18:19
122218,,Sangha,ekajasibal@example.org,5774896367,Kumbakonam,Meghalaya,2026-01-26 06:44:54
122221,,Sengupta,nidra02@example.net,8400208312,Indore,Uttar Pradesh,2026-04-22 06:13:43
122296,Widisha,Kashyap,,7722697825,Chinsurah,Gujarat,2026-01-06 02:06:17
122297,,Guha,xgoel@example.com,3204549235,Chennai,Tripura,2026-01-09 06:33:05
122325,,Baral,diyabhatnagar@example.com,6414576500,Aurangabad,Manipur,2026-03-15 06:30:13
122328,,Kothari,pooja47@example.net,8221822333,Asansol,Maharashtra,2026-01-23 19:17:37
122357,Madhav,Raja,,2057153697,Mathura,Kerala,2026-02-20 15:07:44
122376,,Bhargava,sonichasmum@example.org,5029636715,Sambalpur,Karnataka,2026-01-21 05:02:07
122381,Daniel,Sundaram,,1054467869,Giridih,Uttarakhand,2026-03-30 05:34:47
122510,Pushti,Wali,,7326189458,Bathinda,Telangana,2026-02-28 22:00:18
122539,Garima,Shroff,,6966862518,Jamalpur,Jharkhand,2026-04-12 15:10:24
122580,Hemal,Hora,,4635231502,Machilipatnam,West Bengal,2026-02-02 11:09:46
122672,Gaurangi,Parsa,,8316851209,Srinagar,Meghalaya,2026-03-29 03:11:18
122677,,Dua,etagera@example.net,6028286560,Raipur,Assam,2026-01-03 02:38:14
122725,,Natt,ykohli@example.net,1140859736,Kota,West Bengal,2026-05-17 05:08:36
122764,Chaitanya,Balan,,8315517794,Salem,Arunachal Pradesh,2026-06-10 23:15:11
122793,Aarav,Dora,,7091458756,Cuttack,Odisha,2026-04-10 10:00:17
122805,,Narang,ishitasehgal@example.net,3926913917,Malegaon,Meghalaya,2026-04-17 01:57:45
122809,Karan,Bandi,,6201013000,Warangal,Chhattisgarh,2026-02-28 23:46:58
122811,,Luthra,balayjagvi@example.com,4051630279,Allahabad,Assam,2026-05-03 10:19:49
122859,Ucchal,Dyal,,3268372743,Nizamabad,Kerala,2026-05-06 17:43:34
122896,,Venkatesh,chawlaisha@example.org,7504693185,Khora ,Odisha,2026-05-24 06:52:54
122907,,Kant,iedwin@example.net,3007031358,Dharmavaram,Tamil Nadu,2026-03-19 08:49:05
122909,Henry,Mani,,4829188594,Khandwa,Chhattisgarh,2026-01-22 04:46:22
122926,Orinder,Manne,,4405900398,Dindigul,Meghalaya,2026-03-20 16:26:22
122934,,Gupta,,7408429038,Gangtok,Madhya Pradesh,2026-04-23 16:46:39
122943,,Dewan,sainikavya@example.org,5192897752,Bidhannagar,Rajasthan,2026-02-20 11:14:00
122959,,Goswami,kamya23@example.net,6680953959,Bhubaneswar,Meghalaya,2026-06-10 04:01:07
122980,,Kohli,ucomar@example.org,122325000,Katihar,Punjab,2026-02-21 02:34:10
123003,Pratyush,Babu,,2805098702,Kulti,Tamil Nadu,2026-04-20 12:49:20
123108,,Nagi,mukherjeejonathan@example.com,3521638155,North Dumdum,Bihar,2026-02-05 11:34:07
123140,,Dass,gandhiamrita@example.net,8386853947,Raichur,Manipur,2026-01-24 16:27:29
123163,Fitan,Deshpande,,3393918259,Tirunelveli,Maharashtra,2026-05-02 13:46:12
123177,Chanchal,Shukla,,6872649525,Surendranagar Dudhrej,Tamil Nadu,2026-05-23 04:11:07
123202,,Ramaswamy,diyakarpe@example.org,2899752225,Thiruvananthapuram,Mizoram,2026-03-07 01:29:07
123242,Lopa,Buch,,4063529163,Mehsana,Sikkim,2026-04-09 00:23:42
123264,Thomas,Wason,,115964779,Kurnool,Karnataka,2026-01-04 08:21:18
123282,Vritti,Wason,,9337648515,Thiruvananthapuram,Uttar Pradesh,2026-05-12 07:00:42
123305,Qarin,Rau,,414248295,Etawah,Rajasthan,2026-06-17 01:12:06
123329,Osha,Sagar,,5206679986,Ratlam,Uttar Pradesh,2026-05-23 05:25:31
123343,Tristan,Mannan,,5468536506,Jabalpur,Gujarat,2026-01-20 11:54:05
123358,Samuel,Atwal,,1526267108,Pali,Goa,2026-02-15 14:06:02
123399,Eta,Sinha,,9487763610,Naihati,Kerala,2026-06-06 22:27:15
123443,,Chaudhry,tsundaram@example.org,2370900378,Maheshtala,Rajasthan,2026-05-24 12:03:38
123488,Amrita,Randhawa,,2959303551,Ballia,Bihar,2026-01-15 23:52:32
123493,Jyoti,Sahota,,424602304,Pali,Gujarat,2026-03-05 08:43:12
123531,,Bhatt,qwable@example.net,410115205,Vasai-Virar,Telangana,2026-03-10 12:03:57
123542,,Raval,odikaagrawal@example.org,4066796011,Bangalore,West Bengal,2026-05-28 20:47:50
123544,,Sen,issachemani@example.com,808377575,Satara,Assam,2026-05-18 19:40:16
123608,,Patil,murthyjanya@example.net,2895224661,Thanjavur,Haryana,2026-02-24 21:05:40
123609,,Gade,devansh71@example.com,9289640927,Kalyan-Dombivli,Jharkhand,2026-01-02 16:49:42
123632,Amaira,Tailor,,9070644455,Shahjahanpur,Maharashtra,2026-05-11 01:11:24
123637,Qushi,Apte,,4423739581,Coimbatore,Sikkim,2026-05-06 00:51:35
123705,,Bava,,2016415826,Kirari Suleman Nagar,Odisha,2026-06-29 20:43:04
123741,,Chada,balakrishnanjanya@example.org,7789941128,Sambalpur,Assam,2026-04-23 03:51:43
123745,,Korpal,owengara@example.net,9230981747,Bhimavaram,Madhya Pradesh,2026-04-10 16:23:47
123762,,Dutt,ikala@example.org,3095692078,Agra,Andhra Pradesh,2026-04-10 00:27:05
123777,Chatura,Suri,,3234041915,Ambala,Chhattisgarh,2026-01-16 20:07:13
123799,Niharika,Zachariah,,5579177999,Nagercoil,Haryana,2026-01-31 16:28:24
123801,,Dube,jananikumer@example.com,9692604573,Agra,Punjab,2026-04-04 19:50:12
123803,Karan,Varghese,,5244836081,Miryalaguda,Telangana,2026-03-30 05:26:49
123806,Yutika,Chanda,,7364516230,Jabalpur,Telangana,2026-03-24 04:15:35
123816,,Sarna,yachanasura@example.com,6356662492,Phusro,Assam,2026-04-25 19:39:02
123840,,Dutta,harrisontripathi@example.com,132377406,Jamnagar,Bihar,2026-01-18 10:55:25
123850,Karan,Barad,,8555453027,Adoni,Madhya Pradesh,2026-05-07 18:05:29
123870,Lekha,Sani,,6656747704,Gudivada,Haryana,2026-01-14 16:44:48
123920,,Minhas,lankacharan@example.com,8433678109,Nagpur,Uttar Pradesh,2026-05-14 08:30:34
123964,,Gola,xmishra@example.org,770792653,Tirunelveli,Chhattisgarh,2026-01-18 01:20:38
123989,Teerth,Sant,,796817360,Srinagar,Karnataka,2026-04-15 07:58:57
124029,,Dyal,boraharini@example.com,8444024446,Bhubaneswar,Chhattisgarh,2026-01-13 05:15:28
124084,Shivani,Brahmbhatt,,7727249432,Jalandhar,Telangana,2026-01-28 06:51:06
124087,Bachittar,Chakraborty,,7139397175,Dindigul,Andhra Pradesh,2026-05-22 00:31:34
124088,Benjamin,Lala,,5677294112,Agra,Haryana,2026-01-02 02:44:30
124091,Ekantika,Singh,,6186011927,Bhavnagar,Himachal Pradesh,2026-04-21 17:14:40
124098,,Krishna,avniramanathan@example.org,6722953742,Panipat,Uttarakhand,2026-05-10 19:59:30
124103,,Bhakta,chanchalgaba@example.net,9103473882,Ramgarh,Uttarakhand,2026-06-19 16:27:11
124172,,Saini,eesha71@example.net,8637683735,Vijayanagaram,Nagaland,2026-02-09 00:06:37
124214,Turvi,Ramaswamy,,4421392368,Thanjavur,Assam,2026-02-10 13:30:44
124233,Raghav,Bali,,1611846267,Naihati,Kerala,2026-05-15 08:41:39
124241,Lohit,Halder,,7230771507,Bharatpur,Manipur,2026-03-09 17:09:45
124242,,Sem,chadhasaksham@example.org,5883351397,Jamshedpur,Tripura,2026-06-26 22:07:30
124248,Ronith,Setty,,7305400182,Alwar,West Bengal,2026-04-01 15:37:31
124257,,Choudhary,hsethi@example.com,3764213389,Kanpur,Himachal Pradesh,2026-04-24 17:10:16
124339,,Seshadri,qdugal@example.com,3567321543,Rampur,Meghalaya,2026-06-02 08:59:13
124347,,Rao,gaurangdesai@example.com,6246621197,Malegaon,Bihar,2026-03-14 05:22:01
124383,Amol,Palan,,7757619013,Proddatur,Manipur,2026-05-02 15:43:59
124413,Kalpit,Buch,,6181992554,Thanjavur,Tamil Nadu,2026-06-06 23:38:49
124424,Amruta,Kannan,,9634480453,Bhind,Himachal Pradesh,2026-01-17 12:13:54
124437,Jasmit,Loyal,,4886230018,Mau,Sikkim,2026-03-19 01:35:20
124505,,Chopra,usachar@example.org,8226706682,Gulbarga,Sikkim,2026-02-27 07:57:37
124528,Yahvi,Lal,,7695662112,Tiruppur,West Bengal,2026-03-01 09:41:12
124533,Dakshesh,Sanghvi,,8262682754,Noida,Gujarat,2026-01-14 14:01:08
124539,Ethan,Divan,,4173693541,Solapur,Tripura,2026-06-17 16:55:37
124616,,Batra,balanaksh@example.org,7094829280,Unnao,Manipur,2026-01-03 17:56:38
124629,Chatura,Narayanan,,1465146682,Gorakhpur,Kerala,2026-05-07 06:15:24
124643,Naksh,Pau,,3457225166,Shimla,Tripura,2026-02-06 00:49:05
124661,Pranit,Saraf,,7426515115,Alwar,Maharashtra,2026-06-09 10:21:34
124701,,Sathe,ganesanadya@example.com,7352077973,Varanasi,Goa,2026-03-11 19:47:24
124737,Zayan,Seshadri,,4219030428,Begusarai,Meghalaya,2026-06-11 06:38:59
124767,Lavanya,Sehgal,,7117559852,Dhanbad,Odisha,2026-06-30 04:35:41
124779,Lucky,Anand,,3142724844,Ongole,Tamil Nadu,2026-06-29 15:31:43
124783,Jason,Kaul,,8637446360,Guna,Sikkim,2026-02-05 08:39:14
124813,Aarush,Apte,,8434476009,Nandyal,Andhra Pradesh,2026-05-18 12:31:26
124821,,Varty,shaati@example.com,5367480806,Vijayawada,Madhya Pradesh,2026-02-23 01:30:26
124896,,Patla,upadhritidin@example.org,3214052153,Bhiwandi,Telangana,2026-06-13 18:14:46
124912,,Sandhu,vhora@example.net,357696886,Allahabad,Meghalaya,2026-05-01 13:28:57
124999,Lakshit,Karnik,,7235259703,Thanjavur,Karnataka,2026-06-17 21:51:00
125039,Sachi,Prabhu,,215544184,Bangalore,Arunachal Pradesh,2026-04-29 03:40:55
125049,,Venkataraman,mallvamakshi@example.com,8663529162,Kozhikode,Goa,2026-03-12 22:21:48
125062,Warjas,Baral,,1365281172,Jamalpur,Uttar Pradesh,2026-06-05 11:50:06
125074,Daniel,Shenoy,,8905683949,Amaravati,Rajasthan,2026-03-18 01:31:59
125156,Ekantika,Dube,,9180215515,Bharatpur,Haryana,2026-03-22 18:44:22
125234,Logan,Chanda,,1498597753,Chittoor,Chhattisgarh,2026-05-29 14:07:42
125241,Yashvi,Sagar,,4162004696,Bettiah,Sikkim,2026-06-03 00:28:06
125255,Vaishnavi,Chakraborty,,3482882766,Proddatur,Bihar,2026-06-04 18:08:22
125276,,Devan,lmohanty@example.net,4700803175,Vijayanagaram,Telangana,2026-01-02 07:57:58
125291,,Ben,parekhunni@example.net,2942921299,Gangtok,Jharkhand,2026-01-04 12:41:27
125305,Chaman,Banik,,3552362663,Tiruppur,Nagaland,2026-03-07 22:19:22
125326,,Sarma,,6463405769,Madanapalle,Jharkhand,2026-04-09 02:58:33
125387,,Venkataraman,uthaman@example.org,3947434824,Surat,Madhya Pradesh,2026-02-24 17:55:13
125413,,Rai,meghana23@example.net,253111518,Raipur,Nagaland,2026-03-27 04:34:53
125419,,Patla,dayitabala@example.com,8480365409,Dehri,Arunachal Pradesh,2026-03-10 16:45:30
125460,Dalaja,Srinivasan,,3410662337,Katihar,Haryana,2026-03-09 10:54:07
125472,Henry,Wadhwa,,1396898888,Morena,Jharkhand,2026-04-18 09:06:21
125523,Banjeet,Minhas,,6249148187,Jehanabad,Meghalaya,2026-03-03 01:48:37
125557,Christopher,Murty,,974018983,Tadipatri,Rajasthan,2026-04-23 00:20:01
125563,Mason,Misra,,5055502821,Shimla,Tamil Nadu,2026-04-12 01:57:57
125571,,Khanna,iyengarjanaki@example.org,2178503830,Gwalior,Meghalaya,2026-02-15 15:17:57
125595,Pooja,Dua,,6961083908,Tenali,Bihar,2026-01-21 07:54:35
125649,,Khanna,zilmilchowdhury@example.org,9651341724,Raichur,Arunachal Pradesh,2026-01-14 05:56:24
125654,,Mahajan,chasmum51@example.com,6028619129,Rajkot,Haryana,2026-06-26 09:52:01
125694,Sanaya,Vyas,,6003675341,Silchar,Chhattisgarh,2026-01-26 03:26:52
125723,,Mukhopadhyay,,7010072508,Faridabad,Manipur,2026-01-26 15:59:53
125754,Falan,Saran,,3136723127,Muzaffarpur,West Bengal,2026-05-15 21:44:15
125758,,Venkatesh,garaojasvi@example.org,9388697851,Tiruvottiyur,Assam,2026-05-11 16:36:37
125808,,Kamdar,nandaamol@example.org,3325729994,Kirari Suleman Nagar,Gujarat,2026-03-26 19:35:10
125821,Dalaja,Peri,,2232576675,Ambattur,Maharashtra,2026-02-10 00:49:02
125832,Upadhriti,Mahajan,,4917201101,Noida,Meghalaya,2026-02-19 11:59:42
125858,,Panchal,pahalbahri@example.com,7366981906,Madurai,Assam,2026-05-22 11:26:37
125881,,Gour,etrivedi@example.org,9596209010,Jamalpur,Kerala,2026-01-05 06:10:05
125884,Divya,Basu,,3579253099,Katihar,Telangana,2026-05-23 04:19:55
125933,,Babu,jbalan@example.org,7469948542,Aligarh,Uttarakhand,2026-06-06 23:57:50
125935,Mitali,Lad,,4444260714,Berhampur,Uttar Pradesh,2026-03-02 07:34:13
125942,Janaki,Peri,,6950909501,Hindupur,Kerala,2026-06-03 20:38:46
126003,,Desai,yasti24@example.org,8143909451,Serampore,Gujarat,2026-01-13 18:27:31
126019,,Badami,prakashchristopher@example.com,8912350578,Chapra,Uttarakhand,2026-04-12 12:40:10
126077,George,Radhakrishnan,,9162622279,Malda,Odisha,2026-03-15 02:04:21
126079,Krishna,Hans,,8938972065,Bahraich,Bihar,2026-06-21 00:04:20
126116,,Bora,wardakapoor@example.com,7521970823,Tadipatri,Manipur,2026-03-15 18:41:24
126171,Orinder,Chaudhary,,997200563,Anand,Punjab,2026-04-07 22:26:23
126172,Faqid,Din,,7685244876,Delhi,Uttar Pradesh,2026-04-26 19:17:24
126192,,Sandhu,wmajumdar@example.org,5930593404,Bally,Sikkim,2026-01-17 16:36:52
126196,,Tella,rudravala@example.net,8597768714,Karaikudi,Madhya Pradesh,2026-03-09 05:36:40
126210,,Wadhwa,dsunder@example.com,2728695824,Buxar,Haryana,2026-06-28 17:04:32
126225,,Natt,udoctor@example.com,6169615871,Hindupur,Haryana,2026-05-24 19:46:55
126232,,Bath,nachiketkunda@example.com,261962723,Hajipur,Telangana,2026-01-24 04:08:05
126262,,Nanda,shroffanmol@example.org,9476221914,Anantapuram,Arunachal Pradesh,2026-01-27 15:08:36
126302,Fitan,Wali,,4120878331,Rajkot,Arunachal Pradesh,2026-06-03 14:50:19
126313,,Kalita,dkhare@example.net,2805044119,Maheshtala,Haryana,2026-02-01 16:36:42
126383,Janya,Sandhu,,5386212508,Chittoor,Meghalaya,2026-04-11 11:25:20
126409,Veda,Ramaswamy,,8740837633,Shimla,Himachal Pradesh,2026-06-29 11:54:44
126433,,Bobal,timothythakur@example.net,6660061721,Gurgaon,Uttar Pradesh,2026-06-18 21:04:18
126442,,Ramanathan,bahrinathaniel@example.net,5319820243,Amritsar,Uttar Pradesh,2026-06-14 06:42:44
126508,Sachi,Balasubramanian,,7411058884,Tenali,Jharkhand,2026-06-22 15:45:14
126520,,Srinivasan,yohannanpranit@example.org,3766078952,Orai,Odisha,2026-05-07 14:45:45
126531,Mahika,Brahmbhatt,,5436209194,Tirunelveli,Odisha,2026-01-28 09:53:34
126542,,Gokhale,avora@example.org,7727919798,Ulhasnagar,Meghalaya,2026-04-03 18:14:02
126556,,Patla,jagat52@example.com,3598251835,Ozhukarai,Karnataka,2026-01-14 22:09:50
126591,Ekaraj,Sagar,,7814134152,Mau,Andhra Pradesh,2026-02-12 00:55:45
126611,Vansha,Bhagat,,2633085712,Davanagere,Jharkhand,2026-03-21 07:32:43
126619,,Mitter,jacob68@example.org,7807173770,Aurangabad,Uttar Pradesh,2026-04-06 12:48:05
126640,,Walia,kcherian@example.net,1969472816,Burhanpur,Sikkim,2026-03-12 18:17:59
126673,,Biswas,warjasbala@example.com,2685477650,Bardhaman,Maharashtra,2026-06-16 12:14:38
126689,Eiravati,Bhasin,,6925179785,Bellary,Goa,2026-03-02 13:20:11
126764,,Bhatnagar,kalakashvi@example.net,6796639253,Bhind,Uttarakhand,2026-05-27 22:42:00
126829,Parth,Sachar,,5789298586,Bhopal,Meghalaya,2026-03-28 07:49:29
126849,,Bath,kaurhema@example.net,9826434241,Jaunpur,Andhra Pradesh,2026-04-01 10:48:35
126878,Rajata,Shan,,9921363264,Jaunpur,Manipur,2026-01-25 19:39:14
126883,Inaya,Gera,,7189905958,Tirunelveli,Gujarat,2026-01-21 12:52:34
126896,,Sidhu,rohan46@example.com,2394293800,Miryalaguda,Punjab,2026-02-03 13:26:59
127086,Naveen,Jani,,9135185534,Kulti,Telangana,2026-04-18 15:11:33
127089,Ekantika,Deshpande,,9303354357,Proddatur,Assam,2026-04-15 03:23:04
127131,,Virk,aadhyaganguly@example.net,8062697682,Guntakal,Andhra Pradesh,2026-05-29 22:18:35
127170,,Deshpande,wrideshmurty@example.org,9910114004,Tiruppur,Andhra Pradesh,2026-05-28 03:42:24
127200,Pratyush,Nagy,,9879938516,Siwan,Himachal Pradesh,2026-04-02 13:20:44
127218,Urvashi,Prashad,,4774731082,Dehri,Odisha,2026-04-23 16:22:02
127234,Chakrika,Kulkarni,,4016419242,Ratlam,Rajasthan,2026-01-10 02:51:29
127268,Geetika,Ganesan,,5432663124,Khandwa,Karnataka,2026-04-26 16:15:08
127279,Geetika,Raju,,5281114131,Rajkot,Haryana,2026-03-13 22:17:31
127347,Isha,Sethi,,3288447446,Saharanpur,Uttar Pradesh,2026-04-02 20:39:14
127425,Aadhya,Mukherjee,,5308996696,Raebareli,Himachal Pradesh,2026-01-24 21:04:16
127433,Isaiah,Talwar,,2700444305,Guna,Manipur,2026-05-29 05:52:12
127482,,Thakur,singhalabhimanyu@example.com,7015031456,Sikar,Assam,2026-03-27 08:12:40
127512,Michael,Kadakia,,9833564815,Rajahmundry,Assam,2026-03-07 00:12:12
127522,Zayyan,Chaudhuri,,4877018817,Gangtok,Punjab,2026-03-07 14:50:47
127706,Dhruv,Mallick,,5422602717,Tadipatri,West Bengal,2026-02-03 17:01:54
127712,Varsha,Banerjee,,5965639225,Naihati,Himachal Pradesh,2026-02-06 15:50:09
127715,,Shah,pallalohit@example.net,8869041038,Pudukkottai,Tripura,2026-03-14 13:46:45
127735,Ishanvi,Patla,,8130056102,Mau,Uttar Pradesh,2026-01-11 13:25:09
127751,Samesh,Yohannan,,1163304599,Chittoor,Telangana,2026-01-17 02:01:20
127752,Reva,Varty,,7341368895,Jaunpur,Telangana,2026-01-04 02:31:05
127776,,Chand,zaitrasawhney@example.com,1621974687,Gorakhpur,Meghalaya,2026-04-09 15:42:53
127816,,Kala,xsura@example.net,2599753819,Raiganj,Meghalaya,2026-03-23 10:53:46
127848,Ranbir,Mannan,,9341136037,Guntakal,Maharashtra,2026-03-30 16:04:45
127851,,Pal,manankari@example.org,7674169553,Panipat,Mizoram,2026-05-04 20:59:00
127857,Ganga,Khalsa,,8478999099,Solapur,Jharkhand,2026-04-14 08:17:00
127890,Hemang,Ghosh,,1186196427,Ulhasnagar,Bihar,2026-05-09 11:50:25
127929,,Ray,daksha09@example.org,4143032160,Anantapur,Bihar,2026-04-11 12:46:16
127935,,Rau,dyalsuhani@example.net,9942953161,Ghaziabad,Karnataka,2026-02-10 03:49:37
127945,Ayush,Raghavan,,6184911099,Medininagar,Punjab,2026-05-04 21:57:06
127955,Ladli,Tata,,5058373962,Shivpuri,Rajasthan,2026-02-20 01:56:33
127964,,Mutti,ati87@example.org,2052316835,Meerut,Uttarakhand,2026-04-22 19:51:02
127985,,Suresh,ragrawal@example.org,2271001677,Loni,Assam,2026-06-05 23:08:37
128034,,Toor,saxenaaadi@example.net,825786886,Amroha,Meghalaya,2026-05-10 06:59:52
128041,Jagvi,Badal,,6570261901,Gopalpur,Meghalaya,2026-05-10 23:09:34
128050,,Chawla,kmisra@example.org,5046547522,Bhiwani,Tripura,2026-06-21 21:49:12
128091,Ethan,Sahni,,8429952310,Karawal Nagar,Manipur,2026-01-05 10:42:45
128092,Upadhriti,Sami,,5742530384,Allahabad,Karnataka,2026-04-11 04:03:45
128105,Neel,Bahri,,6453041872,Belgaum,Himachal Pradesh,2026-06-05 06:31:06
128122,,Bali,aarna21@example.com,4022097920,Ranchi,Sikkim,2026-02-15 07:08:49
128147,Manan,Raj,,8924778344,Dhule,Tamil Nadu,2026-03-03 01:57:46
128148,Neelima,Solanki,,2914397117,Shivpuri,Andhra Pradesh,2026-03-22 16:28:30
128150,Adweta,Parsa,,8046440453,Cuttack,Andhra Pradesh,2026-06-07 02:38:51
128158,Aarav,Raja,,3990843536,Coimbatore,Uttarakhand,2026-05-24 03:28:25
128179,Hritik,Gera,,8494450840,Guwahati,Tamil Nadu,2026-04-05 11:56:08
128247,Anusha,Karnik,,5750470369,Morbi,Tripura,2026-01-09 04:47:04
128294,,Thakur,bajajharsh@example.com,9883623418,Sultan Pur Majra,West Bengal,2026-02-23 04:34:18
128301,,Saha,varkeyfalan@example.com,537286164,Bokaro,Arunachal Pradesh,2026-06-13 22:03:34
128357,Anusha,Bala,,8806619391,Rampur,Uttarakhand,2026-05-31 14:49:18
128364,Leena,Koshy,,1336903671,Bhubaneswar,Madhya Pradesh,2026-04-18 10:57:42
128400,,Tiwari,igokhale@example.com,7776531773,Tiruppur,Bihar,2026-05-04 05:01:23
128436,Zashil,Chokshi,,9796921018,Bihar Sharif,Bihar,2026-04-01 06:06:27
128449,Yadavi,Gandhi,,5697782051,Howrah,Arunachal Pradesh,2026-05-01 14:19:54
128484,,Chowdhury,ucchalanand@example.com,1656418485,Tiruppur,Goa,2026-01-14 14:24:37
128526,Mugdha,Rajan,,2519720215,Motihari,Madhya Pradesh,2026-02-15 16:53:08
128529,Aarini,Walia,,3083598091,Kolhapur,Meghalaya,2026-01-18 04:03:09
128532,,Buch,bediyadavi@example.com,2909296135,Delhi,Odisha,2026-02-16 08:32:49
128573,,Gandhi,bhavanidugar@example.org,7074704270,Sirsa,Himachal Pradesh,2026-04-20 06:07:09
128578,Omisha,Raval,,351986531,Kottayam,Sikkim,2026-06-07 11:13:53
128584,,Wagle,yatinkibe@example.net,9247024840,Dehri,Telangana,2026-06-03 23:14:59
128598,Ria,Master,,9758029377,Gandhinagar,Manipur,2026-05-09 07:53:05
128649,,Sarin,bdevan@example.com,4235140238,Bokaro,Uttar Pradesh,2026-06-16 20:22:34
128727,Kavya,Padmanabhan,,7325958754,Begusarai,Meghalaya,2026-06-08 06:22:56
128734,,Tak,divya01@example.com,911474335,Etawah,Karnataka,2026-01-19 13:31:38
128741,,Bhatti,hdalia@example.com,5436601973,Amritsar,Chhattisgarh,2026-03-14 04:41:25
128742,Aarna,Chopra,,9988228332,Hyderabad,Haryana,2026-01-09 12:01:13
128777,Amol,Basak,,4680554110,Medininagar,Madhya Pradesh,2026-04-27 16:55:10
128789,,Savant,vedikamuni@example.com,8443175557,Bally,Telangana,2026-05-25 14:18:52
128791,Yashoda,Sha,,1799542404,Visakhapatnam,West Bengal,2026-04-02 16:00:32
128887,,Chaudhuri,sara09@example.com,3930570503,Shimla,Andhra Pradesh,2026-05-05 16:32:54
128913,Indrajit,Mutti,,8454309289,Haldia,Himachal Pradesh,2026-03-13 02:22:25
128922,,Gopal,ushroff@example.org,8171201813,Deoghar,Gujarat,2026-06-24 10:06:51
128975,Wyatt,Bakshi,,4058353440,Guna,Madhya Pradesh,2026-04-08 00:42:51
129044,,Grewal,apall@example.org,4746596102,Kharagpur,Haryana,2026-03-12 16:05:17
129045,,Bali,bakshivrishti@example.com,8133423010,Bharatpur,Gujarat,2026-01-09 11:39:47
129067,,Sant,dashudant@example.com,3382066394,Nashik,West Bengal,2026-02-19 11:34:27
129090,Nitesh,Apte,,3646433022,Bulandshahr,Rajasthan,2026-04-08 01:21:47
129225,Lopa,Iyer,,3390967473,Delhi,Gujarat,2026-01-15 03:54:02
129249,,Doshi,henry17@example.com,7283858597,Khammam,Karnataka,2026-04-10 12:04:34
129282,,Khanna,lghose@example.net,3611917853,Amroha,Manipur,2026-02-24 19:39:25
129300,Ekavir,Balay,,519931444,Haldia,Assam,2026-04-03 07:34:48
129347,,Lala,grai@example.org,9087079515,Ajmer,Goa,2026-06-18 02:42:01
129348,,Rege,libni10@example.com,9059537982,Bhusawal,Tripura,2026-02-24 10:52:13
129373,,Kibe,zbawa@example.net,1372665322,Bathinda,Assam,2026-04-23 13:35:58
129374,Lekha,Borra,,3745973056,Coimbatore,Bihar,2026-01-13 12:25:48
129382,Niharika,Soni,,5653317489,Karaikudi,Uttarakhand,2026-05-25 01:15:45
129454,,Dora,gaurigill@example.net,5372993755,Miryalaguda,Madhya Pradesh,2026-04-21 14:35:04
129467,Bina,Modi,,6264032890,Guwahati,Tamil Nadu,2026-01-24 01:14:29
129475,Christopher,Bobal,,2506109330,Warangal,Andhra Pradesh,2026-06-05 11:29:44
129573,Ikshita,Cheema,,1327801872,Mehsana,Himachal Pradesh,2026-01-04 05:23:18
129580,Yahvi,Mall,,181886911,Chandrapur,Kerala,2026-01-24 17:09:29
129687,Harita,Sawhney,,3877091162,Parbhani,Jharkhand,2026-06-22 14:59:27
129693,Baljiwan,Rout,,7026146572,Darbhanga,Arunachal Pradesh,2026-02-06 03:08:25
129699,,Wagle,widisha49@example.org,7733027527,Machilipatnam,Assam,2026-04-25 09:21:27
129716,,Kapur,choudharyadweta@example.org,5468473554,Chapra,Goa,2026-04-18 18:18:25
129725,,Rajagopal,poojamaster@example.org,2343757947,Vadodara,Goa,2026-03-25 10:39:49
129739,Jeremiah,Sandal,,6027991019,Srinagar,Karnataka,2026-03-01 16:44:29
129756,Kalpit,Dar,,1741321258,Ajmer,Nagaland,2026-02-19 01:45:29
129773,,Sampath,indaligupta@example.com,7947055132,Amritsar,Bihar,2026-03-17 09:29:10
129785,,Sandhu,adweta77@example.com,3166879213,Vellore,Tripura,2026-02-03 22:44:14
129800,,Mann,aadhyabaral@example.net,2551374683,Guntur,Sikkim,2026-04-21 11:17:13
129844,Neel,Dara,,8375347408,Kirari Suleman Nagar,Andhra Pradesh,2026-05-25 17:46:11
129881,Atharv,Ganesan,,7619721154,Shivpuri,Assam,2026-02-28 18:34:49
129906,,Thaker,vtank@example.net,7061684873,Mango,Bihar,2026-06-08 16:47:10
129933,Lavanya,Dixit,,7699114915,Nadiad,Uttar Pradesh,2026-04-24 10:39:56
129940,,Sampath,tanaysrinivas@example.org,9030267257,Ghaziabad,Uttar Pradesh,2026-05-02 19:46:18
129993,,Brar,udant32@example.org,9795481892,Arrah,Uttarakhand,2026-05-01 15:57:27
130001,,Soman,dassirya@example.net,5692774004,Munger,Sikkim,2026-01-06 14:32:27
130002,Guneet,Gole,,9001797175,Bilaspur,Punjab,2026-01-09 11:06:05
130008,Zarna,Rana,,8006281312,Serampore,Telangana,2026-03-15 21:44:19
130011,Devansh,Kumer,,1836808459,Hyderabad,Tamil Nadu,2026-06-30 08:26:07
130036,Yoshita,Setty,,6017481548,Bhiwandi,Odisha,2026-06-27 05:51:06
130045,Yauvani,Sathe,,4263930969,Bidar,Jharkhand,2026-04-10 18:18:11
130068,,Ahluwalia,ramakrishnangabriel@example.net,1669705951,Chittoor,Arunachal Pradesh,2026-05-28 18:20:54
130095,,Shenoy,darpanchaudhary@example.org,9900317583,Baranagar,Manipur,2026-03-13 04:46:08
130112,Harita,Deol,,3092929171,Kadapa,Madhya Pradesh,2026-03-23 08:08:31
130114,,Dua,wsami@example.org,65680839,Tadepalligudem,Manipur,2026-01-17 02:47:09
130155,,Bera,devansh42@example.com,5233913229,Bulandshahr,Haryana,2026-05-09 20:57:14
130171,,Mall,siddharthvala@example.org,8486198534,Warangal,Kerala,2026-05-12 11:17:04
130193,,Varkey,adewan@example.net,7349180837,Haldia,Himachal Pradesh,2026-03-11 10:53:52
130275,,Handa,eesha42@example.org,6879117891,Chandrapur,Sikkim,2026-05-20 18:18:36
130321,,Mammen,nakulbal@example.org,9844551481,Tenali,Chhattisgarh,2026-04-29 12:26:52
130360,Damyanti,Naidu,,9886036665,Gwalior,Andhra Pradesh,2026-01-22 18:33:06
130367,,Soman,anay12@example.com,8486730503,Rajkot,Manipur,2026-01-09 19:01:36
130410,Wazir,Goswami,,2247000670,Hyderabad,Madhya Pradesh,2026-05-27 09:55:28
130421,,Bose,desaiveda@example.com,5590733254,Bellary,Tamil Nadu,2026-01-19 08:31:11
130429,,Shanker,wsant@example.net,4379348006,Raurkela Industrial Township,Meghalaya,2026-01-07 22:01:27
130496,Janaki,Krish,,2549912028,Alappuzha,Gujarat,2026-03-27 10:39:10
130575,,Sen,aachalpalan@example.net,9895728509,Patna,Karnataka,2026-03-09 09:38:56
130585,,Ganesan,pathakchandran@example.com,2650292808,Tiruvottiyur,Odisha,2026-05-10 23:15:56
130610,Bimala,Kumar,,2538854299,Muzaffarpur,Madhya Pradesh,2026-05-06 04:26:39
130625,,Bansal,bbuch@example.net,7889154119,Meerut,Uttarakhand,2026-04-07 04:37:14
130626,Janaki,Ramakrishnan,,1320467579,Tenali,Karnataka,2026-01-02 13:55:51
130655,Jagat,Goel,,7500178762,Nashik,Karnataka,2026-05-24 18:34:16
130663,Aryan,Varghese,,9271221528,Phusro,Assam,2026-05-31 02:29:44
130695,,Kakar,ydada@example.com,4143490844,Rohtak,Arunachal Pradesh,2026-06-24 17:20:04
130697,,Dixit,guhaindrajit@example.com,7149068199,Kirari Suleman Nagar,Uttar Pradesh,2026-02-18 15:56:29
130698,Mahika,Chhabra,,9398007774,Morbi,Tripura,2026-06-27 14:33:13
130733,,Sehgal,indalikar@example.com,5854953534,Naihati,Haryana,2026-02-05 18:06:11
130748,,Deshmukh,ivyas@example.org,8780923898,Hindupur,Arunachal Pradesh,2026-01-26 03:16:09
130761,Faraj,Mann,,3158603467,Gwalior,Nagaland,2026-02-21 19:22:23
130767,Ekansh,Shenoy,,7752591012,Ballia,Gujarat,2026-02-04 05:36:29
130813,Fiyaz,Khanna,,7315089993,Kavali,Odisha,2026-05-22 15:55:20
130836,Nirja,Gandhi,,3144070684,Munger,Arunachal Pradesh,2026-05-28 05:25:16
130839,Tanay,Prasad,,191587336,Cuttack,Madhya Pradesh,2026-06-03 03:54:00
130843,,Subramaniam,turvi72@example.org,3697497510,Loni,Tripura,2026-04-02 00:34:30
130847,Anya,Sheth,,3275251958,Sasaram,Karnataka,2026-06-01 16:13:37
130850,Hemani,Tata,,73332367,Jorhat,Karnataka,2026-03-31 14:49:54
130886,Champak,Chhabra,,4993951058,Darbhanga,Haryana,2026-05-03 16:12:14
130898,Chakradhar,Kuruvilla,,3871010572,Karimnagar,Goa,2026-03-28 12:12:10
130918,,Panchal,riyadar@example.net,5857403210,Guna,Goa,2026-01-20 19:05:52
130946,,Mannan,williamtak@example.org,6560827331,Berhampur,Andhra Pradesh,2026-06-30 22:02:29
130971,,Golla,minhassamaksh@example.org,6703124909,Durgapur,Jharkhand,2026-02-10 05:21:41
131039,,Keer,chandaira@example.com,8250873411,Gulbarga,Meghalaya,2026-06-19 09:08:10
131068,,Cherian,echana@example.net,7490990582,Secunderabad,Arunachal Pradesh,2026-03-29 03:27:21
131076,,Sami,ydugar@example.org,9956789803,Jabalpur,Maharashtra,2026-02-20 09:34:12
131079,,Varma,dprabhu@example.com,743545672,Karimnagar,Sikkim,2026-03-29 04:53:57
131189,Forum,Nayak,,9880161057,Tiruvottiyur,Kerala,2026-01-30 12:09:24
131237,Omkaar,Aurora,,7372367800,Kishanganj,Arunachal Pradesh,2026-06-23 03:32:07
131242,,Bains,harrisondhaliwal@example.net,504613396,Patiala,Tamil Nadu,2026-06-04 00:47:01
131247,,Mitter,cchaudry@example.org,153838015,Sambalpur,Assam,2026-05-09 23:48:01
131251,Farhan,Sule,,6619722417,Arrah,Chhattisgarh,2026-03-06 20:32:09
131280,Gauri,Nayar,,1176577033,Uluberia,Tripura,2026-02-07 08:55:03
131332,,Prabhu,pallacaleb@example.org,4397632377,Haridwar,Jharkhand,2026-03-18 17:51:11
131351,Pushti,Parekh,,2485964616,Tenali,Chhattisgarh,2026-02-17 10:01:12
131417,,Biswas,anushaborde@example.org,4045397885,Maheshtala,Rajasthan,2026-04-06 03:19:03
131427,,Gade,nshenoy@example.net,1687371627,Haldia,Chhattisgarh,2026-03-29 23:38:20
131433,Zansi,Singhal,,4429749795,Jalna,Bihar,2026-02-27 18:17:54
131435,,Nath,rauarunima@example.com,9460186,Jamalpur,Andhra Pradesh,2026-04-12 00:34:51
131439,Yachana,Varkey,,3499869189,Ghaziabad,Jharkhand,2026-02-03 15:42:58
131449,Vasatika,Ghose,,101956787,Ramagundam,Nagaland,2026-03-23 07:56:46
131554,Tanveer,Sha,,3141201305,Vasai-Virar,Sikkim,2026-01-01 16:32:43
131584,,Dave,djoshi@example.com,9825423211,Gopalpur,Meghalaya,2026-06-09 01:00:36
131603,Onveer,Murty,,1201768652,Bokaro,Uttar Pradesh,2026-05-25 09:54:43
131644,Anita,Kothari,,7137689262,Guna,Odisha,2026-06-27 14:35:44
131653,,Agarwal,ozachakrika@example.com,2006453650,Hajipur,Goa,2026-06-06 04:58:59
131702,Neelima,Saraf,,6164785152,Delhi,Odisha,2026-01-18 07:31:28
131730,,Padmanabhan,azad57@example.com,1070467818,Nagpur,Telangana,2026-02-14 22:46:13
131734,Saanvi,Chad,,127564143,Bidar,Uttarakhand,2026-04-29 01:06:55
131736,Advik,Lall,,9657409391,Udupi,Uttarakhand,2026-05-26 10:47:41
131781,Balendra,Luthra,,5575361277,Durg,Sikkim,2026-01-07 05:41:46
131836,,Dani,pranav54@example.org,801484273,Jalandhar,West Bengal,2026-01-18 10:43:11
131887,,Bala,evenkataraman@example.org,6545667614,Machilipatnam,Punjab,2026-04-15 01:10:27
131914,,Mand,yastishah@example.com,1786211395,Madanapalle,Haryana,2026-02-17 23:06:44
131920,,Doctor,warjas74@example.com,3034444246,Miryalaguda,Maharashtra,2026-05-06 14:16:20
131965,Triya,Dutta,,9321508541,Udaipur,Odisha,2026-01-30 23:23:05
131986,Arin,Sachdeva,,5129776336,Imphal,Jharkhand,2026-01-15 06:41:58
131993,Ijaya,Gaba,,8900758448,Bardhaman,Mizoram,2026-02-12 02:07:15
132007,Avi,More,,4846663259,Guntakal,Uttarakhand,2026-02-19 20:38:39
132018,Indrajit,Golla,,3374711398,Shimla,Nagaland,2026-04-29 10:58:16
132050,,Dewan,bhattlipika@example.org,8258144265,Singrauli,Uttar Pradesh,2026-06-04 21:45:35
132090,Siddharth,Narayan,,2386904447,Pondicherry,Arunachal Pradesh,2026-01-26 20:36:52
132092,Dhruv,Mukherjee,,5470633405,Gudivada,Gujarat,2026-06-09 16:39:45
132134,,Amble,patrick87@example.org,1446346842,Thrissur,Goa,2026-01-25 23:19:36
132138,,Memon,hemani87@example.com,6933360346,Akola,Meghalaya,2026-04-28 00:36:27
132149,,Prasad,om74@example.org,7307637304,Kishanganj,Bihar,2026-03-23 19:56:28
132162,Jagvi,Atwal,,9228166620,Nadiad,Gujarat,2026-05-27 21:02:46
132164,Harita,Dalal,,7287655163,Kharagpur,Haryana,2026-04-17 19:13:05
132169,,Sur,madanqasim@example.com,5046379314,Pondicherry,Kerala,2026-03-10 22:16:40
132209,,Handa,baljiwan92@example.net,4292478835,Gaya,Andhra Pradesh,2026-03-12 18:13:43
132218,,Khalsa,hpandit@example.org,9394560313,Imphal,Punjab,2026-03-05 08:19:17
132286,,Zacharia,uvala@example.net,9572367119,Erode,Gujarat,2026-02-01 01:24:44
132336,,Deo,lnair@example.com,7924715729,Chapra,Assam,2026-01-02 16:24:19
132392,Gayathri,Agarwal,,3482565388,Khora ,Jharkhand,2026-05-10 00:48:16
132406,Gabriel,Acharya,,9949485925,Gudivada,Arunachal Pradesh,2026-05-08 22:16:54
132412,,Sood,henrywali@example.com,3471565628,Indore,Chhattisgarh,2026-05-23 21:01:30
132414,,Gulati,saanvi83@example.org,4077528721,Jalandhar,Tripura,2026-02-23 02:24:17
132424,Anvi,Chand,,8087008676,Tadepalligudem,Manipur,2026-06-26 23:41:39
132447,Vamakshi,Narasimhan,,2632499420,Davanagere,Maharashtra,2026-06-26 22:36:44
132464,,Bala,choudhrybalhaar@example.net,6176034493,Uluberia,Bihar,2026-02-03 09:47:35
132472,,Saraf,kalatanveer@example.org,4437179527,Miryalaguda,Manipur,2026-04-19 23:36:43
132516,Om,Bobal,,1783889846,Shimoga,Chhattisgarh,2026-06-15 11:04:12
132523,Ladli,Gera,,1150366296,Sikar,West Bengal,2026-01-30 20:35:06
132528,,Saha,kamya66@example.com,4553568522,Chittoor,Bihar,2026-01-08 04:26:55
132535,,Tak,chaudharyjack@example.net,8244323716,Dibrugarh,Manipur,2026-04-02 04:03:28
132537,,Rajagopal,anitadhar@example.org,8213575878,Raichur,Punjab,2026-04-10 20:27:45
132553,Gautam,Keer,,2024942758,Surendranagar Dudhrej,Maharashtra,2026-06-22 04:13:36
132555,,Patil,chadudant@example.net,1053652634,Guntur,Andhra Pradesh,2026-04-26 18:56:51
132573,,Srinivasan,isuresh@example.net,1436560408,Raichur,Bihar,2026-04-21 15:02:30
132596,Yochana,Gulati,,4513742956,Ballia,Chhattisgarh,2026-05-01 19:35:44
132633,Zashil,Gupta,,6674565156,Gorakhpur,Punjab,2026-03-11 07:34:21
132647,,Tailor,dyalvictor@example.net,4199025539,Rajahmundry,Uttar Pradesh,2026-03-23 11:32:13
132669,Harita,Gera,,4071685058,Jalandhar,Rajasthan,2026-05-01 14:43:52
132692,Ikbal,Parmar,,1478664447,Karimnagar,Haryana,2026-03-25 14:36:06
132727,Nimrat,Kaul,,83062558,Kakinada,Maharashtra,2026-01-07 14:46:21
132742,Lucky,Malhotra,,1452654068,Jamnagar,Karnataka,2026-03-03 00:58:29
132747,,Dhaliwal,zayan42@example.com,629324942,Akola,Arunachal Pradesh,2026-02-20 08:00:04
132753,Lopa,Borah,,4860506592,Mahbubnagar,Uttar Pradesh,2026-01-20 13:23:30
132777,Rehaan,Sood,,7276963380,Lucknow,Tamil Nadu,2026-05-09 09:16:03
132796,Avi,Munshi,,4018275284,Bardhaman,Himachal Pradesh,2026-06-24 10:46:35
132820,,Garg,mistryoviya@example.org,5984589036,Gopalpur,Sikkim,2026-01-28 19:25:57
132848,Ayaan,Narayan,,9695671052,Aizawl,Chhattisgarh,2026-02-14 10:33:17
132853,,Dayal,rohandivan@example.org,6318314198,Kharagpur,Uttar Pradesh,2026-06-21 09:23:58
132902,,Sen,laban77@example.org,4071356641,Agra,Chhattisgarh,2026-04-19 08:34:47
132909,Anmol,Subramaniam,,7046527193,Berhampur,Punjab,2026-01-16 05:50:49
132917,Sara,Dora,,4100108749,Nashik,Mizoram,2026-02-26 04:51:12
132961,Wahab,Mangat,,3926442604,Siliguri,Gujarat,2026-04-02 10:15:15
132979,,Mangat,dayita39@example.org,7437892727,Muzaffarpur,Chhattisgarh,2026-06-24 19:25:00
133010,,Morar,echahal@example.org,6682799626,Katihar,West Bengal,2026-06-18 06:59:30
133064,,Kashyap,sulemadhav@example.net,3718865173,Avadi,Sikkim,2026-04-15 07:25:20
133069,Ekavir,Sarna,,9103886280,Kolkata,Goa,2026-05-28 21:27:33
133103,Harshil,Bhatti,,8304046396,Raiganj,Haryana,2026-04-08 16:25:30
133185,Tarak,Borra,,6584842301,Tadipatri,Tripura,2026-03-16 18:37:18
133226,Mohini,Savant,,3366057389,Etawah,Bihar,2026-02-07 06:58:29
133235,,Raju,devanshkara@example.net,7596551501,Naihati,Haryana,2026-02-20 07:54:58
133264,Jack,Devan,,2947031200,Panchkula,Kerala,2026-06-28 09:58:55
133318,,Khalsa,nakshom@example.com,6608014300,Saharsa,Assam,2026-04-21 12:54:46
133330,,Aggarwal,rastogiharinakshi@example.net,5042264392,Bijapur,Goa,2026-02-13 03:59:25
133350,Wahab,Dua,,6050457914,Pudukkottai,Andhra Pradesh,2026-01-26 08:20:32
133385,Wriddhish,Bhakta,,5658915628,Jaunpur,Kerala,2026-01-26 15:04:36
133421,,Mahajan,irai@example.net,4456741020,Maheshtala,Gujarat,2026-05-31 10:23:54
133452,,Sama,zarna00@example.net,2319211944,Fatehpur,Gujarat,2026-05-05 05:22:14
133473,,Swamy,brijeshkata@example.net,5285287785,Saharsa,Telangana,2026-06-17 15:07:24
133474,Nidhi,Chaudhary,,1468848436,Darbhanga,Chhattisgarh,2026-05-07 22:55:51
133491,Robert,Nori,,305594971,Haldia,Jharkhand,2026-03-16 09:40:23
133498,,Kumar,varughesedominic@example.net,6274463348,Nagpur,Gujarat,2026-01-11 17:38:48
133499,,Badal,gaurangom@example.org,5827706585,Tezpur,Andhra Pradesh,2026-06-29 19:40:04
133583,Charita,Barad,,1206162909,Nagercoil,Karnataka,2026-01-12 04:04:15
133593,,Mohanty,vasaaarnav@example.org,1751773269,Bangalore,Uttar Pradesh,2026-06-09 19:17:22
133615,Vrinda,Raju,,245046269,Bhiwandi,Madhya Pradesh,2026-05-08 20:48:31
133659,,Palla,sanaya40@example.org,5453644377,Kanpur,Haryana,2026-03-28 22:44:17
133721,,Varughese,kabirgole@example.org,1924844089,Noida,Jharkhand,2026-05-06 02:13:31
133769,Luke,Murthy,,4257547784,Orai,West Bengal,2026-02-14 00:23:35
133772,,Nagy,andrewmohan@example.com,6369902550,Muzaffarpur,Arunachal Pradesh,2026-05-18 05:41:05
133782,,Malhotra,riyaprabhakar@example.com,350861484,Srikakulam,Andhra Pradesh,2026-06-11 23:36:56
133842,Ucchal,Kohli,,4323233175,Uluberia,Rajasthan,2026-02-13 16:51:04
133869,Vinaya,Sharaf,,8139395622,Bihar Sharif,Meghalaya,2026-01-20 07:33:56
133870,,Dara,kalitaamaira@example.com,2069808405,Sambhal,Himachal Pradesh,2026-05-09 15:09:50
133890,,Agarwal,mukherjeeqasim@example.org,3069267673,Pondicherry,Haryana,2026-01-28 07:42:35
133900,,Bhatia,jtailor@example.net,8368689649,Ambarnath,Bihar,2026-06-13 15:49:23
133906,Lucky,Sha,,9321854243,Rajpur Sonarpur,Odisha,2026-05-16 07:54:29
133974,Arjun,Bhalla,,7783054938,Pondicherry,Meghalaya,2026-05-31 16:03:04
133997,Ayushman,Tank,,86293667,Burhanpur,Himachal Pradesh,2026-06-21 03:05:58
134007,Hiral,Master,,9467886610,Guntur,Haryana,2026-05-21 02:30:39
134023,,Mand,nagianusha@example.net,1823632390,Aurangabad,Sikkim,2026-06-18 05:18:35
134037,Tanveer,Gera,,6883981360,Munger,Punjab,2026-02-08 19:37:19
134049,Darika,Suri,,114573551,Mumbai,Gujarat,2026-06-12 08:00:46
134090,Vivaan,Korpal,,2963715983,Khora ,Kerala,2026-05-23 18:03:36
134108,Lipika,Mohanty,,118713079,Dharmavaram,Bihar,2026-02-02 06:51:56
134159,,Gokhale,virajmaharaj@example.com,3715787484,Katni,Kerala,2026-04-02 18:12:44
134183,,Narayan,nagyzayan@example.net,405264461,Unnao,Kerala,2026-05-09 19:00:25
134191,,Sem,xkannan@example.com,4291561886,Ongole,Haryana,2026-01-04 20:03:49
134210,,Dixit,abhimanyuwagle@example.org,7670674605,Guntur,Meghalaya,2026-05-07 07:53:53
134238,,Vaidya,turvi47@example.com,7843551933,Bikaner,Tripura,2026-01-28 07:39:24
134259,Vasatika,Chandra,,9951283588,Surat,Bihar,2026-04-03 23:01:14
134275,Jairaj,Gara,,4312546726,Saharanpur,Tamil Nadu,2026-05-14 10:30:19
134336,,Sidhu,aarushchatterjee@example.org,9004536475,Narasaraopet,Maharashtra,2026-02-06 09:00:28
134373,Bishakha,Badal,,6886078549,Kochi,Assam,2026-02-03 22:27:10
134378,,Borra,tcherian@example.net,6344417468,Nandyal,Telangana,2026-04-09 09:23:05
134413,,Bobal,shivani82@example.com,375729912,Aizawl,Mizoram,2026-01-10 03:05:34
134502,,Bhakta,yug64@example.net,5714408221,Satna,Bihar,2026-05-24 04:23:45
134516,David,Patil,,6011202282,Pimpri-Chinchwad,Assam,2026-05-10 01:27:01
134525,,Lata,qgrover@example.com,3016905915,Gwalior,Meghalaya,2026-01-05 02:53:03
134538,,Chaudhry,rkalla@example.net,281470520,Madhyamgram,Punjab,2026-06-16 05:28:50
134579,Jasmit,Narain,,4814223621,Nandyal,Gujarat,2026-04-09 07:02:50
134592,,Walia,kallaradhika@example.org,1950813569,Bhalswa Jahangir Pur,Assam,2026-02-24 19:40:25
134606,Orinder,Bajaj,,7005682808,Kavali,Odisha,2026-01-22 11:19:51
134645,,Srinivas,yoshita56@example.org,5177140926,Pune,Andhra Pradesh,2026-01-25 11:33:27
134646,,Lalla,omkaarbassi@example.net,156074914,Ahmednagar,Meghalaya,2026-01-12 16:26:37
134647,Christopher,Borra,,4980040557,Hospet,Chhattisgarh,2026-01-20 01:27:00
134669,Zayyan,Koshy,,2156896839,Coimbatore,Arunachal Pradesh,2026-04-27 20:40:26
134707,,Badal,ctara@example.com,8969872896,Pune,Assam,2026-05-22 13:25:42
134718,Xalak,Wable,,1639041886,Chittoor,Maharashtra,2026-02-23 20:51:53
134723,,Gandhi,rwable@example.org,8753073141,Hajipur,Uttarakhand,2026-03-08 05:10:09
134727,,Thaman,,7607094153,Visakhapatnam,Arunachal Pradesh,2026-01-06 14:22:48
134738,Robert,Misra,,7555185050,Gwalior,Telangana,2026-01-02 04:32:55
134760,,Saran,ucchalchokshi@example.org,4583828635,Amaravati,Jharkhand,2026-05-14 10:33:16
134822,Shivansh,Chatterjee,,7459676925,Patna,Odisha,2026-02-03 15:36:02
134944,,Pai,aarav06@example.net,5419405890,Asansol,Mizoram,2026-04-17 17:57:33
135003,Yasti,Contractor,,2050315081,Pallavaram,Tamil Nadu,2026-02-18 00:39:58
135027,,Guha,psule@example.org,3856478560,Katni,Tamil Nadu,2026-01-17 15:16:51
135036,Faqid,Kurian,,9398998314,Chennai,West Bengal,2026-05-18 09:35:57
135057,,Nayar,anikakrishna@example.net,3025375823,Durgapur,Chhattisgarh,2026-03-29 03:46:18
135065,Anusha,Oommen,,1743708743,Warangal,Goa,2026-01-02 22:50:03
135083,,Bhagat,dayalpooja@example.net,598586173,Raurkela Industrial Township,Madhya Pradesh,2026-06-28 07:55:10
135125,Wakeeta,Virk,,8543051824,Bhilai,Tamil Nadu,2026-04-06 04:01:57
135147,Abha,Vala,,3526116615,Tinsukia,Odisha,2026-01-29 18:23:30
135195,,Agarwal,yohannanmeghana@example.com,558275599,Farrukhabad,Mizoram,2026-02-03 20:29:55
135237,Praneel,Deo,,9267297796,Purnia,Himachal Pradesh,2026-04-25 03:41:26
135270,,Vig,chauhanupasna@example.org,8293637686,Alwar,Odisha,2026-03-17 10:48:12
135276,Baghyawati,Dyal,,1209995383,Silchar,Goa,2026-05-03 03:34:55
135286,Omaja,Banerjee,,3723927686,Mau,Madhya Pradesh,2026-01-10 14:10:03
135299,Michael,Lall,,6967289029,Bettiah,Odisha,2026-01-19 10:36:52
135301,,Gaba,nchoudhry@example.net,4424097462,Raichur,Telangana,2026-06-10 01:25:17
135332,Siddharth,Bahri,,880393929,Ballia,Nagaland,2026-02-17 16:07:35
135344,,Bal,wrideshjhaveri@example.com,4471156406,Dindigul,Meghalaya,2026-06-17 07:49:38
135375,,Mitter,girik62@example.org,8500847031,Thrissur,Arunachal Pradesh,2026-02-27 03:34:31
135397,Joshua,Bose,,9815597776,Bathinda,Gujarat,2026-05-17 01:15:19
135402,Yatin,Tailor,,304346811,Unnao,Meghalaya,2026-01-23 13:09:25
135438,Kritika,Kashyap,,7003016066,Raiganj,Andhra Pradesh,2026-03-01 00:19:09
135440,,Oommen,nidrakeer@example.com,2770624945,Bharatpur,Mizoram,2026-04-04 08:31:15
135478,,Gade,ekta65@example.net,9557702883,Ujjain,Nagaland,2026-04-15 18:09:57
135501,Jack,Sodhi,,5064522219,Pondicherry,Mizoram,2026-03-19 13:18:06
135569,,Mammen,abhatt@example.net,5454502215,Kadapa,Kerala,2026-05-27 04:25:29
135572,,Nadig,jhalaknatt@example.com,9132500854,Kulti,Gujarat,2026-04-17 07:26:12
135600,,Bumb,,7387472525,Aurangabad,Tripura,2026-01-10 05:04:38
135673,Vanya,Doshi,,42114021,Ratlam,Himachal Pradesh,2026-04-07 14:18:32
135684,,Sawhney,rboase@example.com,8522785171,Jorhat,Tamil Nadu,2026-04-21 19:36:03
135747,,Bhandari,ijayazacharia@example.com,7365294177,Patna,West Bengal,2026-03-14 23:55:47
135775,,Joshi,prakashayush@example.com,7219157392,Surendranagar Dudhrej,Manipur,2026-02-09 20:54:15
135789,,Ramachandran,umangborra@example.com,2667275695,Buxar,Uttarakhand,2026-01-11 04:44:23
135799,,Thaman,janibalvan@example.com,1340130878,Satara,Maharashtra,2026-06-13 21:49:32
135818,,Jha,frado27@example.org,17021999,Uluberia,Gujarat,2026-03-31 04:35:28
135821,Wridesh,Dyal,,6633611175,Lucknow,Sikkim,2026-04-14 03:30:21
135835,,Natt,eta44@example.com,7597888686,Nangloi Jat,Chhattisgarh,2026-05-21 08:11:23
135843,Amara,Iyer,,8777155370,Mysore,Nagaland,2026-05-14 13:22:19
135940,,Keer,seshadrizehaan@example.com,5121463958,Bijapur,Maharashtra,2026-02-17 15:38:26
135949,,Din,yochanashanker@example.net,268682300,Avadi,Punjab,2026-03-03 22:56:25
136027,Varenya,Bhagat,,9525336521,Bangalore,Tripura,2026-03-23 11:59:08
136028,Dhriti,Dar,,2724918431,Nagaon,West Bengal,2026-05-25 10:42:45
136044,,Luthra,nagarati@example.net,816790353,Latur,Himachal Pradesh,2026-04-05 11:57:00
136103,,Panchal,fiyaz88@example.net,4362624527,Unnao,Rajasthan,2026-05-07 23:38:52
136117,Adya,Chakrabarti,,6796993906,Singrauli,Andhra Pradesh,2026-05-15 09:50:29
136121,Vyanjana,Sundaram,,5273909641,Hajipur,Mizoram,2026-05-11 01:56:57
136138,,Natt,saanvi90@example.com,9397099347,Kharagpur,Kerala,2026-05-06 10:01:33
136180,,Dalal,thakerzayan@example.net,5939775601,Raipur,Andhra Pradesh,2026-03-04 12:55:37
136185,,Rao,biswasaachal@example.com,3148025757,Pali,Maharashtra,2026-03-11 03:51:37
136194,,Kumer,chakrabartiekalinga@example.com,8737949126,Satara,Gujarat,2026-05-18 22:59:19
136200,Elijah,Madan,,1239228247,Serampore,Maharashtra,2026-01-12 11:48:15
136216,Tarak,Naidu,,5676615848,Solapur,Himachal Pradesh,2026-06-27 13:52:18
136291,,Kibe,yashvisami@example.com,8842473476,Tiruppur,Uttarakhand,2026-02-20 07:32:54
136313,,Chanda,baradjackson@example.org,6456900822,Rajahmundry,Mizoram,2026-04-07 13:01:15
136355,,Malhotra,yatinhora@example.org,9488236980,Kurnool,Meghalaya,2026-05-12 12:10:45
136362,,Chanda,harinakshisundaram@example.org,4726146606,Tiruppur,Tamil Nadu,2026-01-31 16:14:46
136387,Shravya,Prabhakar,,9055392328,Patna,Bihar,2026-02-21 19:30:45
136393,,Vora,jagdishsawhney@example.org,9375608622,Rohtak,Kerala,2026-05-09 09:18:26
136400,Anika,Brar,,8378071124,New Delhi,Sikkim,2026-05-01 16:40:47
136404,,Naidu,chatura83@example.net,9722239690,Bettiah,Nagaland,2026-04-12 16:57:07
136425,Krishna,Chakrabarti,,9014472244,Jalandhar,Tripura,2026-01-05 21:40:18
136480,,Raj,jyoti07@example.com,5376616277,Eluru,Goa,2026-01-30 17:11:20
136492,Elijah,Varma,,5178289725,Satna,Jharkhand,2026-02-17 16:15:57
136567,Faras,Ganguly,,6356473846,Cuttack,Goa,2026-02-06 01:27:41
136590,,Varma,tdada@example.net,2448371777,Raichur,Uttarakhand,2026-01-02 04:43:11
136592,,Khanna,jairajaggarwal@example.com,7098616262,Amravati,Haryana,2026-02-21 23:36:43
136603,Osha,Nayar,,8280637773,Haridwar,Maharashtra,2026-04-06 03:32:35
136605,Chakradhar,Shroff,,7171400362,Arrah,Jharkhand,2026-02-15 22:33:17
136610,Hredhaan,Sem,,3882419483,Guna,Tripura,2026-01-10 05:20:37
136631,Nakul,Parsa,,7032855606,Gangtok,Mizoram,2026-05-09 18:18:10
136648,,Vig,urmi97@example.com,5798419294,Bhiwandi,Uttarakhand,2026-05-05 19:49:07
136701,,Sidhu,edhitha81@example.org,6750168319,Jammu,Tamil Nadu,2026-04-12 09:16:20
136716,,Dhaliwal,george19@example.net,8508914775,Muzaffarpur,Nagaland,2026-03-06 02:54:33
136727,Vanya,Lalla,,2913206132,Pimpri-Chinchwad,Rajasthan,2026-03-10 04:05:19
136739,Eiravati,Bhatia,,9970813803,Burhanpur,West Bengal,2026-03-29 08:28:21
136744,Ikshita,Kapoor,,2893791989,Berhampur,Andhra Pradesh,2026-02-26 13:50:35
136747,,Murty,sagaralexander@example.org,4368798400,Siliguri,Tamil Nadu,2026-01-21 03:35:02
136752,Chatura,Bhat,,1907679271,Bidar,Nagaland,2026-04-23 00:48:04
136772,,Goyal,osha49@example.org,5923101167,Naihati,Tamil Nadu,2026-03-25 23:33:45
136793,,Madan,uppalishita@example.net,5811471844,Purnia,West Bengal,2026-05-28 12:51:58
136794,,Vig,nidhi78@example.org,5372230080,Tadipatri,Bihar,2026-06-04 10:15:19
136872,,Choudhury,anitadhaliwal@example.com,4754545841,Dehradun,Nagaland,2026-04-09 09:01:47
136914,,Krishna,krishnapall@example.org,9278254518,Moradabad,Rajasthan,2026-03-13 11:27:10
136999,Rachita,Banerjee,,4910072020,Tiruchirappalli,Tripura,2026-04-04 11:58:15
137043,,Balay,vchhabra@example.com,4105203480,Berhampur,Tripura,2026-02-23 16:16:26
137076,,Raju,ijayapurohit@example.com,9019757444,Kishanganj,Madhya Pradesh,2026-03-29 21:18:32
137087,Anvi,Ramaswamy,,3387761908,Malegaon,Assam,2026-03-01 11:18:13
137099,,Saraf,rehaanramanathan@example.com,8829969633,Panchkula,Assam,2026-04-07 00:58:36
137115,,Chandran,fdugal@example.org,5340867384,Tadipatri,Telangana,2026-05-30 02:37:42
137390,,Biswas,kamya50@example.com,2912404065,Raiganj,Jharkhand,2026-02-12 03:05:21
137393,Unnati,Soni,,8751868983,Kota,Chhattisgarh,2026-04-18 11:41:38
137396,Wahab,Krishna,,8651689810,Kirari Suleman Nagar,Odisha,2026-06-14 12:30:20
137425,,Mitter,sudikshareddy@example.org,5349886458,Haridwar,Bihar,2026-06-28 02:12:59
137426,Watika,Dhar,,4345049701,Amroha,Uttarakhand,2026-05-14 01:43:11
137451,Harsh,Dora,,2433404010,Anantapuram,Gujarat,2026-04-16 10:51:11
137453,Eiravati,Balakrishnan,,3435718403,Vijayawada,Meghalaya,2026-02-17 08:26:35
137466,,Shetty,chandayachana@example.net,354583885,Bhiwani,Assam,2026-06-21 00:16:52
137468,,Pradhan,aayush52@example.net,5101145209,Mathura,Tripura,2026-05-14 03:04:02
137493,Hemal,Behl,,181927209,Purnia,Nagaland,2026-04-14 09:39:35
137565,Amaira,Kuruvilla,,4317687062,Bhimavaram,Madhya Pradesh,2026-01-30 17:00:20
137600,Ekansh,Tailor,,6327865487,Tinsukia,Odisha,2026-04-06 06:56:49
137657,Ishita,Butala,,8731863698,Burhanpur,Manipur,2026-01-29 17:17:07
137659,,Toor,aayushthaman@example.com,6280331006,Parbhani,Punjab,2026-04-10 05:15:47
137701,Ekaraj,Koshy,,7942882524,Tiruvottiyur,Punjab,2026-06-09 10:28:42
137769,,Amble,viswanathanethan@example.com,628732691,Kharagpur,Chhattisgarh,2026-03-29 01:08:28
137802,,Vohra,,5547456823,Allahabad,Arunachal Pradesh,2026-06-23 08:52:34
137817,,Bal,matthew57@example.net,7074012775,Indore,Manipur,2026-06-11 05:12:56
137822,Vamakshi,Pau,,7827641622,Kalyan-Dombivli,Manipur,2026-04-08 20:30:15
137842,Praneel,Chana,,5235927791,Amravati,West Bengal,2026-02-05 22:33:43
137855,,Chandra,janakilall@example.net,9336585144,Panipat,Andhra Pradesh,2026-02-22 21:38:12
137861,,Mukherjee,rbhatti@example.net,4773741771,Ramagundam,Mizoram,2026-03-10 15:58:43
137908,,Rai,kgala@example.org,4432799576,Jamshedpur,Haryana,2026-02-07 20:34:41
137929,Indali,Boase,,5573860075,Rourkela,Arunachal Pradesh,2026-03-03 02:16:01
137992,,Kamdar,pooja57@example.com,5545397369,Secunderabad,Jharkhand,2026-03-14 13:08:42
138037,Yamini,Chad,,2919251371,Amravati,Madhya Pradesh,2026-05-28 15:41:18
138039,Ijaya,Pradhan,,1914077400,Indore,Meghalaya,2026-02-20 22:02:38
138062,,Goda,qdhingra@example.net,5768338241,Tiruvottiyur,Telangana,2026-04-12 07:53:38
138075,Omya,Bora,,4193249975,Motihari,Goa,2026-04-02 10:51:52
138084,Jason,Char,,6927863567,Akola,Madhya Pradesh,2026-01-09 13:29:19
138113,,Dewan,logankhosla@example.org,7781267808,Gwalior,Haryana,2026-01-24 19:32:21
138125,Anamika,Bahl,,3732565717,Ranchi,Maharashtra,2026-05-30 14:25:39
138199,,Din,korpalekalinga@example.net,1701563801,Warangal,Bihar,2026-03-04 07:44:42
138224,Chandresh,Varty,,8682169914,Warangal,Andhra Pradesh,2026-04-06 23:39:58
138264,,Sami,harita79@example.com,3980906842,Jaunpur,Mizoram,2026-04-09 20:51:04
138275,Peter,Shenoy,,9578827558,Dindigul,Tamil Nadu,2026-01-23 17:53:45
138278,,Deep,rohanbhatnagar@example.org,3744333353,Gwalior,Meghalaya,2026-05-31 06:48:53
138321,Jyoti,Narayan,,6641837390,Kochi,Gujarat,2026-06-11 04:27:34
138324,Shivani,Bose,,3575620419,Ranchi,Odisha,2026-04-19 13:21:35
138355,,Khosla,gaurangiamble@example.org,2664788750,Bettiah,Punjab,2026-02-12 15:40:53
138429,,Koshy,palxiti@example.com,1706719810,Ozhukarai,Tripura,2026-06-09 16:40:19
138450,Robert,Purohit,,557118238,Allahabad,Maharashtra,2026-01-22 20:19:53
138453,Bhavani,Bhardwaj,,5340556458,Bokaro,Rajasthan,2026-02-09 18:15:55
138459,,Thakkar,manthanmorar@example.net,6573897239,Anantapuram,Telangana,2026-03-01 00:46:08
138468,Orinder,Goyal,,1658186922,Bhatpara,Goa,2026-06-16 23:37:43
138478,Tanay,Tiwari,,8602949893,New Delhi,Manipur,2026-04-04 20:06:31
138532,Oviya,Lala,,5430710241,Howrah,Meghalaya,2026-05-17 07:12:10
138569,,Mand,yugdada@example.com,9398337646,Vijayawada,Telangana,2026-02-11 14:36:26
138576,Onkar,Dhar,,9300329018,Panvel,Telangana,2026-02-04 20:36:18
138613,,Kara,jdeo@example.org,917643879,Mau,Mizoram,2026-03-30 23:48:51
138653,Gautami,Deep,,811832012,Nagercoil,Himachal Pradesh,2026-02-21 14:48:16
138671,Chaitaly,Radhakrishnan,,9208716711,Muzaffarpur,Arunachal Pradesh,2026-03-06 20:46:39
138685,Turvi,Bhagat,,6908109943,Proddatur,Tripura,2026-01-21 11:15:42
138690,Dev,Jhaveri,,216443000,Ranchi,Karnataka,2026-01-17 04:22:28
138691,,Warrior,bhavini27@example.org,6947354513,Erode,Andhra Pradesh,2026-05-18 09:36:19
138693,Zinal,Bala,,7548734166,Bhilwara,Meghalaya,2026-04-08 23:35:18
138702,,Dewan,khoslajeevika@example.net,1335942076,Ahmedabad,Sikkim,2026-06-14 20:18:52
138773,,Bala,suhanimukherjee@example.org,9111084746,Nagercoil,Kerala,2026-06-18 09:16:07
138793,,Kata,jbakshi@example.net,1821658050,Kota,Bihar,2026-06-14 03:40:36
138830,,Walla,radha08@example.com,3680042659,Madurai,Tripura,2026-05-22 19:15:29
138857,,Sharaf,nandaaachal@example.com,9564837165,Agra,Meghalaya,2026-01-08 16:15:00
138872,,Goel,garima75@example.com,5565062850,Solapur,Rajasthan,2026-03-07 17:07:50
138887,Aarini,Iyer,,6202192857,Ulhasnagar,Nagaland,2026-05-16 22:25:37
138905,Shivani,Kari,,8440734886,Thrissur,Nagaland,2026-02-28 20:44:01
138908,,Mutti,rvirk@example.net,4666971646,Nandyal,Chhattisgarh,2026-04-19 13:55:44
138910,,Borde,chaitalydar@example.com,9257440134,Lucknow,Tripura,2026-03-22 18:38:47
138921,Chandran,Sandhu,,8426591930,Davanagere,Andhra Pradesh,2026-03-03 23:30:50
138970,Orinder,Sethi,,4818351709,Dehri,Uttar Pradesh,2026-02-17 11:35:20
139031,,Ramakrishnan,ekta41@example.org,7133881587,Guna,Kerala,2026-06-24 04:14:31
139043,Ekalinga,Mitra,,863362309,Amritsar,Gujarat,2026-06-21 03:12:44
139054,,Nazareth,warhibarad@example.net,6292679064,Nagaon,Bihar,2026-03-12 07:49:14
139142,Ojas,Mander,,9032930684,Jalandhar,Assam,2026-02-25 06:37:18
139193,Orinder,Viswanathan,,6319767458,Dhanbad,Haryana,2026-05-25 21:27:31
139194,Sudiksha,Jani,,5731699256,Nanded,Telangana,2026-05-10 18:36:32
139205,,Naidu,ssen@example.com,3797250076,Gurgaon,Maharashtra,2026-06-28 11:52:30
139232,Noah,Grover,,2402345734,Panchkula,Assam,2026-02-01 02:14:55
139236,Vyanjana,Koshy,,1904986656,Gorakhpur,Haryana,2026-03-06 04:55:01
139247,Triya,Puri,,8952258626,Arrah,Tamil Nadu,2026-01-26 16:38:35
139266,Darpan,Modi,,8766633181,Vasai-Virar,Uttarakhand,2026-03-17 23:42:44
139272,Oeshi,Kala,,4651074853,Kolhapur,Mizoram,2026-01-13 21:21:53
139279,Manan,Kohli,,1991950501,Jamshedpur,Arunachal Pradesh,2026-03-23 17:39:43
139280,,Banerjee,sachdevabhavika@example.com,9299767112,Tiruppur,Maharashtra,2026-01-23 20:10:07
139299,,Ramanathan,ayushman75@example.net,2283055644,Gudivada,Mizoram,2026-01-23 08:35:39
139308,Leela,Khanna,,7669687853,Ulhasnagar,Tamil Nadu,2026-01-29 23:38:51
139329,,Ramanathan,urvashi69@example.org,9330168871,Silchar,Haryana,2026-06-07 01:40:00
139335,,Pradhan,bhatiawarhi@example.com,5557669519,Gandhidham,Telangana,2026-03-17 05:32:50
139383,,Bobal,nwason@example.net,3002583566,Vadodara,Karnataka,2026-05-03 13:27:05
139400,Balveer,Magar,,7306106322,New Delhi,Meghalaya,2026-04-29 13:36:06
139428,,Kade,duttturvi@example.com,7322680943,Morena,Mizoram,2026-06-29 22:29:20
139436,Balvan,Chokshi,,44006851,Tezpur,Bihar,2026-06-21 15:04:33
139444,Siddharth,Vala,,1218119563,Rewa,West Bengal,2026-02-09 13:22:18
139448,,Vaidya,anjali64@example.com,8743147097,Dibrugarh,Meghalaya,2026-01-08 10:47:29
139484,,Bava,dkeer@example.org,1134981286,Berhampur,Nagaland,2026-06-06 14:49:26
139505,,Mahajan,yatinborra@example.net,2199983161,Sagar,Maharashtra,2026-03-13 02:49:12
139522,Manthan,Yogi,,5816436151,Sagar,Odisha,2026-02-21 07:02:32
139563,,Bala,contractorlohit@example.org,5256586192,Noida,West Bengal,2026-01-20 01:43:08
139618,Forum,Rastogi,,9428627630,Nagercoil,Manipur,2026-02-20 07:55:26
139632,,Deep,jbaria@example.com,5220431900,Sambhal,Madhya Pradesh,2026-04-05 22:26:48
139650,,Bassi,vnagi@example.org,5135998405,Buxar,Tripura,2026-06-04 04:10:44
139690,,Solanki,sidhuarya@example.org,517225684,Shahjahanpur,Tripura,2026-03-10 17:58:13
139704,,Bala,,5844982108,Vasai-Virar,Punjab,2026-03-17 04:21:47
139857,Tara,Sagar,,1046313109,Kamarhati,Manipur,2026-01-04 03:07:38
139921,,Ravel,nitaraaurora@example.net,1908760831,Aurangabad,Kerala,2026-03-31 23:39:47
139976,Damini,Rattan,,5461519056,Agra,West Bengal,2026-06-02 19:18:45
140017,Amol,Wable,,348516789,Chittoor,Meghalaya,2026-05-20 08:59:03
140018,,Dixit,ishitamall@example.org,7829429381,Amravati,Rajasthan,2026-03-02 14:33:53
140040,Mason,Chakraborty,,7667390924,Delhi,Goa,2026-05-14 13:29:50
140057,Timothy,Sachdev,,6946908072,Karimnagar,Goa,2026-06-09 12:36:32
140090,Advay,Bakshi,,2060167523,Udupi,Punjab,2026-05-01 19:59:35
140107,,Hayre,mvala@example.net,1065421774,Alwar,Odisha,2026-06-28 19:08:57
140113,Widisha,Dhaliwal,,764789224,Siwan,Chhattisgarh,2026-04-11 13:45:38
140120,,Bahri,rajagopalanmanya@example.net,8033732612,Naihati,Meghalaya,2026-04-12 15:53:18
140133,Yatin,Buch,,7052029628,Tinsukia,Madhya Pradesh,2026-04-03 03:56:26
140151,Dipta,Samra,,8880664647,Baranagar,Meghalaya,2026-04-02 01:42:10
140218,Idika,Bhardwaj,,4981024057,Etawah,Jharkhand,2026-04-03 02:22:58
140220,,Kari,wmani@example.org,4196080011,Coimbatore,Sikkim,2026-03-25 03:18:18
140221,Dayamai,Seshadri,,6858765238,Karimnagar,Jharkhand,2026-02-18 11:26:30
140247,,Ravel,mohammed39@example.net,4247352871,Serampore,West Bengal,2026-03-30 09:45:09
140257,,Panchal,aarushdutt@example.net,1440200977,Jaunpur,Chhattisgarh,2026-01-29 13:37:56
140284,Max,Guha,,5687943455,Vijayawada,Tripura,2026-06-23 13:35:20
140288,Darpan,Grewal,,4999114979,Malegaon,Uttarakhand,2026-03-04 23:31:18
140293,,Gulati,sastrysai@example.org,2015556364,Chittoor,Bihar,2026-06-05 23:20:16
140308,Kashvi,Sheth,,87926073,Gaya,Andhra Pradesh,2026-04-07 11:18:27
140309,Lakshmi,Saran,,9078622887,Kolhapur,Madhya Pradesh,2026-03-30 07:31:02
140316,Abdul,Badal,,216477321,Kirari Suleman Nagar,Haryana,2026-04-16 04:05:07
140328,Shaurya,Chanda,,8470129699,Khandwa,Nagaland,2026-01-27 10:48:42
140370,Upkaar,Johal,,3021683041,Medininagar,Uttar Pradesh,2026-03-31 23:32:50
140401,,Sarna,chaitanyaahuja@example.org,9164492840,Tirupati,Maharashtra,2026-05-07 21:17:07
140406,Yashica,Deol,,6638472247,Tiruchirappalli,Chhattisgarh,2026-02-01 08:30:52
140413,Priya,Biswas,,8851980417,Bhagalpur,Rajasthan,2026-01-31 08:51:31
140447,Ira,Hegde,,1054426225,Nagpur,Uttar Pradesh,2026-05-30 00:37:30
140482,,Basu,wahabbhakta@example.net,5400168345,Amroha,Chhattisgarh,2026-04-17 13:43:55
140512,,Talwar,forumdubey@example.com,3623039474,Bilaspur,Tamil Nadu,2026-05-20 17:19:49
140515,,Murty,labansidhu@example.com,9102848193,Burhanpur,Tamil Nadu,2026-05-28 15:22:40
140577,Libni,Rajan,,2469527083,Shahjahanpur,Andhra Pradesh,2026-06-29 08:36:32
140586,Thomas,Pillai,,5358754844,Kulti,Meghalaya,2026-06-07 04:24:10
140633,Rishi,Loyal,,4090352729,Sambhal,Uttarakhand,2026-06-04 18:32:00
140639,Quincy,Mand,,8424557893,Adoni,Maharashtra,2026-05-05 21:57:28
140651,,Aggarwal,handaamrita@example.com,1869376856,Bilaspur,Gujarat,2026-06-22 02:19:08
140663,,Dewan,chackovyanjana@example.net,4358749518,Narasaraopet,Gujarat,2026-04-26 18:55:51
140698,,Mody,zashilkala@example.net,1021599052,Erode,Haryana,2026-06-05 02:15:32
140719,Jeet,Tata,,832708647,Barasat,Gujarat,2026-04-02 08:17:05
140748,,Chada,yachana55@example.org,1602120696,Madanapalle,Goa,2026-03-25 05:22:06
140779,Ladli,Jain,,321330736,Bulandshahr,Madhya Pradesh,2026-01-25 05:56:01
140787,Warinder,Dar,,1002995132,Giridih,Punjab,2026-02-04 17:35:09
140794,Umang,Pathak,,342491808,Malegaon,Uttar Pradesh,2026-04-29 05:23:45
140824,,Khurana,wishi76@example.net,3452686045,Mysore,Madhya Pradesh,2026-04-12 09:10:41
140830,,Ghosh,bhattaashi@example.net,6441426992,Srinagar,Uttar Pradesh,2026-02-15 09:12:23
140936,Harshil,Narayan,,7294124421,Sirsa,Haryana,2026-01-21 16:33:26
140975,Frederick,Nagy,,4576128382,Farrukhabad,Rajasthan,2026-04-08 09:10:09
141063,Henry,Swamy,,6850759637,Pune,Bihar,2026-06-13 01:19:29
141078,Gautam,Mane,,5686146075,Hosur,Mizoram,2026-03-04 09:39:46
141079,Joshua,Krishnamurthy,,7812389768,Panihati,Kerala,2026-01-01 14:09:36
141084,Upasna,Natt,,7447103843,Ambattur,Assam,2026-01-29 16:03:15
141111,Mitesh,Dhingra,,4514650856,Chandigarh,Arunachal Pradesh,2026-05-13 21:46:22
141114,,Ganguly,pmand@example.com,9398961214,Guntur,Manipur,2026-03-11 08:29:34
141115,Kritika,Uppal,,9366134436,Hindupur,Manipur,2026-04-14 00:20:26
141119,,Wason,okapoor@example.com,3382271623,Karnal,Chhattisgarh,2026-01-18 11:38:59
141127,,Shankar,kurianmaya@example.net,9749251593,Sirsa,Andhra Pradesh,2026-03-20 23:26:01
141221,,Palla,mukherjeekashish@example.org,9905575368,Bokaro,Gujarat,2026-04-26 04:52:28
141259,Wahab,Bhasin,,681106844,Latur,West Bengal,2026-02-05 05:18:16
141270,,Ghose,tanviyohannan@example.net,4051744398,Bhalswa Jahangir Pur,Uttar Pradesh,2026-06-25 14:53:42
141297,Gopal,Randhawa,,5580722542,Mangalore,Odisha,2026-01-20 14:50:32
141332,Urvashi,Sachdeva,,2781046640,Raurkela Industrial Township,Chhattisgarh,2026-02-12 22:10:56
141366,Onkar,Nair,,8053058933,Bally,Tamil Nadu,2026-05-25 10:35:02
141420,,Wadhwa,girindra08@example.org,3846735771,Satara,Rajasthan,2026-04-25 17:25:17
141424,,Chana,lbobal@example.net,715832021,Srikakulam,Punjab,2026-06-12 04:59:54
141447,Yauvani,Wagle,,4950144815,Thrissur,Tripura,2026-06-15 22:31:54
141448,Lakshit,Bhakta,,7105255617,Etawah,Jharkhand,2026-02-26 19:11:50
141464,Faraj,Batra,,2288942678,Jalgaon,Manipur,2026-04-13 10:50:51
141465,Pallavi,Saha,,6110504135,Mangalore,Andhra Pradesh,2026-06-06 03:28:19
141518,Netra,Kalla,,8194171450,Davanagere,Gujarat,2026-05-07 06:14:43
141522,Balveer,Joshi,,7504149524,Rajahmundry,Jharkhand,2026-03-13 10:53:20
141546,Gaurangi,Khare,,784176687,Vijayawada,Maharashtra,2026-02-26 08:46:57
141614,Ryan,Guha,,3124780985,Alappuzha,Kerala,2026-03-03 09:14:32
141628,,Bhagat,idika37@example.net,2268910493,Bathinda,Haryana,2026-05-20 09:24:57
141640,Aradhana,Badal,,8023383183,Ludhiana,Jharkhand,2026-03-30 17:44:12
141650,Benjamin,Khosla,,2056914106,Bijapur,Assam,2026-04-07 19:48:26
141681,Gaurangi,Bhandari,,6560197998,Kirari Suleman Nagar,Bihar,2026-06-02 22:23:45
141711,Neel,Desai,,7118669551,Noida,Odisha,2026-06-23 08:00:13
141712,,Bumb,dominicbasak@example.net,3666989899,Jalgaon,Meghalaya,2026-05-07 01:00:46
141714,,Sule,lavanya71@example.com,4652974827,Bilaspur,Andhra Pradesh,2026-06-22 10:54:05
141733,,Sani,aashi73@example.net,6310341432,Bathinda,Goa,2026-01-23 15:37:27
141737,Lakshit,Banik,,4216048229,Barasat,Karnataka,2026-03-25 17:29:00
141741,Bhavika,Subramaniam,,2438776102,Serampore,Himachal Pradesh,2026-03-26 20:10:52
141755,,Kulkarni,wahabmajumdar@example.com,3752842134,Jaipur,Uttarakhand,2026-04-16 11:35:51
141758,,Dyal,nachiketnaik@example.org,7834215448,Bhagalpur,Tamil Nadu,2026-06-17 20:00:25
141767,Chatresh,Arya,,8133762011,Bhagalpur,Madhya Pradesh,2026-01-18 09:34:18
141781,Barkha,Gole,,2444398016,Sirsa,Mizoram,2026-03-29 04:28:59
141822,,Barad,pillayelijah@example.net,8491154726,Jamshedpur,Andhra Pradesh,2026-04-11 16:26:44
141834,,Bhatia,arya97@example.org,7814327619,Chennai,Telangana,2026-03-25 18:50:29
141842,,Hora,bhavaninarasimhan@example.com,60710393,Gangtok,Mizoram,2026-02-12 12:38:49
141855,Bhavya,Bala,,2991493449,Buxar,Nagaland,2026-02-05 09:53:48
141864,Charita,Sankaran,,5798409839,Jorhat,Kerala,2026-02-08 15:08:55
141871,,Kannan,shivanidevi@example.org,7758569830,Amritsar,Jharkhand,2026-05-25 15:09:23
141940,Omkaar,Boase,,88420067,Dharmavaram,Madhya Pradesh,2026-06-10 00:19:47
141943,Yashoda,Sheth,,7637037254,Vijayanagaram,Tripura,2026-05-23 20:27:23
141960,Logan,Krishnan,,7794042685,Raiganj,Uttar Pradesh,2026-01-15 18:11:26
142004,Nakul,Bajwa,,1119454548,Visakhapatnam,Bihar,2026-02-11 09:27:45
142006,,Deshpande,chackowridesh@example.org,8071760666,Alappuzha,Goa,2026-01-15 07:36:44
142016,,Oza,jagatvarma@example.org,5863397633,Aurangabad,Manipur,2026-03-17 07:19:06
142019,,Srinivas,seshadridhruv@example.net,6997217691,Mango,Manipur,2026-02-03 16:55:23
142047,,Reddy,rohanchandran@example.org,8520597716,Khammam,Gujarat,2026-05-05 07:55:23
142072,,Saran,minhasgarima@example.com,2308877585,Rajkot,Assam,2026-06-14 07:23:10
142094,Nandini,Bedi,,1720956171,Tiruppur,Goa,2026-02-17 07:40:03
142100,,Mittal,tamannashroff@example.org,5514843931,Sultan Pur Majra,Tripura,2026-02-11 07:25:18
142112,Nimrat,Dixit,,629491951,Ambarnath,Kerala,2026-03-29 06:57:25
142140,,Butala,vrindauppal@example.net,5430673935,Bulandshahr,Rajasthan,2026-02-23 06:28:40
142152,Rudra,Sandal,,4742697308,Thrissur,Goa,2026-01-02 10:03:40
142178,Nimrat,Chana,,6792840195,Warangal,West Bengal,2026-05-16 01:59:19
142186,,Dara,farora@example.net,4746733596,Bardhaman,Mizoram,2026-03-25 08:40:44
142200,Krishna,Johal,,8347915574,Warangal,Arunachal Pradesh,2026-04-29 16:03:46
142215,,Kant,ravimanya@example.net,9281592095,Singrauli,West Bengal,2026-04-24 19:35:07
142220,,Soni,chopraabeer@example.org,3954517750,Amritsar,Arunachal Pradesh,2026-05-06 06:03:08
142241,David,Bhatia,,720514034,Chapra,West Bengal,2026-02-26 15:37:10
142249,,Rajagopalan,chandajanya@example.net,8379825141,Shivpuri,Himachal Pradesh,2026-03-24 23:58:10
142326,,Zacharia,adya96@example.org,7790823527,Gaya,Telangana,2026-05-01 12:14:12
142375,Bhavya,Menon,,5769282345,Mango,Meghalaya,2026-02-26 14:34:19
142391,,Din,wadhwacaleb@example.org,2333946827,Ulhasnagar,Andhra Pradesh,2026-03-23 10:24:59
142402,,Johal,tellariya@example.com,6295886671,Khammam,Mizoram,2026-01-13 01:15:19
142404,,Kale,yauvani23@example.org,8438165124,Dhule,Gujarat,2026-03-01 16:26:49
142411,Kashvi,Jain,,3546476104,Aizawl,Punjab,2026-04-09 02:09:00
142501,,Chawla,surivamakshi@example.org,2735110501,Salem,Manipur,2026-02-07 11:28:34
142505,Ikshita,Iyer,,3284452811,Vadodara,Maharashtra,2026-01-20 14:49:34
142511,,Pai,xlad@example.org,7225349978,Thoothukudi,Punjab,2026-06-01 14:54:44
142523,,Lanka,ybhatnagar@example.org,4439186856,Imphal,Karnataka,2026-04-17 07:14:42
142526,,Dhar,gunbirmangat@example.org,2915350733,Sambhal,Goa,2026-06-29 01:08:42
142553,,Karan,pahal08@example.com,401544717,Bettiah,Gujarat,2026-01-28 14:13:59
142557,,Ray,mannesai@example.net,4962964149,Tadepalligudem,Tamil Nadu,2026-03-03 04:37:14
142562,,Jha,aryan81@example.org,1467605038,Sambalpur,Odisha,2026-04-08 10:02:13
142579,,Gade,jbali@example.org,9484325156,Jorhat,Punjab,2026-06-26 15:53:12
142602,,Parmer,khatriira@example.com,9221384179,Raichur,Meghalaya,2026-01-01 03:05:27
142646,,Shan,gillvedhika@example.net,3072316314,Satara,Telangana,2026-06-08 10:33:19
142740,Urmi,Ganguly,,1637743046,Gopalpur,Jharkhand,2026-06-02 02:57:11
142746,,Mohanty,libni82@example.org,4199099496,Kakinada,Uttarakhand,2026-04-20 17:18:38
142805,,Warrior,ishanker@example.net,1711095461,Nizamabad,Tamil Nadu,2026-06-05 12:28:15
142820,,Basak,anayvohra@example.net,6778625950,Dehradun,Tripura,2026-06-12 07:21:00
142833,,Dani,vincent14@example.org,2658207512,Rohtak,Odisha,2026-02-26 19:02:19
142837,Qadim,Karan,,7037736408,Tezpur,Gujarat,2026-03-23 11:05:31
142848,Vedhika,Ahuja,,4049357368,Kakinada,Jharkhand,2026-06-12 18:33:04
142904,,Babu,zsuresh@example.org,9352799799,Meerut,Gujarat,2026-01-06 06:59:19
142944,,Parmar,,1837815787,Madanapalle,Madhya Pradesh,2026-06-07 18:11:52
142954,Zashil,Sinha,,2157049507,Akola,Punjab,2026-05-14 05:34:12
142961,,Shukla,rajatamane@example.com,8476954254,Jalna,Jharkhand,2026-04-16 09:02:50
142966,Arunima,Magar,,3923428475,Hajipur,Punjab,2026-02-19 03:51:45
142975,,Ram,zansisama@example.org,2792328176,Dhanbad,Himachal Pradesh,2026-06-30 14:55:05
143003,,Issac,vigmanthan@example.com,4408263369,Sagar,Tamil Nadu,2026-03-27 16:56:24
143014,Aayush,Thakur,,6933736022,Amravati,Uttarakhand,2026-02-26 00:31:35
143021,,Anne,balangayathri@example.com,6831920234,Raebareli,Arunachal Pradesh,2026-05-13 12:26:10
143039,Ekani,Chada,,9193794997,Shivpuri,Meghalaya,2026-04-01 00:35:21
143062,Nicholas,Goel,,9177340071,Vijayanagaram,Tripura,2026-06-19 10:01:34
143084,Lakshmi,Mukherjee,,853340596,Alappuzha,Telangana,2026-02-07 07:16:02
143109,Balveer,Tripathi,,6714125805,Ozhukarai,Punjab,2026-01-12 13:18:33
143113,Pooja,Bandi,,212443079,Orai,Himachal Pradesh,2026-01-22 06:56:28
143208,Rajeshri,Babu,,5608261482,Bongaigaon,Odisha,2026-02-26 11:16:41
143213,Adweta,Sahota,,9289602926,Muzaffarpur,West Bengal,2026-03-15 21:46:07
143241,,Kurian,utkarshgrewal@example.com,9368331293,Nizamabad,Madhya Pradesh,2026-05-28 17:25:16
143253,Aditya,Balakrishnan,,8061527359,Kolhapur,West Bengal,2026-04-26 01:47:14
143302,,Gola,shahvaishnavi@example.com,5863061721,Haldia,Arunachal Pradesh,2026-01-30 11:37:31
143359,Imaran,Thaker,,7486494359,Dehri,Kerala,2026-03-12 01:36:03
143388,,Wadhwa,ysalvi@example.org,6923544409,Kharagpur,Tamil Nadu,2026-03-16 16:05:45
143435,,Brar,girindra05@example.org,3340416855,Lucknow,Tamil Nadu,2026-01-24 20:05:17
143436,Omisha,Sahni,,6720758717,Bhiwani,Rajasthan,2026-02-23 00:38:47
143551,,Gade,nachiket76@example.com,1365579851,Kamarhati,Madhya Pradesh,2026-01-30 02:12:32
143559,Leela,Koshy,,4663033176,Bikaner,Telangana,2026-03-21 22:13:12
143601,,Aggarwal,bhavikakibe@example.org,4029499679,Ozhukarai,Uttar Pradesh,2026-05-20 11:29:40
143628,,Bawa,gborra@example.org,4155610398,Ambattur,Mizoram,2026-06-01 04:56:07
143629,Sneha,Gulati,,161867383,Nangloi Jat,Himachal Pradesh,2026-03-09 01:35:51
143639,Yashoda,Radhakrishnan,,1066120443,Bongaigaon,Karnataka,2026-01-04 03:55:54
143644,Aishani,Varkey,,2418284212,Morbi,Uttarakhand,2026-04-14 23:16:23
143646,Yauvani,Bandi,,7680177220,Surendranagar Dudhrej,Punjab,2026-04-20 11:50:18
143685,,Parmar,oliver69@example.com,1080909017,Kolhapur,Manipur,2026-05-28 12:30:45
143755,,Sha,fraj@example.com,3362436527,Gorakhpur,Jharkhand,2026-04-09 03:47:22
143813,,Narasimhan,ktata@example.com,118024708,Bidhannagar,Manipur,2026-06-26 03:08:34
143831,Jeevika,Nigam,,1782502378,Bhavnagar,Punjab,2026-04-24 08:40:48
143876,Warda,Devi,,1457183110,Sangli-Miraj & Kupwad,Mizoram,2026-01-14 07:49:32
143893,Neha,Nayar,,6537888374,Nanded,Jharkhand,2026-03-12 00:45:09
143914,,Ghosh,chandanicontractor@example.org,6407057591,Tirupati,Nagaland,2026-03-16 10:12:52
143973,Sai,Jani,,2927102787,Karawal Nagar,Tamil Nadu,2026-04-09 11:23:11
144066,Dominic,Srivastava,,2710993674,Arrah,Uttarakhand,2026-06-04 20:28:56
144112,Zaitra,Parmer,,8314439401,Amaravati,Himachal Pradesh,2026-05-09 22:51:52
144129,,Parikh,rattazansi@example.net,9839443385,Ozhukarai,Uttarakhand,2026-04-02 02:05:43
144168,,Aurora,jagat02@example.net,6396977432,Dibrugarh,Chhattisgarh,2026-06-26 15:00:58
144173,Mahika,Walia,,4598456592,Gurgaon,Tripura,2026-01-16 06:57:13
144182,,Goda,pushti88@example.org,5618007436,Panipat,Goa,2026-04-12 03:52:07
144232,Gaurika,Warrior,,7338052008,Nadiad,Chhattisgarh,2026-06-05 23:35:24
144238,Baljiwan,Sabharwal,,4263947837,Ujjain,Odisha,2026-05-04 21:51:26
144259,,Mahajan,badamihredhaan@example.org,2641861216,Aurangabad,Himachal Pradesh,2026-04-23 02:01:53
144262,,Deshpande,zpant@example.com,2586115269,Shimoga,West Bengal,2026-05-24 17:46:05
144306,Arunima,Datta,,2947094961,Gangtok,Bihar,2026-06-15 15:03:12
144331,Isha,Prakash,,7257433091,Pallavaram,Karnataka,2026-04-03 02:17:36
144335,,Wason,ekhalsa@example.org,5733905067,Amravati,Tamil Nadu,2026-04-11 16:42:33
144394,Yash,Balan,,2156012188,Chennai,Tamil Nadu,2026-03-26 14:49:55
144396,,Sidhu,omerchant@example.com,5246674063,Kharagpur,Himachal Pradesh,2026-05-17 22:40:37
144430,Watika,Dugar,,9885641372,Mangalore,Uttar Pradesh,2026-03-02 09:46:42
144462,,Bava,yvarghese@example.com,7258331480,Ranchi,Karnataka,2026-06-20 06:58:02
144505,,Chadha,robertmandal@example.org,9252020817,Nandyal,Uttar Pradesh,2026-02-10 12:14:58
144538,Baghyawati,Saxena,,5760867453,Ujjain,Nagaland,2026-05-18 00:20:30
144545,,Pillai,vedhika63@example.org,6101422031,Phagwara,Gujarat,2026-06-20 08:06:56
144555,,Purohit,kalaumang@example.com,578402118,Motihari,Tripura,2026-02-10 08:23:38
144567,,Munshi,rakshakala@example.org,3080235983,Hajipur,Maharashtra,2026-01-05 05:14:26
144604,,Chaudhry,vedant03@example.org,492088448,Ambattur,Bihar,2026-04-24 19:49:40
144611,,Joshi,vom@example.org,3749773163,Jaunpur,Punjab,2026-04-21 14:14:36
144617,Wahab,Sodhi,,109195044,Bhimavaram,Rajasthan,2026-05-15 10:53:28
144623,Bahadurjit,Choudhary,,2734978241,Jamalpur,Odisha,2026-04-23 13:03:19
144630,,Chhabra,janani31@example.org,3746688746,Mau,Kerala,2026-01-29 14:25:59
144656,,Saraf,ishwar15@example.com,8455901293,Moradabad,Odisha,2026-05-30 02:45:20
144701,,Baral,cmaharaj@example.net,385961491,Nanded,Goa,2026-01-15 20:58:58
144709,,Bora,chaayakibe@example.com,2704096315,Bally,Punjab,2026-04-24 15:16:52
144738,Ucchal,Sethi,,112563822,Loni,Andhra Pradesh,2026-01-30 02:57:04
144753,Priya,Tiwari,,8356538509,Panihati,Bihar,2026-05-04 02:50:16
144756,,Baral,hkeer@example.net,8728076277,Nanded,Uttarakhand,2026-06-13 16:13:10
144783,Rajeshri,Oza,,4071674960,Ahmedabad,Himachal Pradesh,2026-04-09 08:10:53
144880,,Srinivasan,bkothari@example.net,5004351875,Nanded,Odisha,2026-06-22 05:10:05
144926,Aryan,Devi,,2507822071,Chapra,Mizoram,2026-05-03 08:38:19
144927,,Kapoor,pillaihiral@example.com,7992577639,Vasai-Virar,Gujarat,2026-05-23 22:24:43
144950,,Babu,binadhillon@example.net,9954222237,Khammam,Karnataka,2026-01-04 01:30:05
144969,,Dani,krishna28@example.org,9646583504,Uluberia,Tamil Nadu,2026-03-04 21:31:31
144976,Vritti,Madan,,3928547713,Jamshedpur,Uttarakhand,2026-04-29 00:24:40
144988,Megha,Shetty,,9334510906,Moradabad,Uttar Pradesh,2026-04-15 21:32:02
145071,Tejas,Rana,,6873971331,Deoghar,Tripura,2026-04-07 21:51:06
145087,Watika,Pandya,,8052931868,Dibrugarh,Tamil Nadu,2026-02-06 14:34:58
145117,Gautam,Baral,,379209840,Rajpur Sonarpur,Uttarakhand,2026-04-05 16:24:17
145139,Matthew,Amble,,4548672640,Pallavaram,Kerala,2026-04-28 13:37:46
145142,,Prabhakar,pushti61@example.com,7421470383,Jalgaon,Meghalaya,2026-03-06 07:49:41
145143,Chakrika,Shenoy,,3079184786,Ahmednagar,Sikkim,2026-03-10 23:55:31
145178,Onveer,Bora,,3430473645,Kadapa,Goa,2026-06-05 12:54:33
145194,Geetika,Issac,,1603231158,Tiruvottiyur,Odisha,2026-04-13 03:25:59
145229,,Venkatesh,charita41@example.net,9182187258,Yamunanagar,Madhya Pradesh,2026-01-25 03:21:01
145242,,Buch,tvenkatesh@example.com,8380693537,Ambarnath,Bihar,2026-02-05 16:02:12
145273,,Dhar,dlad@example.org,8721021026,Phusro,Chhattisgarh,2026-04-12 18:43:48
145291,Qabil,Natt,,9017953589,Chittoor,Odisha,2026-05-10 21:12:47
145327,Sara,Varkey,,6602095908,Guwahati,Andhra Pradesh,2026-04-13 06:30:46
145338,,Sur,jacknaidu@example.net,7735736351,Eluru,Uttarakhand,2026-02-22 18:46:06
145339,,Munshi,dalajamajumdar@example.net,7658717564,Bhind,Goa,2026-03-09 17:26:59
145348,,Vasa,isaiah12@example.org,6284163695,Gopalpur,Sikkim,2026-06-02 15:53:22
145386,,Misra,aachalbajaj@example.org,465630308,Suryapet,Madhya Pradesh,2026-05-13 19:38:01
145399,,Pillay,harsh58@example.net,4056766321,Tiruppur,Goa,2026-02-11 21:38:07
145406,Chakrika,Mukherjee,,4852918195,Guntakal,Mizoram,2026-03-29 02:57:28
145439,Lakshit,Contractor,,7874655366,Kolhapur,Andhra Pradesh,2026-01-07 21:00:54
145444,,Kurian,xgopal@example.com,7278988448,Mumbai,Himachal Pradesh,2026-06-11 13:26:08
145512,Kabir,Pradhan,,7835791116,Sri Ganganagar,Punjab,2026-01-02 08:28:02
145526,,Saha,edhithapillai@example.org,356595530,Chandigarh,West Bengal,2026-02-26 06:54:17
145552,,Bajwa,jpatel@example.com,8418592670,Mau,Jharkhand,2026-04-06 16:42:34
145576,,Dube,kritika13@example.net,4275645704,Bhiwandi,Manipur,2026-01-13 02:28:17
145578,Pranit,Srivastava,,3084593666,Mumbai,Andhra Pradesh,2026-01-31 19:29:21
145590,Vivaan,Karnik,,1017387660,Bharatpur,Arunachal Pradesh,2026-03-20 00:42:40
145658,,Randhawa,gshere@example.com,2046507597,Phusro,Gujarat,2026-03-26 05:02:26
145665,,Oak,mekhalagara@example.org,1524494568,Anantapuram,Himachal Pradesh,2026-03-30 15:12:00
145666,,Menon,yastigara@example.org,9537377078,Kadapa,Kerala,2026-03-29 11:17:30
145672,Pushti,Radhakrishnan,,3147022883,Bhagalpur,Himachal Pradesh,2026-02-06 08:59:52
145698,,Murty,dratti@example.org,2801100609,Bhavnagar,Uttar Pradesh,2026-01-11 17:40:29
145709,,Borra,lsachdev@example.net,209132897,Singrauli,Himachal Pradesh,2026-06-10 00:22:17
145737,Avi,Raghavan,,7638275925,Bangalore,Goa,2026-05-23 06:15:07
145747,,Ramakrishnan,,2307000096,Kamarhati,Himachal Pradesh,2026-05-23 11:37:08
145774,,Badal,aishani48@example.net,1204900385,Sonipat,Nagaland,2026-05-16 19:04:06
145776,,Raval,ravellaban@example.net,8379127851,Bally,Nagaland,2026-03-24 03:57:55
145789,Shaurya,Lata,,3976056613,Nizamabad,Himachal Pradesh,2026-02-26 06:14:13
145850,Chaman,Kota,,3759315981,Bokaro,Tamil Nadu,2026-04-13 02:33:36
145869,Balendra,Kala,,6259800894,Giridih,Tamil Nadu,2026-05-14 06:56:57
145878,,Char,lalladipta@example.org,901471098,Nellore,Tamil Nadu,2026-02-16 14:24:38
145882,,Sahni,yashawinidalal@example.com,543497832,Kalyan-Dombivli,Goa,2026-04-20 13:03:38
145884,Yashasvi,Gokhale,,5206616837,Ramgarh,Himachal Pradesh,2026-06-28 22:23:23
145934,,Chokshi,ekanichowdhury@example.com,6436711133,Giridih,Goa,2026-04-23 15:37:44
145947,Turvi,Hayer,,9844946504,Kamarhati,Kerala,2026-03-12 13:30:42
145983,,Suresh,cherianonveer@example.com,9781468330,Ranchi,West Bengal,2026-04-06 01:14:04
146006,Unnati,Banik,,7994856698,Surat,Punjab,2026-06-27 11:27:13
146019,,Ravi,hemanayar@example.net,6136118633,Jalna,Uttarakhand,2026-03-24 10:53:29
146020,,Tata,nathniharika@example.com,9198474967,Haldia,Telangana,2026-06-10 09:02:54
146038,,Tara,omishamukhopadhyay@example.com,7553022652,Sirsa,Goa,2026-06-22 19:04:03
146048,Kalpit,Bera,,1823814412,Bihar Sharif,Bihar,2026-05-31 21:33:21
146050,,Kara,kiaan79@example.net,2334244490,Malda,Rajasthan,2026-03-30 23:51:36
146100,Chandresh,Issac,,5149458725,Munger,Manipur,2026-03-19 11:44:17
146135,,Garg,atharv13@example.org,3748528809,Rajkot,Arunachal Pradesh,2026-01-18 11:06:07
146169,Wishi,Gour,,4890350309,Raipur,Tripura,2026-03-18 02:29:23
146171,Saumya,Mangat,,8274650388,Malegaon,Andhra Pradesh,2026-03-11 18:50:01
146181,Arunima,Ranganathan,,465977813,Nagaon,Uttar Pradesh,2026-06-19 15:52:04
146233,,Walla,pyadav@example.org,394633058,Bangalore,Rajasthan,2026-06-05 22:44:17
146257,,Sood,edhithabuch@example.net,6326187547,Farrukhabad,Karnataka,2026-01-20 05:14:44
146262,,Nagar,gbrar@example.net,2518521543,Gaya,Telangana,2026-03-25 10:17:32
146309,,Sarma,adityachakrabarti@example.com,6029477722,Jamalpur,Assam,2026-02-07 07:44:39
146310,Jatin,Reddy,,2317951542,Gandhinagar,Uttar Pradesh,2026-03-03 09:29:07
146325,Dayamai,Acharya,,5821477479,Chittoor,Karnataka,2026-02-20 23:24:01
146440,Devika,Agrawal,,7017602114,Surendranagar Dudhrej,Bihar,2026-01-09 12:04:19
146466,,Krishnan,pallazad@example.org,60868177,Unnao,Kerala,2026-02-01 04:24:14
146497,,Mand,khannayauvani@example.com,5425546433,Yamunanagar,Chhattisgarh,2026-04-04 23:41:30
146550,Isaac,Kannan,,566814776,Morena,Haryana,2026-05-25 12:28:00
146552,,Chauhan,dbath@example.org,1537283888,Berhampore,Madhya Pradesh,2026-02-27 14:56:10
146553,,Krish,smander@example.org,7760210682,Jaunpur,Uttarakhand,2026-01-04 15:41:46
146586,Thomas,Sani,,9879657425,Gopalpur,Uttar Pradesh,2026-03-04 14:38:06
146637,Avi,Bora,,4816780045,Udupi,Goa,2026-06-08 23:12:39
146678,,Sura,patlaekanta@example.com,8596887393,Bhubaneswar,Maharashtra,2026-04-15 03:40:39
146712,Unnati,Sur,,7187858163,Ramgarh,Karnataka,2026-06-29 11:51:39
146719,,Jain,suragayathri@example.com,3218651436,Bilaspur,Himachal Pradesh,2026-02-14 09:30:39
146756,Pranav,Trivedi,,8663172381,Kakinada,Jharkhand,2026-02-16 15:02:16
146763,Triveni,Narula,,3359125367,Dharmavaram,Haryana,2026-06-27 01:14:38
146783,,Madan,veerarora@example.net,2555425360,Farrukhabad,Kerala,2026-01-04 09:31:52
146793,Samuel,Bhandari,,6029872009,Bhiwani,Gujarat,2026-03-11 11:19:30
146794,,Dube,obarman@example.org,3926898458,Lucknow,Arunachal Pradesh,2026-02-18 11:29:31
146826,,Mistry,lila40@example.com,6828569675,Thoothukudi,Jharkhand,2026-06-24 13:33:09
146909,,Taneja,yastisuresh@example.net,525384422,Tirupati,Telangana,2026-02-21 01:56:13
146923,Aarnav,Seshadri,,9257001772,Chandrapur,Uttar Pradesh,2026-05-09 17:19:18
147016,,Ramesh,krisha92@example.com,638833991,Davanagere,Sikkim,2026-02-10 17:51:42
147033,Dalbir,Borah,,2906292995,Mango,Kerala,2026-01-14 15:31:33
147121,,Warrior,anirudh43@example.org,7150209950,Baranagar,Uttar Pradesh,2026-02-18 22:16:39
147129,Omaja,Peri,,8162171492,Chittoor,Rajasthan,2026-03-05 18:52:17
147130,,Sachdeva,jagrati08@example.net,9930421945,Raiganj,Kerala,2026-05-16 08:27:02
147132,Irya,Raman,,8515405160,Farrukhabad,Nagaland,2026-01-27 09:01:50
147148,,Swamy,kashvi15@example.com,1364820619,Bardhaman,Himachal Pradesh,2026-04-15 14:28:31
147155,Nihal,Sankaran,,7050815600,Kakinada,Bihar,2026-03-05 11:00:24
147190,,Rai,jraja@example.org,3457502855,Patiala,West Bengal,2026-02-08 10:32:02
147194,Hiral,Ghose,,4703195818,Vijayanagaram,Odisha,2026-05-26 05:43:40
147223,Januja,Mammen,,6290275499,Shimla,Assam,2026-03-03 10:52:47
147241,Falguni,Narasimhan,,5349849081,Cuttack,Telangana,2026-02-18 01:08:16
147248,,Kannan,hemang51@example.com,8223871644,Nagaon,Nagaland,2026-01-13 06:06:30
147275,Veda,Bahri,,5944790595,Akola,Sikkim,2026-02-12 06:02:11
147277,,Chacko,sunderjai@example.com,210565697,South Dumdum,Telangana,2026-01-25 12:28:34
147278,Dayamai,Rama,,2379111387,Gangtok,Tamil Nadu,2026-02-18 10:21:45
147349,,Kumer,om09@example.org,6401824189,Siwan,Bihar,2026-06-01 17:13:35
147369,Zashil,Lata,,4481663528,Durgapur,Odisha,2026-01-17 03:55:22
147371,,Bath,yashica00@example.org,1876573232,Jamalpur,Arunachal Pradesh,2026-02-03 18:32:22
147404,Triya,Sampath,,9176867344,Cuttack,Assam,2026-02-02 12:02:20
147414,Abha,Nagarajan,,657170274,Jaipur,Assam,2026-03-12 22:25:54
147441,Inaya,Uppal,,6711307840,Shivpuri,Gujarat,2026-03-10 07:49:12
147461,,Kuruvilla,morechasmum@example.net,4130405548,Motihari,Goa,2026-02-13 11:34:41
147521,,Krishnamurthy,singhmaanas@example.org,5207996283,Kochi,Bihar,2026-05-17 16:49:46
147557,,Palla,amall@example.net,7520568716,Suryapet,Mizoram,2026-04-16 02:02:10
147558,,Rajan,gsoman@example.net,6419310582,Hospet,Kerala,2026-06-10 00:19:46
147568,,Ben,meera86@example.org,4437284695,Kalyan-Dombivli,Andhra Pradesh,2026-05-12 08:25:45
147573,,Chaudhary,divyasampath@example.org,1164835599,Satna,Kerala,2026-06-28 01:41:22
147612,Sarthak,Srinivas,,6129296634,Bijapur,Maharashtra,2026-03-14 16:38:48
147616,,Behl,agarwalazad@example.com,6746994342,Nagpur,Chhattisgarh,2026-05-22 19:38:41
147633,,Nair,fariq50@example.org,4816335190,Hyderabad,Madhya Pradesh,2026-02-07 04:52:49
147649,,Chander,adubey@example.net,1209573280,Mangalore,West Bengal,2026-06-16 17:39:30
147650,,Sachar,rattanchanchal@example.net,2583405444,Karnal,Madhya Pradesh,2026-01-10 06:42:31
147675,Yochana,Mani,,2732609839,Panchkula,Bihar,2026-01-30 14:57:47
147688,,Tailor,borahamrita@example.net,4450836725,Buxar,Jharkhand,2026-06-14 02:37:34
147710,Sarthak,Saran,,6092399843,Singrauli,Goa,2026-02-05 05:23:54
147717,Fitan,Choudhary,,6355442454,Malda,Tripura,2026-04-19 02:31:26
147768,,Ahuja,wom@example.net,8986256583,Dibrugarh,Karnataka,2026-02-12 22:55:54
147828,Lucky,Bobal,,1724405803,Guwahati,Maharashtra,2026-05-07 02:56:03
147857,,Gole,ishaanlalla@example.org,3308294979,Dhanbad,Haryana,2026-01-03 10:28:53
147906,,Wagle,xghose@example.org,4431388543,Surat,Assam,2026-06-08 20:40:53
147930,Caleb,Palan,,1012317029,Dindigul,Bihar,2026-05-20 13:41:15
147942,,Mahajan,indrajit41@example.com,6024143340,Pali,Maharashtra,2026-04-14 07:34:40
147973,,Sule,etak@example.net,2408894208,Hajipur,Chhattisgarh,2026-03-28 15:37:33
148001,,Sagar,bakhshi80@example.net,539390552,Durg,Gujarat,2026-03-26 19:14:30
148025,,Dey,vprabhakar@example.net,841647010,Bathinda,Kerala,2026-06-22 19:21:36
148047,,Mistry,ganesanekta@example.net,7589239321,Allahabad,Rajasthan,2026-06-17 19:17:32
148071,Urvashi,Mitra,,424759829,Rampur,Odisha,2026-03-25 00:08:19
148092,,Datta,rohanbora@example.org,3777477890,Ambarnath,West Bengal,2026-04-23 03:21:07
148149,Fitan,Kakar,,5447622667,Bhilai,Assam,2026-03-18 08:27:40
148204,Pratyush,Bansal,,6083180232,Bhiwani,Haryana,2026-05-15 20:50:49
148239,Upadhriti,Bawa,,8023875907,Anand,West Bengal,2026-01-08 00:51:40
148265,Hemal,Badal,,8006883467,Alwar,Tripura,2026-02-17 02:39:36
148293,,Bhat,ravelbakhshi@example.com,8930943372,Avadi,Assam,2026-03-05 07:41:36
148295,Janani,Mahajan,,4273208440,Aurangabad,Gujarat,2026-02-02 02:38:58
148465,Indira,Atwal,,1655230853,Sambalpur,Bihar,2026-02-27 19:11:49
148501,,Ranganathan,kiyengar@example.org,8722293193,Patiala,Andhra Pradesh,2026-05-19 09:12:01
148591,Thomas,Thakkar,,974165608,Sonipat,Punjab,2026-03-01 02:04:56
148602,,Andra,jhaverilavanya@example.org,5516174748,Berhampore,Nagaland,2026-02-10 09:46:35
148622,,Chauhan,rajunathan@example.com,1373152475,Hajipur,Haryana,2026-04-22 23:39:10
148643,Samuel,Soni,,2136937072,Alwar,Nagaland,2026-02-22 18:46:53
148664,Pushti,Parmar,,8771177870,Karimnagar,Telangana,2026-06-30 14:49:06
148693,Sathvik,Chatterjee,,5422590124,Siliguri,Punjab,2026-03-29 19:50:11
148708,,Saha,mgupta@example.com,7240391772,Mahbubnagar,Rajasthan,2026-03-14 17:37:57
148742,Yashawini,Bhakta,,4916260281,Giridih,Jharkhand,2026-01-05 06:13:03
148751,Ucchal,Bali,,5861318143,Visakhapatnam,Manipur,2026-02-20 02:59:01
148760,,Sahni,vyanjanathakkar@example.net,3008840315,Burhanpur,West Bengal,2026-01-30 03:14:23
148802,Ekaraj,Munshi,,2348618071,Jorhat,Goa,2026-04-15 22:49:27
148805,Zashil,Madan,,2887409607,Bathinda,Gujarat,2026-04-14 09:10:38
148877,Arunima,Dhaliwal,,1594265995,Udaipur,Sikkim,2026-05-07 08:25:44
148933,,Lal,vasatikaravi@example.org,1823849825,Dehradun,Maharashtra,2026-06-17 00:26:28
148937,,Korpal,dharchanakya@example.com,1262454293,Mango,Nagaland,2026-01-15 14:55:43
148957,Udyati,Karan,,1978706197,Raipur,Assam,2026-03-24 16:40:42
148966,Orinder,Sarna,,2043792160,Baranagar,Odisha,2026-01-06 14:32:08
148977,Saanvi,De,,7936190775,Mirzapur,Jharkhand,2026-05-17 18:23:19
148991,Matthew,Anne,,9572576504,Jaunpur,Arunachal Pradesh,2026-04-29 14:39:39
148999,Baljiwan,Vora,,7863221323,Thiruvananthapuram,Assam,2026-02-18 19:54:27
149053,,Pingle,choudhuryyashodhara@example.com,4602249689,Shahjahanpur,Odisha,2026-04-02 12:23:55
149073,Zinal,Chowdhury,,3061820729,Shimla,Haryana,2026-06-27 18:09:33
149105,,Swaminathan,obose@example.com,4989890789,Silchar,Telangana,2026-06-15 09:38:05
149149,Lakshit,Loke,,464199131,Pudukkottai,Chhattisgarh,2026-06-22 10:09:03
149165,Luke,Bhargava,,9550578712,Anantapuram,Uttar Pradesh,2026-02-04 06:21:56
149209,Arunima,Singhal,,5281620037,Siliguri,Odisha,2026-06-12 13:19:57
149249,Eta,Chand,,2189596691,Jammu,Mizoram,2026-05-03 11:50:30
149262,Leela,Hans,,4220208304,Bhatpara,Goa,2026-01-01 21:42:00
149270,,Jhaveri,kalaonveer@example.net,4120672677,Kishanganj,Meghalaya,2026-02-14 09:29:27
149277,Wahab,Nair,,9610599461,Siwan,Punjab,2026-04-26 00:28:02
149283,Sathvik,Brar,,3908533972,Gandhinagar,Tamil Nadu,2026-05-23 01:49:03
149314,Faraj,Apte,,7328782899,Chittoor,Sikkim,2026-06-05 13:26:52
149321,Anita,Devi,,5279189263,Solapur,West Bengal,2026-04-13 06:30:04
149371,,Sridhar,krishnarachana@example.com,1251464634,Hospet,Arunachal Pradesh,2026-01-02 21:33:39
149389,Hardik,Chandran,,2262258520,Kolkata,Rajasthan,2026-05-15 17:45:17
149411,,Bhavsar,chasmumsarna@example.org,4386993667,Kamarhati,Mizoram,2026-01-03 13:06:48
149428,Elijah,Dara,,6982482815,Latur,Odisha,2026-01-09 11:58:08
149445,Zarna,Walla,,2112175519,Nagpur,Tripura,2026-02-05 20:18:46
149453,Urvi,Hari,,2655276774,Kalyan-Dombivli,Odisha,2026-01-11 07:58:07
149542,Saumya,Deo,,6162493597,Malda,Odisha,2026-06-15 16:51:23
149587,,Gulati,fsengupta@example.org,8848051007,Madhyamgram,Punjab,2026-05-27 03:58:30
149653,,Maharaj,amara90@example.org,1281191697,Naihati,Gujarat,2026-04-17 14:01:31
149682,,Mukhopadhyay,pallveer@example.net,7583801900,Kalyan-Dombivli,Tamil Nadu,2026-04-23 03:32:26
149706,Manan,Vohra,,786428987,Chandigarh,Arunachal Pradesh,2026-02-08 06:15:34
149715,,Balay,freddy@example.net,3757046362,Vellore,Uttar Pradesh,2026-04-23 09:19:25
149727,Chakradhar,Babu,,268552776,Akola,Mizoram,2026-01-27 16:34:05
149780,,Bala,ubika88@example.com,1274374479,Nangloi Jat,Sikkim,2026-04-11 07:46:23
149794,Wazir,Kar,,744506900,Gorakhpur,Chhattisgarh,2026-06-20 09:54:36
149863,Pranit,Bath,,6053424216,Tumkur,Odisha,2026-01-20 02:08:42
149952,,Ranganathan,dev07@example.org,6140993015,Katni,Odisha,2026-06-10 06:52:13
149956,,Patla,chandran58@example.org,5592047681,Rampur,Goa,2026-02-17 10:18:28
150071,Abeer,Banik,,162029078,Bhusawal,Jharkhand,2026-06-24 14:45:11
150077,Osha,Ghose,,8868836393,Kharagpur,Tamil Nadu,2026-03-11 10:12:55
150101,,Bansal,kevin31@example.net,8080021202,Hajipur,Nagaland,2026-02-14 01:06:15
150127,,Ravi,sherevarenya@example.org,5801652766,Thiruvananthapuram,Haryana,2026-06-28 19:34:39
150150,Urishilla,Dar,,4203431671,Ambattur,Bihar,2026-04-29 07:30:24
150204,,Chopra,shaurya30@example.net,6357809356,Unnao,West Bengal,2026-01-12 00:10:49
150222,,Choudhury,shravyagill@example.com,8704953644,Etawah,Gujarat,2026-04-08 18:25:51
150285,,Ramakrishnan,aadi83@example.org,5929385764,Ballia,Jharkhand,2026-06-19 08:58:36
150301,,Chadha,ridhi53@example.org,4426822766,Thanjavur,Chhattisgarh,2026-06-13 23:08:06
150310,Eshana,Ramanathan,,1061895361,Srikakulam,Tamil Nadu,2026-01-28 12:42:50
150347,Sathvik,Hora,,2814758706,Deoghar,Tripura,2026-04-13 18:47:22
150359,,Sharaf,mangaljacob@example.net,223713896,Kolkata,Andhra Pradesh,2026-05-19 01:32:45
150363,Aarav,Wason,,3468404928,Alwar,Gujarat,2026-04-08 22:50:22
150375,Rachita,Badami,,2756122393,Chandigarh,Punjab,2026-03-09 12:37:11
150403,,Thakkar,finn36@example.org,286738862,Visakhapatnam,Tamil Nadu,2026-03-08 09:51:00
150406,,Kapur,harish02@example.org,6398231672,Bhiwandi,Bihar,2026-04-28 14:58:00
150439,,Mallick,agateucchal@example.org,4519183420,Hosur,Chhattisgarh,2026-03-11 14:34:05
150448,Veer,Randhawa,,1555701848,Udupi,Mizoram,2026-03-07 10:38:56
150458,,Sundaram,ddar@example.org,7582221100,Thoothukudi,Nagaland,2026-05-24 07:27:31
150487,Saksham,Singhal,,1752046167,Amritsar,Gujarat,2026-06-09 14:26:46
150504,Umang,Ravi,,1828038229,Dewas,West Bengal,2026-06-01 21:59:54
150525,Aarav,Sur,,5801128285,Amravati,Jharkhand,2026-02-22 23:28:31
150530,,Nagarajan,johalzaitra@example.com,5837980010,Tiruchirappalli,Odisha,2026-01-13 17:55:32
150537,Unnati,Ranganathan,,2900829172,Kavali,Kerala,2026-02-11 22:23:22
150560,Chavvi,Sidhu,,6369792035,Hubli–Dharwad,Assam,2026-01-10 16:43:32
150581,,Ray,vanshanagy@example.net,8587074243,Dindigul,Arunachal Pradesh,2026-02-24 01:42:40
150587,Tanay,More,,8555358668,Chandigarh,Himachal Pradesh,2026-01-07 04:54:13
150588,,Chaudhry,jhalak86@example.net,2952811690,Warangal,Arunachal Pradesh,2026-02-03 13:40:19
150598,Arjun,Tak,,5834533092,Gurgaon,Goa,2026-03-01 04:54:01
150605,Sanaya,Agate,,2551941499,Morbi,Bihar,2026-03-08 21:42:57
150613,Jeet,Natarajan,,8145150158,Srikakulam,Rajasthan,2026-05-11 22:32:45
150619,,Kota,gautami00@example.com,1921659751,Kollam,Tripura,2026-03-26 08:09:16
150662,,Chaudhari,upasnatata@example.org,8811560749,Dibrugarh,Uttarakhand,2026-06-01 17:52:57
150679,,Bala,rehaan81@example.net,9553892917,Katni,Sikkim,2026-01-06 07:09:57
150682,Oviya,Seshadri,,9340316724,Vijayawada,Madhya Pradesh,2026-01-05 15:55:34
150711,Wridesh,Baria,,6966312396,Thane,Haryana,2026-02-27 16:38:48
150728,Chandran,Lanka,,3943296422,Ahmedabad,Nagaland,2026-04-12 07:00:32
150734,,Mandal,usrinivasan@example.com,8789590918,Satara,Bihar,2026-06-04 16:33:45
150757,,Natt,hpurohit@example.com,3689495855,Rajahmundry,Uttar Pradesh,2026-06-21 13:43:51
150771,Kala,Toor,,1205558518,Kozhikode,Assam,2026-02-26 10:24:56
150772,,Dhawan,crau@example.org,5424563523,Cuttack,Sikkim,2026-01-05 22:58:04
150800,,Tak,mtandon@example.net,760612698,Noida,Punjab,2026-03-08 05:54:43
150810,,Baral,cpanchal@example.org,5790093878,Buxar,Sikkim,2026-04-10 05:10:24
150820,Tristan,Morar,,6462590305,Dehradun,Jharkhand,2026-05-15 14:47:55
150850,,Soman,hdoctor@example.com,5278087819,Ludhiana,Goa,2026-05-31 08:15:45
150922,Diya,Bora,,6755769747,Bathinda,Sikkim,2026-06-25 10:43:57
150924,,Karnik,vrinda51@example.com,3841939713,Davanagere,Tamil Nadu,2026-02-17 04:53:18
150963,Faras,Kara,,6470825936,Kavali,Madhya Pradesh,2026-02-16 10:34:57
151001,Nirja,Jaggi,,4971142403,Katni,Andhra Pradesh,2026-06-19 22:54:56
151048,Anthony,Chander,,4972707084,Tenali,Madhya Pradesh,2026-03-28 07:55:47
151069,Arunima,Chaudhry,,9798005779,Jehanabad,Assam,2026-01-07 05:17:03
151129,,Sathe,hemanginichaudhari@example.net,6208592866,Bhilwara,Goa,2026-03-23 19:37:51
151144,,Misra,paninichawla@example.org,5472760149,Hajipur,Assam,2026-05-05 12:38:24
151189,,Biswas,kohlinidra@example.com,3638695122,Patiala,Manipur,2026-01-16 04:39:45
151193,Zarna,Banik,,4666448838,Bilaspur,Sikkim,2026-04-08 02:39:36
151210,,Chaudhuri,gababalendra@example.com,5474591038,Chapra,Tripura,2026-03-12 13:51:09
151235,Gavin,Wason,,6512366755,Silchar,Chhattisgarh,2026-05-04 05:20:09
151328,,Thakkar,qarin89@example.com,2904349878,Jaunpur,Goa,2026-05-23 15:35:16
151331,,Oak,cprabhakar@example.net,4325579314,Berhampore,Chhattisgarh,2026-03-15 02:43:37
151355,Janaki,Som,,7924565886,Nadiad,Assam,2026-02-26 23:08:18
151377,,Kibe,karijeet@example.org,3322750800,Durg,Mizoram,2026-06-29 04:28:32
151399,,Dyal,tnayak@example.org,5777087425,Khora ,Sikkim,2026-06-05 16:23:39
151411,,Dass,reyanshkanda@example.com,864844931,Begusarai,Chhattisgarh,2026-04-25 07:19:37
151421,,Bera,siddharthbhattacharyya@example.org,338193604,Phagwara,Mizoram,2026-04-15 14:34:05
151456,Anya,Kant,,3329763267,Karawal Nagar,Madhya Pradesh,2026-06-17 07:09:56
151457,,Dugar,gopal00@example.org,4901253276,Ratlam,Manipur,2026-05-20 10:08:19
151467,,Gade,chaudhuriarunima@example.com,6955664464,Nadiad,Karnataka,2026-03-16 23:44:20
151470,Zayyan,Venkatesh,,9858320622,Adoni,Rajasthan,2026-01-04 07:00:27
151471,,Nadig,sagarvedant@example.com,1114139363,Ujjain,Odisha,2026-03-06 11:01:07
151482,,Ghose,kamaladua@example.com,2537905032,Chandigarh,Tripura,2026-05-28 13:40:21
151496,,Purohit,bhavinigoda@example.net,1141969086,Sirsa,Haryana,2026-04-08 08:14:14
151531,,Minhas,gramachandran@example.com,6886106880,Varanasi,Uttarakhand,2026-06-07 22:59:59
151540,Warinder,Raja,,7439209583,Kadapa,Punjab,2026-01-15 22:12:54
151585,Amaira,Parikh,,7148080201,Machilipatnam,Punjab,2026-01-10 15:09:05
151590,Yashvi,Sandhu,,5605454127,Malda,Punjab,2026-02-11 19:58:25
151612,Yagnesh,Saraf,,8828318555,Panvel,Jharkhand,2026-02-12 13:04:20
151629,,Konda,buchaarna@example.org,5157485891,Secunderabad,Meghalaya,2026-04-27 14:08:16
151676,,Pal,tiwarifaraj@example.net,3750159045,Aurangabad,Maharashtra,2026-04-04 09:55:20
151679,Luke,Varughese,,2141129957,Guwahati,Karnataka,2026-01-12 12:54:30
151684,,Bansal,tmurty@example.com,6303966513,Sangli-Miraj & Kupwad,Odisha,2026-04-17 19:32:37
151688,Qasim,Loyal,,2466560597,Ramgarh,Punjab,2026-02-21 02:58:19
151698,,Bora,,8306262751,Muzaffarpur,Sikkim,2026-06-12 12:03:08
151726,,Wali,shroffdevika@example.org,2961081983,Jaipur,Himachal Pradesh,2026-04-30 16:40:18
151770,,Sathe,jshukla@example.org,3410009248,Surat,Odisha,2026-02-21 21:46:49
151784,,Wagle,wlall@example.org,1530634442,Panipat,Sikkim,2026-04-25 05:34:35
151810,,Mitter,advayzacharia@example.com,5291704086,Erode,Haryana,2026-04-22 14:34:53
151866,,Deep,sudiksha32@example.org,1469736494,Ongole,Mizoram,2026-03-01 20:10:32
151887,Rohan,Narain,,6353081034,Mysore,Tamil Nadu,2026-03-05 07:31:13
151905,Dominic,Gola,,7638617495,Machilipatnam,Kerala,2026-05-23 21:38:49
151907,,Mital,xalakgupta@example.org,9773938896,Bettiah,Manipur,2026-02-12 02:29:03
151958,Tarak,Dara,,6464969517,Hindupur,Arunachal Pradesh,2026-05-09 23:15:28
151988,Abeer,Chauhan,,8130204870,Indore,Goa,2026-04-18 10:06:25
151990,Janani,Om,,3777258813,Gulbarga,Haryana,2026-01-13 04:10:44
152004,Yachana,Srinivas,,5156961805,Mira-Bhayandar,Meghalaya,2026-06-18 23:06:09
152006,,D’Alia,broy@example.org,3153107585,Bhatpara,Bihar,2026-06-03 06:15:48
152021,,Patel,krishnawyatt@example.com,4796387196,Tiruvottiyur,Tripura,2026-04-09 20:21:29
152040,Ikbal,Hayre,,1410278279,Rajahmundry,Bihar,2026-04-14 14:23:39
152046,Urishilla,Narain,,6557458195,Kishanganj,Nagaland,2026-05-11 02:18:24
152082,Waida,Muni,,8488469231,Kanpur,Karnataka,2026-03-15 05:09:20
152087,Wahab,Chokshi,,4380668393,Orai,Punjab,2026-03-09 17:02:18
152092,Gunbir,Krishna,,4804896852,Nagercoil,Jharkhand,2026-01-09 17:26:39
152109,,Mitra,yashicasachdeva@example.org,193107363,Indore,Chhattisgarh,2026-02-23 00:57:06
152112,Yashawini,Dube,,1611625507,Serampore,Jharkhand,2026-01-19 20:04:54
152137,Jai,Madan,,4635278928,Jamnagar,Himachal Pradesh,2026-04-16 00:16:41
152157,,Krishna,,5246554692,Aurangabad,Assam,2026-03-09 19:20:21
152168,Zilmil,Dube,,1972397742,Gwalior,Uttar Pradesh,2026-02-05 00:40:56
152184,,Chacko,upasna43@example.org,9606560311,Bhiwandi,Mizoram,2026-02-12 13:17:19
152186,Aadhya,Dass,,1650845674,Uluberia,Meghalaya,2026-02-15 19:52:53
152216,Ayushman,Kumer,,827930172,Dhule,Andhra Pradesh,2026-05-21 10:54:02
152224,,Rajan,udarsh39@example.org,691715291,Dindigul,Gujarat,2026-03-05 08:42:43
152239,Henry,Ahluwalia,,980064829,Nashik,Chhattisgarh,2026-02-15 02:39:06
152257,Ijaya,Dubey,,4330835295,Bokaro,Punjab,2026-02-18 22:38:21
152281,Divya,Talwar,,7748143986,Thane,Arunachal Pradesh,2026-02-18 23:14:26
152282,Meera,Bala,,4694927217,Rourkela,West Bengal,2026-04-06 10:54:17
152292,,Sankaran,chadaagastya@example.com,4022415319,Rajkot,Punjab,2026-01-28 04:28:17
152298,,Ghose,pgarg@example.org,5069884143,Pune,Karnataka,2026-01-22 13:39:15
152329,Vanya,Gopal,,7729440308,Raichur,Telangana,2026-06-03 08:57:19
152382,,Mohan,damyanti89@example.com,4016133430,Singrauli,Tripura,2026-04-27 10:37:13
152392,,Sahota,yashvirout@example.net,9098476147,Jhansi,Bihar,2026-03-15 00:51:47
152399,,Patla,girindra69@example.com,5135990851,Bhilai,Sikkim,2026-03-02 11:56:13
152404,Ekbal,Narayan,,9384022078,Bikaner,Uttar Pradesh,2026-05-09 19:40:39
152411,Tamanna,Batra,,6942013475,Chandigarh,Rajasthan,2026-02-28 03:56:05
152460,,Wadhwa,pallraghav@example.org,3821593651,Solapur,Uttarakhand,2026-01-09 20:46:49
152537,Ekansh,Sengupta,,6441979764,Sasaram,Sikkim,2026-05-04 02:33:22
152563,,Dhar,ekavir92@example.com,8829377153,Latur,Telangana,2026-06-01 06:48:29
152570,,Muni,yutikasethi@example.org,369422910,Raiganj,Uttarakhand,2026-04-16 18:45:27
152583,,Ramaswamy,chakradharmallick@example.net,7969842255,Raebareli,Punjab,2026-06-04 17:41:06
152588,Dhruv,Mahajan,,3180805791,Jammu,Mizoram,2026-06-29 16:16:15
152594,Watika,Gade,,7618456777,Miryalaguda,Rajasthan,2026-06-10 23:32:04
152608,Vinaya,Upadhyay,,5290371063,Gurgaon,Odisha,2026-03-22 23:30:01
152675,Anvi,Raju,,880285640,Aligarh,Maharashtra,2026-03-21 04:10:46
152767,,Mittal,aadi20@example.net,4690494894,Madanapalle,Maharashtra,2026-02-25 18:33:06
152797,,Mall,mkadakia@example.org,7941775435,Patna,Himachal Pradesh,2026-06-24 21:16:54
152829,Amara,Sidhu,,6636130645,Hubli–Dharwad,Arunachal Pradesh,2026-05-21 23:28:18
152830,Anamika,Kulkarni,,6709615229,Sri Ganganagar,Tamil Nadu,2026-04-01 12:25:24
152846,,Mander,hemangini83@example.net,976114095,Katihar,Punjab,2026-05-10 01:51:19
152880,Krishna,Kuruvilla,,2698153713,Davanagere,Karnataka,2026-05-10 05:03:17
152905,Orinder,Divan,,4276474347,Gulbarga,Bihar,2026-04-01 19:22:28
152915,Yauvani,Mannan,,5703059497,Jhansi,Andhra Pradesh,2026-01-23 14:31:02
152932,Abhiram,Brahmbhatt,,9667764588,Erode,Tripura,2026-06-24 10:24:08
152945,,Loyal,lpingle@example.org,9657561677,Agartala,Madhya Pradesh,2026-01-15 07:52:31
152949,Rushil,Chahal,,862745086,Gulbarga,Odisha,2026-06-08 05:50:05
152979,Zansi,Chadha,,853208670,Jhansi,Goa,2026-06-10 03:48:35
152985,,Pandit,imaran44@example.org,7490141961,Aligarh,Tripura,2026-03-25 12:13:24
152986,Bhavini,Chad,,9537044273,Rajkot,Kerala,2026-03-12 08:31:17
152989,,Patel,ibail@example.net,3497415151,Proddatur,Telangana,2026-04-30 06:42:00
153001,Girish,Ram,,239126501,Sambalpur,Karnataka,2026-03-17 03:13:20
153030,,Mitra,dalajasodhi@example.com,938055788,Karimnagar,Arunachal Pradesh,2026-01-19 09:10:45
153064,Ganga,Apte,,8921765372,Raipur,Chhattisgarh,2026-03-21 04:39:48
153075,Naksh,Butala,,4040233736,Thiruvananthapuram,Kerala,2026-03-09 20:10:55
153087,Chatura,Tata,,2344854937,Ambarnath,Chhattisgarh,2026-06-17 04:13:08
153127,Pahal,Swaminathan,,9459386077,Kota,Manipur,2026-01-03 07:48:30
153130,Maya,Mutti,,9059641951,Silchar,Telangana,2026-06-19 06:10:17
153156,Jack,Chahal,,4866737718,Medininagar,Chhattisgarh,2026-03-27 20:12:22
153162,,Divan,robertkamdar@example.org,1123639186,Serampore,Sikkim,2026-01-29 21:03:14
153195,,Bhandari,bhattiamruta@example.net,1969545440,Dindigul,Kerala,2026-04-30 02:19:07
153213,Dayita,Bassi,,3722186303,Secunderabad,Uttar Pradesh,2026-05-28 10:27:31
153325,Forum,Issac,,8060936807,Vadodara,Bihar,2026-02-20 05:29:27
153336,,Keer,gulatikashish@example.com,2494392203,Jalna,Nagaland,2026-04-29 11:52:22
153410,,Narain,mseth@example.com,7257632503,Bhalswa Jahangir Pur,Andhra Pradesh,2026-05-03 16:27:21
153482,Patrick,Chhabra,,874217652,Bijapur,Telangana,2026-03-07 09:02:56
153485,,Kakar,yachanaghosh@example.net,796476923,Haridwar,Telangana,2026-05-03 15:11:50
153487,,Soni,bailekantika@example.net,7174484959,Firozabad,Gujarat,2026-04-21 01:47:14
153488,,Chadha,waida95@example.org,7000635586,Jalandhar,Uttarakhand,2026-05-16 16:27:09
153497,Yashodhara,Mohan,,9694595902,Secunderabad,Gujarat,2026-01-23 20:16:25
153506,,Bakshi,pavani84@example.net,5368931603,Bihar Sharif,Jharkhand,2026-03-23 10:07:34
153541,,Pandey,bathgautami@example.net,5058345720,Saharsa,Odisha,2026-04-13 15:48:42
153571,,Sodhi,xmerchant@example.org,6391246743,Nadiad,Kerala,2026-02-15 23:39:52
153581,,Dhar,ukumer@example.org,1380188029,Kamarhati,Karnataka,2026-05-17 02:19:15
153622,Yash,Kuruvilla,,2890744687,Solapur,Mizoram,2026-02-25 21:56:57
153627,Wakeeta,Sarraf,,5749870067,Kumbakonam,Karnataka,2026-03-26 00:28:34
153678,,Bassi,ynarula@example.com,7295673229,Agra,Rajasthan,2026-05-22 22:47:44
153681,,Majumdar,veerpalla@example.net,9447044630,Kirari Suleman Nagar,Chhattisgarh,2026-04-25 12:32:46
153691,,Dyal,brijesh45@example.com,5380257791,Chinsurah,Kerala,2026-05-11 15:52:17
153702,,Thaman,awable@example.org,6272251107,Hajipur,Uttar Pradesh,2026-05-20 05:03:30
153715,,Tiwari,ggoda@example.net,9460921387,Motihari,Punjab,2026-01-21 16:39:28
153725,Saumya,Ben,,3951447840,Khora ,Rajasthan,2026-05-21 12:54:44
153741,,Ahluwalia,triveni04@example.net,3801373013,Anantapuram,Madhya Pradesh,2026-06-12 04:17:40
153767,Chanchal,Rajagopal,,5890528459,Anantapur,Meghalaya,2026-01-26 21:49:21
153773,,De,sanyayogi@example.org,1063804610,Madanapalle,Goa,2026-04-27 04:06:48
153779,,Ahluwalia,npanchal@example.com,4844577359,Kolhapur,Himachal Pradesh,2026-05-15 07:22:31
153803,,Goel,mannantriveni@example.org,2013814400,Dewas,Himachal Pradesh,2026-01-24 18:01:02
153806,Aditya,Dhawan,,7951958138,Amravati,Uttarakhand,2026-04-17 10:47:13
153824,,Jhaveri,xitiganesh@example.org,6355249713,Bhilai,Tamil Nadu,2026-06-01 10:42:59
153838,,Nigam,manbirpatla@example.org,9729812007,Patiala,Jharkhand,2026-05-02 04:04:21
153846,Krish,Chaudry,,3645378527,Morena,Punjab,2026-05-21 01:56:16
153853,Raghav,Kade,,9974048212,Shimoga,Mizoram,2026-02-24 19:51:19
153885,,Narula,urvijayaraman@example.org,185161007,Malda,Maharashtra,2026-06-29 11:59:50
153901,,Uppal,skrish@example.org,3866427041,Baranagar,Himachal Pradesh,2026-06-29 02:40:50
153903,,Sant,fganesan@example.com,4896977099,Solapur,Odisha,2026-05-09 18:30:31
153924,Chaman,Kale,,9327530453,Mahbubnagar,Uttar Pradesh,2026-02-28 12:23:10
153942,Balhaar,Sagar,,5679077532,Chandigarh,Jharkhand,2026-06-18 07:16:03
153969,,Brahmbhatt,karan97@example.org,8707582921,Malda,Manipur,2026-04-30 15:32:08
153979,Isaac,Bora,,4616983959,Nellore,Bihar,2026-03-22 15:22:29
154011,,Agrawal,bhattacharyyachakradev@example.com,8060758395,Ghaziabad,Gujarat,2026-03-13 08:47:53
154030,Nitesh,Kapoor,,1797228708,Gulbarga,Uttar Pradesh,2026-01-29 14:46:05
154037,,Bhagat,saanvi33@example.com,3254110888,Rewa,Andhra Pradesh,2026-05-09 05:39:22
154077,,Butala,hegdenetra@example.net,1075577921,Proddatur,West Bengal,2026-01-21 09:44:08
154090,,Kade,adya07@example.org,3853290618,Farrukhabad,Kerala,2026-06-15 18:32:14
154103,,Goswami,nmander@example.net,7113393626,Rajkot,Madhya Pradesh,2026-04-22 19:50:49
154143,,Kashyap,aadhya08@example.com,1240787553,Panchkula,Arunachal Pradesh,2026-02-16 06:07:44
154158,,Barman,victormadan@example.com,1914034238,Farrukhabad,Mizoram,2026-01-04 15:11:49
154200,,Babu,ektamutti@example.com,1626517259,Jehanabad,Haryana,2026-01-30 21:08:28
154203,Hritik,Nagy,,8217551077,Bidar,Andhra Pradesh,2026-01-14 00:25:35
154244,Girish,Dube,,9312514184,Gorakhpur,Uttarakhand,2026-05-02 23:41:34
154298,Mahika,Rama,,9646329333,Gopalpur,Assam,2026-03-23 22:18:39
154323,Udant,Patla,,225857695,Bihar Sharif,Gujarat,2026-03-10 20:49:49
154334,,Bali,zashil99@example.net,7808258867,Sirsa,Assam,2026-06-26 07:10:44
154342,Gavin,Shan,,7286179900,Rampur,West Bengal,2026-03-25 22:36:20
154391,,Dube,isaiahdate@example.org,8851216175,Nanded,Tamil Nadu,2026-03-06 18:35:51
154445,Wishi,Madan,,6522142063,Sasaram,Odisha,2026-04-29 13:32:58
154455,Yashodhara,Jha,,810212685,Durg,Odisha,2026-05-14 08:34:07
154482,Sneha,Shan,,9283527300,Cuttack,Jharkhand,2026-04-22 07:15:43
154493,Megha,Purohit,,4363656629,Jalgaon,Bihar,2026-06-26 11:13:19
154598,Vasana,Swamy,,5810161742,Nadiad,Sikkim,2026-02-08 01:48:16
154635,,Banerjee,singhalaarush@example.com,9603445697,Pune,Rajasthan,2026-03-20 05:30:24
154655,,Krishna,surgopal@example.net,5187020801,Aligarh,Punjab,2026-01-03 15:23:38
154660,Megha,Chawla,,76656898,Panihati,Manipur,2026-06-24 15:17:56
154691,Irya,Shere,,6259628050,Yamunanagar,Uttarakhand,2026-04-22 11:46:52
154732,,Ratti,ranveer05@example.net,9014958680,Madurai,Chhattisgarh,2026-01-01 10:28:50
154770,,Sathe,asundaram@example.net,7475442970,Raichur,Odisha,2026-03-29 02:24:31
154833,Tanmayi,Solanki,,5444835158,Rajahmundry,Nagaland,2026-03-19 23:12:47
154843,Libni,Pandey,,3675878071,Khammam,Odisha,2026-04-04 07:18:22
154862,,Chandra,banjeetmohan@example.com,9644488649,Shimoga,Rajasthan,2026-05-10 00:31:34
154870,Inaya,Sanghvi,,5328908373,Aurangabad,Rajasthan,2026-05-09 13:43:41
154911,Aarav,Rajagopalan,,9920461450,Ramgarh,Uttar Pradesh,2026-06-22 10:08:26
154914,,Kannan,omishanagarajan@example.net,3295069361,Bijapur,Tripura,2026-04-24 00:08:50
154931,Yug,Dugal,,6038806816,Ichalkaranji,Himachal Pradesh,2026-01-07 23:45:13
154937,Barkha,Boase,,7664096151,Guntakal,Andhra Pradesh,2026-05-01 04:10:02
154948,,Handa,qushiyogi@example.com,3309802198,Morena,Madhya Pradesh,2026-02-21 04:59:49
154950,,Walla,nimrat93@example.net,3564185375,Sasaram,Arunachal Pradesh,2026-03-28 00:41:06
154955,Barkha,Krishna,,2088615859,Kozhikode,Andhra Pradesh,2026-01-11 23:56:22
155003,Zashil,Goel,,9491048186,Kurnool,Bihar,2026-04-09 16:44:48
155011,Zaid,Kale,,8561146342,Gwalior,Gujarat,2026-05-27 20:14:11
155027,,Ben,chakradharkhosla@example.org,3793187740,Sambhal,Assam,2026-02-26 12:45:19
155074,Chanakya,Gulati,,2258216055,Srikakulam,Meghalaya,2026-03-03 19:30:41
155077,Widisha,Sur,,7157311738,Vadodara,Chhattisgarh,2026-06-06 01:25:09
155089,,Modi,maanavlad@example.com,1152729690,Guna,Gujarat,2026-06-04 17:59:21
155136,Quincy,Mallick,,7887235564,Ongole,Haryana,2026-02-24 18:14:39
155145,,Gandhi,damyanti61@example.com,5245847795,Baranagar,Punjab,2026-02-10 22:58:57
155162,,Karnik,jagvibadami@example.org,7712863418,Purnia,Madhya Pradesh,2026-05-08 07:40:34
155221,Vrishti,Magar,,1109457046,Nagpur,Uttarakhand,2026-03-18 09:41:46
155222,,Dhar,libni20@example.com,1256667890,Ranchi,Himachal Pradesh,2026-02-25 07:25:44
155233,,Sandal,wishibose@example.org,2282175500,Salem,Uttar Pradesh,2026-02-04 09:24:47
155260,,Sunder,srinivasantanay@example.com,7443313313,Haldia,Tripura,2026-04-25 20:22:56
155279,Kavya,Ganesan,,5620425656,Kishanganj,West Bengal,2026-03-21 19:08:03
155346,,Kibe,vedhikaacharya@example.org,7617255452,Ongole,Meghalaya,2026-01-08 14:03:34
155351,Timothy,Ratta,,777852385,Meerut,Odisha,2026-02-20 20:03:08
155358,,Bhattacharyya,yahvi48@example.org,7276873447,Hosur,Tamil Nadu,2026-06-05 15:46:26
155363,,Devan,hemang24@example.com,9409326994,Bhusawal,Uttarakhand,2026-03-27 05:51:35
155447,,Wadhwa,sandalmitesh@example.com,5428056420,Dhule,Nagaland,2026-04-26 19:19:52
155454,Hemal,Shenoy,,3985891947,Ujjain,Odisha,2026-04-13 16:43:26
155474,Yashvi,Sengupta,,479357044,Bidar,Gujarat,2026-04-02 12:58:21
155548,Devansh,Sidhu,,236299474,Rohtak,Assam,2026-03-16 21:47:25
155596,Devika,Balay,,2551771564,Ichalkaranji,Uttarakhand,2026-06-17 15:34:40
155623,Girish,Pandya,,1843126320,Vadodara,Meghalaya,2026-02-20 23:55:34
155691,,Bora,gdevi@example.com,4715119793,Kamarhati,Meghalaya,2026-05-25 01:09:26
155735,Veda,Pai,,4657732412,Purnia,Madhya Pradesh,2026-05-23 18:54:47
155770,Lipika,Bava,,874915325,Barasat,Karnataka,2026-04-13 13:51:29
155774,,Rastogi,damyantinatt@example.com,184039926,Kirari Suleman Nagar,Odisha,2026-03-06 21:28:34
155794,,Venkataraman,hpalan@example.com,6032438869,Bidhannagar,Odisha,2026-06-22 11:51:06
155810,,Chaudhari,urvashi02@example.com,1987171701,Karnal,Tamil Nadu,2026-02-04 17:37:41
155814,,Nadkarni,,9371081138,Srinagar,Kerala,2026-05-12 10:03:05
155816,Mitali,Bhasin,,6728209175,Tirunelveli,Andhra Pradesh,2026-04-24 21:09:58
155819,,Parmar,osethi@example.com,5287842758,Nellore,Jharkhand,2026-02-02 07:13:33
155870,,Badal,wbandi@example.org,9042296323,Tezpur,Himachal Pradesh,2026-03-22 17:37:38
155873,,Setty,upmaparmar@example.net,9307161632,Hyderabad,Karnataka,2026-05-24 18:07:49
155903,Jeremiah,Choudhry,,3931912010,Phagwara,Kerala,2026-02-07 00:44:32
155947,,Parmar,yagnesh73@example.net,6047733789,Hajipur,Uttarakhand,2026-01-18 09:38:05
155954,,Garde,bhattnidra@example.net,3237278589,Satara,Andhra Pradesh,2026-06-28 15:55:36
156012,,Shetty,thakuryamini@example.org,8711719119,Gandhinagar,Madhya Pradesh,2026-02-28 05:04:51
156023,Balendra,Suresh,,7139806754,Bhiwandi,Haryana,2026-02-22 09:52:35
156042,,Tripathi,akhatri@example.com,8043403481,Latur,Tamil Nadu,2026-04-15 12:21:46
156044,Hamsini,Merchant,,1393791850,Amaravati,Jharkhand,2026-04-11 00:16:49
156045,Nitesh,Buch,,6135092197,Phagwara,Tripura,2026-02-09 00:12:10
156070,Devika,Sahota,,5968109321,Gorakhpur,Kerala,2026-01-12 21:16:04
156099,Jeevika,Subramanian,,9793545129,Gulbarga,Goa,2026-02-16 14:25:24
156116,,Bakshi,hemaborde@example.net,2515492543,Patiala,Karnataka,2026-04-21 09:24:10
156130,Aarini,Saha,,8000797164,Thane,West Bengal,2026-06-17 00:34:32
156135,Urmi,Datta,,6350401481,Miryalaguda,Arunachal Pradesh,2026-04-26 13:06:07
156154,,Ahluwalia,buchsamuel@example.com,5359656846,Tadepalligudem,Odisha,2026-02-05 13:43:48
156181,Megha,Bhatnagar,,8458950789,Jamnagar,Bihar,2026-05-17 13:57:17
156235,Amrita,Chhabra,,4844942289,Ajmer,Uttar Pradesh,2026-04-05 12:44:59
156277,,Pall,vaishnavi33@example.org,6074399104,Katni,Chhattisgarh,2026-03-19 21:44:54
156285,Laban,Master,,3046556791,Proddatur,Kerala,2026-03-17 10:37:38
156320,,Viswanathan,vdivan@example.com,5524162393,Bihar Sharif,Uttarakhand,2026-05-29 20:47:21
156379,Farhan,Nagar,,3942198936,Bardhaman,Manipur,2026-03-13 13:35:03
156408,Aayush,Maharaj,,2200171776,Raiganj,West Bengal,2026-02-02 14:36:08
156419,,Garde,snehakamdar@example.com,2153985928,Hajipur,Bihar,2026-01-11 00:19:41
156425,,Kale,murthytriveni@example.org,3699812421,Hosur,Andhra Pradesh,2026-04-26 16:03:06
156453,,Shere,david87@example.org,1483106,Berhampur,Madhya Pradesh,2026-02-05 19:37:22
156457,,Ganguly,qsani@example.net,4398474607,Kirari Suleman Nagar,Kerala,2026-06-14 07:58:26
156463,Aahana,Subramanian,,617592675,Tadepalligudem,Uttar Pradesh,2026-03-24 05:11:23
156470,Praneel,Char,,5544127240,Ozhukarai,Tamil Nadu,2026-04-13 07:01:17
156486,Jyoti,Seshadri,,665321680,Narasaraopet,Odisha,2026-04-28 11:25:43
156536,,Sibal,harishoza@example.com,6608862492,Alappuzha,Himachal Pradesh,2026-02-19 19:01:01
156591,,Bala,yutikabala@example.net,6518582866,Etawah,Punjab,2026-03-14 09:41:39
156673,Vinaya,Gopal,,4102804366,Sultan Pur Majra,Mizoram,2026-02-28 10:33:03
156750,Unnati,Vohra,,4289448046,Chandrapur,Punjab,2026-03-31 13:02:23
156752,,Nagi,amore@example.com,9883342530,New Delhi,Punjab,2026-06-10 20:19:53
156756,,Basak,william63@example.com,8319958415,Naihati,Uttar Pradesh,2026-04-09 22:40:08
156816,,Dutta,pnarayanan@example.net,6914974391,Bettiah,Chhattisgarh,2026-03-18 15:29:32
156872,Widisha,Walia,,3922784657,Durgapur,Nagaland,2026-05-05 14:15:03
156897,,Babu,,1294343491,Kulti,Haryana,2026-03-08 09:38:01
156903,,Ramesh,meera55@example.net,3636486666,Hubli–Dharwad,Jharkhand,2026-02-18 17:23:33
156910,,Garde,neelima51@example.net,5514202292,Shahjahanpur,Sikkim,2026-05-20 00:35:37
156917,Chaitanya,Swamy,,3088043431,Gwalior,Goa,2026-02-26 21:27:31
156934,Chakrika,Bhalla,,9008630361,Ramgarh,Arunachal Pradesh,2026-01-05 01:06:43
156946,Krishna,Hayer,,2365921271,Agartala,Tamil Nadu,2026-05-12 10:01:12
156955,Lipika,Sarkar,,9061618592,Kumbakonam,Andhra Pradesh,2026-01-15 05:25:34
156987,Omkaar,Mandal,,3629252004,Bhimavaram,Chhattisgarh,2026-06-26 11:08:03
157049,Tristan,Gola,,3015243768,Ambala,Arunachal Pradesh,2026-06-30 10:17:47
157117,,Bhakta,mandalleena@example.net,8380480054,Nadiad,Himachal Pradesh,2026-02-25 16:16:37
157150,,Varughese,etashah@example.com,1403545835,Nagercoil,Kerala,2026-02-24 21:23:57
157164,,Mukhopadhyay,frederick94@example.net,1957870462,Korba,Uttar Pradesh,2026-05-28 18:26:42
157210,Yutika,Yohannan,,1261751858,Gurgaon,Tamil Nadu,2026-04-02 12:12:32
157237,,Panchal,singhalridhi@example.com,505516175,Danapur,Andhra Pradesh,2026-06-21 09:40:13
157247,,Majumdar,parsabrijesh@example.org,5146252687,Raiganj,Andhra Pradesh,2026-03-02 04:19:49
157268,Radha,Chaudhuri,,380904939,Ahmedabad,Kerala,2026-06-13 07:53:40
157321,,Merchant,ugade@example.org,9902201469,Bulandshahr,Manipur,2026-02-19 16:16:56
157357,Pranit,Venkatesh,,2387498946,Hyderabad,Meghalaya,2026-01-05 07:54:01
157370,Anvi,Vasa,,2749377334,Baranagar,Sikkim,2026-02-20 22:46:49
157376,,Loyal,mohammedchandra@example.net,5940345016,Raichur,Assam,2026-03-21 08:46:45
157457,Saanvi,Sani,,8381739821,Unnao,Uttarakhand,2026-02-25 09:39:45
157483,Elijah,Zachariah,,3676250120,Tinsukia,Nagaland,2026-06-14 22:59:12
157494,,Chaudry,senrishi@example.net,4427741722,Singrauli,Andhra Pradesh,2026-01-16 11:07:33
157526,,Sodhi,elijah26@example.com,3580313033,Jabalpur,Manipur,2026-05-25 04:20:19
157550,Jagvi,Divan,,1215623719,Sultan Pur Majra,Uttarakhand,2026-03-16 11:04:55
157590,,Rajagopalan,daksh28@example.net,9964917507,Parbhani,Arunachal Pradesh,2026-06-20 16:59:14
157617,,Chawla,rsridhar@example.com,9895327497,Bhagalpur,Assam,2026-05-04 08:15:09
157655,Kalpit,Thakur,,1367504826,Navi Mumbai,Meghalaya,2026-02-09 18:30:39
157689,,Banik,ekantakarnik@example.net,7572979771,Nizamabad,Mizoram,2026-06-09 19:31:22
157707,Liam,Bhakta,,5763459070,Belgaum,Gujarat,2026-02-21 23:50:45
157739,Liam,Gola,,348741387,Rohtak,Tamil Nadu,2026-05-29 23:08:11
157756,,Bal,ozazansi@example.com,3200722799,Ambattur,Karnataka,2026-05-06 05:55:32
157761,,Sodhi,raghavanrushil@example.net,9827499340,Deoghar,Uttarakhand,2026-06-09 06:22:59
157791,Unni,Shah,,7937665143,Naihati,Manipur,2026-05-11 03:24:49
157808,,Kurian,chakradev16@example.net,2963251396,Kadapa,Rajasthan,2026-01-10 21:10:30
157921,,Madan,lalaalexander@example.net,723107477,Akola,Uttarakhand,2026-04-18 06:30:38
157935,Indrajit,Dani,,6341521578,Aurangabad,Jharkhand,2026-01-22 22:41:55
157967,,Ahluwalia,ubika91@example.org,2510756136,Kishanganj,Jharkhand,2026-05-27 10:16:25
157990,,More,ladliagrawal@example.org,8023664305,Hospet,Rajasthan,2026-01-25 16:17:26
158078,,Nadig,tanveerraju@example.org,9308517891,Munger,West Bengal,2026-04-30 11:42:00
158083,,Barman,bnayar@example.org,9534343765,Aurangabad,Punjab,2026-04-05 04:32:11
158109,,Prakash,,6744085375,Vellore,Sikkim,2026-03-25 15:00:08
158118,Azaan,Misra,,7843983084,Machilipatnam,Punjab,2026-06-17 15:34:46
158140,,Sundaram,faqid69@example.org,9353156626,Bhilai,Tripura,2026-02-16 22:25:10
158193,,Sha,sankarbhavani@example.com,6655497523,Giridih,Haryana,2026-05-20 09:42:37
158204,Oviya,Koshy,,4167857540,Siliguri,Telangana,2026-01-28 03:25:04
158282,,Kapadia,veda28@example.net,8628479083,Mira-Bhayandar,Manipur,2026-05-12 13:49:44
158293,Maanav,Ramaswamy,,3657490026,Tiruvottiyur,Rajasthan,2026-06-26 19:29:21
158328,,Prakash,cdada@example.org,9602944183,Ranchi,Maharashtra,2026-06-25 18:28:50
158376,Balvan,Vala,,1904174366,Raiganj,Karnataka,2026-05-15 13:23:00
158380,,Hari,siddharthratta@example.org,429132494,Amaravati,Assam,2026-02-08 14:13:56
158458,,Anne,ikshita99@example.org,8461619324,Suryapet,Mizoram,2026-02-17 14:13:23
158480,Pallavi,Bhattacharyya,,7218187598,Pondicherry,Arunachal Pradesh,2026-05-06 11:16:21
158495,Neelima,Sampath,,6665211977,Rajpur Sonarpur,Uttar Pradesh,2026-01-03 10:53:51
158502,,More,karnikdhruv@example.org,8243194625,Bellary,Himachal Pradesh,2026-05-03 12:45:12
158522,,Wali,inaya28@example.net,4545824862,Nanded,Andhra Pradesh,2026-01-24 02:37:47
158574,Ladli,Batta,,8503596666,Jamnagar,Tripura,2026-02-21 17:43:19
158582,Joshua,Rattan,,9290647947,Latur,Andhra Pradesh,2026-01-26 13:47:25
158594,Nakul,Agate,,3943887197,Hajipur,Himachal Pradesh,2026-04-11 15:17:21
158595,Manan,Gill,,6961911771,Gurgaon,Madhya Pradesh,2026-03-25 17:52:08
158681,,Kota,babumanan@example.org,3225942448,Purnia,Tamil Nadu,2026-01-16 16:03:00
158693,Samaksh,Walia,,2802554355,Bikaner,Gujarat,2026-02-28 19:47:25
158700,Isaiah,Sibal,,5163087518,Tadipatri,Madhya Pradesh,2026-03-24 10:18:00
158720,,Ben,janyaseshadri@example.net,711726297,Orai,Uttar Pradesh,2026-01-08 19:59:52
158731,,Bhakta,joshibakhshi@example.net,3936583059,Bijapur,Madhya Pradesh,2026-01-01 20:45:21
158841,Faqid,Halder,,3904435431,Patiala,West Bengal,2026-03-03 09:51:28
158843,,Dutt,aarinigoel@example.org,5126163971,Nashik,Madhya Pradesh,2026-03-11 06:17:07
158872,,Lal,prishalala@example.org,7927272347,Berhampur,Telangana,2026-02-09 06:50:59
158944,,Sule,sarrafidika@example.org,933148018,Tiruvottiyur,Odisha,2026-01-12 18:24:27
158985,Harish,Kamdar,,2436229631,Patna,Haryana,2026-06-14 15:47:39
159011,,Sanghvi,lalaarunima@example.net,8693389525,Eluru,Karnataka,2026-04-15 22:17:06
159020,Pranav,Mangal,,2545810866,Mehsana,Assam,2026-05-04 20:19:25
159025,,Sarraf,braval@example.com,3052366384,Nizamabad,Tripura,2026-03-11 07:13:49
159107,Timothy,Zacharia,,7935805082,Salem,Assam,2026-06-18 16:21:49
159141,Lipika,Chokshi,,9922792168,Dhule,Arunachal Pradesh,2026-04-30 07:36:43
159148,Ucchal,Doshi,,7289073045,Agra,Uttar Pradesh,2026-03-24 14:21:36
159154,Faras,Karpe,,3692280444,Vadodara,Nagaland,2026-05-18 00:41:31
159238,Raagini,Ravel,,9005805564,Haridwar,Gujarat,2026-05-18 17:50:15
159317,Agastya,Cherian,,3089385821,Uluberia,Nagaland,2026-05-12 11:48:52
159322,,Cheema,dugalnandini@example.org,3282009481,Khandwa,Telangana,2026-02-01 16:50:12
159335,,Mallick,nazarethaarav@example.org,5325516313,Giridih,Gujarat,2026-05-06 22:06:37
159422,,Oak,okhosla@example.org,4447278663,Bongaigaon,Sikkim,2026-03-18 15:54:37
159426,,Gulati,udant06@example.com,6453463056,Avadi,Tripura,2026-04-09 22:59:24
159464,Jagvi,Loke,,3645469978,Patna,Assam,2026-03-09 13:36:27
159505,Keya,Vohra,,2214911987,Gwalior,Mizoram,2026-03-16 07:09:49
159512,,Doctor,sshan@example.com,9957307719,Morbi,Tamil Nadu,2026-05-31 13:51:55
159546,,Devi,ikshitaaurora@example.org,390254503,Ramagundam,Himachal Pradesh,2026-02-28 23:32:18
159563,Zayan,Chahal,,2186320643,Salem,Madhya Pradesh,2026-03-21 11:27:01
159578,,Chadha,girindrakhalsa@example.net,3066966737,Guwahati,Mizoram,2026-01-26 15:06:15
159649,Quincy,Mody,,344553167,Guwahati,West Bengal,2026-05-24 23:57:14
159650,,Varghese,oommenvrishti@example.com,7984437591,Gwalior,Nagaland,2026-01-29 15:16:54
159702,Agastya,Kar,,2571990276,Kharagpur,Karnataka,2026-06-26 05:32:22
159732,Yagnesh,Anand,,4099976024,Pallavaram,Kerala,2026-03-27 11:19:20
159750,,Bora,krishasaraf@example.org,1788744213,Muzaffarpur,Tripura,2026-05-02 08:36:07
159763,,Balasubramanian,lokezayyan@example.org,9243891858,Secunderabad,West Bengal,2026-03-09 19:41:23
159787,Tara,Shroff,,9471770737,Noida,Punjab,2026-03-27 10:13:08
159792,Hitesh,Chada,,1711261753,Chinsurah,Bihar,2026-04-03 01:16:43
159894,,Khare,edhithabhandari@example.net,6951597613,Unnao,Jharkhand,2026-04-15 18:04:56
159903,Hredhaan,Gole,,8453244593,Kadapa,Haryana,2026-02-26 08:07:38
159910,Lipika,Walla,,9203645918,Howrah,Madhya Pradesh,2026-01-26 00:04:14
159911,,Soni,yasti98@example.org,9232656767,Udaipur,Manipur,2026-06-11 21:18:33
159912,,Joshi,anikaghose@example.org,3747075240,Erode,Arunachal Pradesh,2026-04-10 04:38:50
159933,Dominic,Thakur,,7934374555,Nellore,Telangana,2026-05-26 01:48:01
160010,Unnati,Misra,,9611958693,Ballia,Manipur,2026-03-10 05:15:29
160070,,Biswas,vedamand@example.net,7755562851,Ujjain,Haryana,2026-06-28 06:06:19
160075,,Kamdar,yuvrajrajagopal@example.net,7589139198,Siliguri,Tripura,2026-05-02 19:21:14
160076,Jagdish,Wali,,2865916397,Ajmer,Nagaland,2026-05-06 23:46:38
160108,Umang,Padmanabhan,,5589969189,Pali,Himachal Pradesh,2026-02-02 09:01:38
160148,Dayamai,Pathak,,7435731881,Narasaraopet,Andhra Pradesh,2026-06-02 12:42:28
160159,,Saha,aahana26@example.net,4843614622,Durg,Mizoram,2026-04-11 15:20:47
160160,,Dar,timothymistry@example.org,6985514146,Saharanpur,Telangana,2026-05-26 06:21:57
160170,,Shankar,jbhakta@example.net,3828420156,Patna,Madhya Pradesh,2026-01-05 01:24:53
160266,Veda,Bhalla,,3586100758,Raiganj,Meghalaya,2026-02-25 18:45:09
160272,Dev,Sehgal,,128993407,Ongole,Meghalaya,2026-03-03 18:38:14
160281,Neha,Sastry,,8855756448,Miryalaguda,Haryana,2026-03-11 14:04:28
160287,,Buch,amolpandit@example.org,3938756398,Siwan,Odisha,2026-04-14 14:36:16
160289,,Sarna,qabil23@example.net,9006298450,Davanagere,Manipur,2026-01-25 15:12:11
160290,,Grewal,eanne@example.net,5885521294,Bareilly,Sikkim,2026-01-26 05:14:43
160337,,Golla,iyengarharinakshi@example.org,1372633249,Hubli–Dharwad,Himachal Pradesh,2026-04-09 02:06:19
160359,,Palla,triptidara@example.com,6535146601,Ghaziabad,Nagaland,2026-03-09 23:10:04
160362,Nandini,Shanker,,5167728444,Ghaziabad,Mizoram,2026-05-28 22:16:16
160398,,Venkataraman,sundaramgautami@example.org,6479904177,Mathura,Telangana,2026-05-13 06:30:08
160439,,Kala,nbir@example.com,8988253591,Nagercoil,Uttarakhand,2026-02-21 02:09:20
160522,Umang,Gupta,,7933665889,Shimoga,Punjab,2026-01-14 17:01:59
160552,Warinder,Bains,,2686704577,Agartala,Gujarat,2026-02-16 19:57:33
160600,,Loke,chakradevgoda@example.org,247702801,Adoni,Kerala,2026-05-10 17:02:20
160621,Hredhaan,Mittal,,7145357628,Amroha,Nagaland,2026-04-16 16:28:47
160628,Aryan,Vaidya,,1539473750,Purnia,Tamil Nadu,2026-04-08 20:21:00
160640,,Pandit,idikaandra@example.com,1093800100,Kota,Kerala,2026-04-06 11:59:52
160651,Rajeshri,Edwin,,5576851783,Kamarhati,Uttarakhand,2026-04-10 04:07:44
160660,,Kunda,yachanabhagat@example.net,8280568023,Mehsana,Nagaland,2026-01-05 05:54:41
160670,Lipika,Shukla,,6625400894,Akola,Meghalaya,2026-03-13 12:24:02
160673,Chaman,Munshi,,8908245650,Mango,Mizoram,2026-04-10 15:46:48
160686,Dayita,Sanghvi,,3224163415,Meerut,West Bengal,2026-01-09 20:23:13
160692,Dominic,Panchal,,7654175835,Kadapa,Gujarat,2026-05-22 01:29:43
160695,,Swaminathan,sachdevyochana@example.com,7679220788,Bhagalpur,Andhra Pradesh,2026-05-24 16:47:25
160712,,Singhal,krishnagar@example.net,923399197,Vadodara,Meghalaya,2026-05-22 23:43:21
160713,Harinakshi,Kohli,,1632334020,Guwahati,Madhya Pradesh,2026-06-24 14:31:36
160723,,Borah,qhari@example.net,1863833996,Panipat,Chhattisgarh,2026-03-28 02:16:04
160726,Maya,Rau,,6857043019,Bidhannagar,West Bengal,2026-06-09 05:17:27
160783,,Bhandari,advik18@example.net,9006667707,Gwalior,Tamil Nadu,2026-01-15 01:06:26
160793,Teerth,De,,386679871,South Dumdum,Madhya Pradesh,2026-02-22 12:29:36
160802,,Bail,zchowdhury@example.net,3286892724,Thrissur,Maharashtra,2026-03-18 01:39:16
160825,,Dara,godaekaraj@example.net,5378882726,Delhi,Kerala,2026-06-08 16:16:58
160841,,Nayak,nathan93@example.org,6743208804,Sri Ganganagar,Andhra Pradesh,2026-04-12 23:01:16
160863,Bina,Prasad,,5346917942,Srikakulam,Tripura,2026-04-01 11:42:45
160890,Veer,Soman,,5053658594,Buxar,Manipur,2026-02-12 23:19:48
160899,,Pal,kundamaya@example.org,7809734356,Burhanpur,Odisha,2026-03-03 17:45:10
160900,,Bhavsar,faqid36@example.org,6660681687,Bhavnagar,Himachal Pradesh,2026-02-02 15:33:30
160932,,Deol,shettyyashica@example.com,9108838297,Siliguri,Haryana,2026-03-07 13:53:15
160936,Xiti,Randhawa,,6430041141,Nandyal,Gujarat,2026-02-28 02:43:02
160942,,Badami,sethabhimanyu@example.com,1249752444,Dhule,Bihar,2026-05-31 06:50:35
160947,Avi,Karan,,9993835514,Chapra,Uttarakhand,2026-05-06 10:42:09
160999,Kashish,Maharaj,,3455142035,Khandwa,Arunachal Pradesh,2026-01-20 10:33:10
161004,,Cherian,vyanjanaroy@example.net,473118510,Panvel,Madhya Pradesh,2026-03-25 01:12:24
161035,,Ranganathan,battalajita@example.net,5916950576,Bally,Gujarat,2026-02-07 05:01:42
161072,Tanish,Konda,,2351670872,Guntakal,Jharkhand,2026-05-18 16:49:25
161084,Nandini,Dave,,5918560770,Nangloi Jat,Mizoram,2026-06-07 15:58:38
161135,Ranveer,Jaggi,,6974764417,Anantapuram,Tamil Nadu,2026-02-17 16:50:13
161159,Brijesh,Zacharia,,8342805903,Bihar Sharif,Tripura,2026-05-18 22:23:01
161193,,Ravel,ishitagupta@example.net,5750318677,Thrissur,Telangana,2026-04-19 04:41:09
161236,,Dara,wkara@example.org,4022287615,Muzaffarnagar,Goa,2026-04-09 04:32:23
161241,Wriddhish,Mahajan,,1905498029,Ujjain,Haryana,2026-03-10 13:15:11
161318,,Pandya,suhani38@example.net,3298773135,Surat,Mizoram,2026-01-04 14:33:25
161346,,Deshmukh,deepcaleb@example.com,689459023,Hyderabad,Haryana,2026-03-12 01:38:35
161365,,Banerjee,vivaan42@example.net,2105399722,Aurangabad,Telangana,2026-03-07 18:18:30
161367,,Kuruvilla,aarushsethi@example.net,6496325082,Gandhidham,Tamil Nadu,2026-04-06 03:18:19
161370,Jacob,Gulati,,6730367130,Ambattur,Manipur,2026-02-09 06:15:35
161383,,Sabharwal,qghose@example.net,5072539373,Noida,Andhra Pradesh,2026-06-07 03:49:30
161401,Isaiah,Pillai,,9631833377,Bokaro,West Bengal,2026-05-06 00:25:18
161407,Harshil,Nagy,,6762190034,Maheshtala,Punjab,2026-04-10 14:00:00
161416,,Nayar,cheemawyatt@example.net,4236769779,Ulhasnagar,Tamil Nadu,2026-03-05 03:20:04
161462,Veer,Bhakta,,1575726046,Guna,Haryana,2026-04-10 20:38:52
161468,,Narasimhan,yshroff@example.com,4161943005,Delhi,Bihar,2026-06-19 20:21:37
161530,Wishi,Mangat,,7920338616,Jaipur,Jharkhand,2026-04-03 16:47:36
161594,,Krishnan,anvi53@example.org,1035939434,Mau,Andhra Pradesh,2026-02-14 18:01:44
161598,,Seth,sneha13@example.com,4474681919,Kurnool,Tamil Nadu,2026-06-17 05:48:05
161599,,Badal,omishayohannan@example.net,5471222508,Bahraich,Kerala,2026-03-09 02:27:13
161637,,Kala,bailnandini@example.org,3789681219,Alappuzha,Telangana,2026-04-19 06:10:50
161676,,Bakshi,chandraaayush@example.com,370867006,Bilaspur,Tripura,2026-01-16 03:26:02
161684,Vasatika,Kota,,5916653507,Visakhapatnam,Odisha,2026-06-17 17:17:39
161748,,Nagar,sandalwriddhish@example.net,1593990893,Pudukkottai,Meghalaya,2026-06-03 12:10:25
161776,Baghyawati,Malhotra,,9391473455,Pondicherry,Madhya Pradesh,2026-01-06 05:08:59
161786,Harinakshi,Agarwal,,8073318971,Durg,Sikkim,2026-01-05 08:11:28
161789,Ekanta,Kulkarni,,7016030873,Ghaziabad,West Bengal,2026-02-23 05:53:33
161791,,Deep,reddyteerth@example.com,9823313585,Ludhiana,Kerala,2026-02-15 08:43:55
161797,,Luthra,wagletanay@example.org,3847768394,Tumkur,Uttarakhand,2026-01-28 11:11:06
161835,,Bawa,henrykari@example.org,4556561779,Nizamabad,Maharashtra,2026-04-29 21:38:42
161837,Quincy,Tripathi,,3388670593,Sangli-Miraj & Kupwad,Madhya Pradesh,2026-03-13 10:41:30
161888,,Karpe,ikrish@example.net,5560461601,Satara,Uttar Pradesh,2026-01-31 00:34:37
161932,,Puri,palaneesha@example.net,2769594890,Ujjain,Maharashtra,2026-02-07 19:19:24
161962,,Memon,harrisonkara@example.net,1767813595,Delhi,Bihar,2026-05-14 16:03:56
162005,,Bhatia,bnair@example.org,1548221429,Amroha,Gujarat,2026-05-15 02:28:02
162033,,Mohan,mitalikalla@example.net,6831573696,Mehsana,Assam,2026-06-19 06:54:58
162067,,Bhagat,yahvibansal@example.org,3022308300,Thrissur,West Bengal,2026-02-04 06:28:25
162080,Ryan,Kade,,6540079051,Vasai-Virar,Nagaland,2026-05-04 12:29:39
162083,,Tiwari,ynarang@example.net,3241019963,Deoghar,Punjab,2026-02-03 10:07:21
162106,,Rama,lakshchoudhry@example.net,5504548982,Asansol,Uttar Pradesh,2026-02-25 09:28:41
162119,Chaaya,Raj,,141870873,Alwar,Karnataka,2026-01-12 00:38:54
162134,,Balakrishnan,liyer@example.com,5086211150,Arrah,Goa,2026-05-26 21:08:59
162151,,Gade,bhavikachacko@example.net,1141491190,Chandrapur,Karnataka,2026-06-09 18:06:16
162173,Eta,Shere,,5474619725,Korba,Arunachal Pradesh,2026-01-02 15:45:36
162176,Simon,Panchal,,4504486502,Begusarai,Uttar Pradesh,2026-01-09 03:03:09
162235,Zarna,Kumar,,4845950680,Chennai,Uttarakhand,2026-03-19 20:21:11
162245,,Gandhi,nicholasbrar@example.org,8979955134,Serampore,Sikkim,2026-05-22 15:14:33
162258,Balhaar,Rajagopalan,,7887404982,Ramagundam,Madhya Pradesh,2026-05-21 21:15:58
162295,,Suri,darsh97@example.net,8536702939,Bardhaman,Rajasthan,2026-01-13 23:46:50
162303,,Deshmukh,virajnaik@example.net,6401290804,Erode,Tripura,2026-06-20 13:27:13
162374,Rachit,Anand,,477913285,Ranchi,Madhya Pradesh,2026-03-08 14:49:33
162394,Orinder,Rai,,4279588193,Karaikudi,Arunachal Pradesh,2026-01-10 12:46:43
162435,,Gole,wsachdev@example.org,3123297052,Mau,Maharashtra,2026-04-14 14:02:53
162474,,Thakkar,parmarnisha@example.com,454480674,Gandhinagar,Tamil Nadu,2026-01-08 18:33:22
162475,,Bala,mmahajan@example.org,6511494843,Singrauli,Arunachal Pradesh,2026-04-22 16:51:24
162525,Kiaan,Cherian,,8194085900,Bhusawal,Goa,2026-03-30 02:15:26
162534,,Chhabra,arinpau@example.org,1834103043,Malegaon,Rajasthan,2026-03-22 04:48:14
162630,Chatresh,Munshi,,4298921177,Latur,Himachal Pradesh,2026-05-19 02:24:28
162663,Hemangini,Contractor,,1641108291,Bhubaneswar,Jharkhand,2026-04-07 07:18:57
162685,Udarsh,Vora,,2296253642,Narasaraopet,Tamil Nadu,2026-02-03 07:38:07
162720,Upasna,Sahni,,7570344561,Hajipur,Punjab,2026-02-14 20:55:18
162725,,Zachariah,mahikalalla@example.com,9824635536,Ujjain,Tripura,2026-06-05 09:49:43
162744,,Venkatesh,aryachanchal@example.net,7789847584,Begusarai,Uttarakhand,2026-04-15 22:43:01
162754,,Borde,rajeshriyadav@example.com,5432288105,Khammam,Chhattisgarh,2026-03-23 18:59:23
162764,,Solanki,nakul86@example.org,3847389562,Lucknow,Haryana,2026-02-04 18:00:31
162768,,Kamdar,qabildesai@example.net,763713354,Tirunelveli,Rajasthan,2026-02-20 12:01:10
162790,,Sura,mekhala03@example.net,2869050182,Coimbatore,Madhya Pradesh,2026-01-24 23:57:18
162798,Triya,Sarkar,,5083737733,Serampore,Karnataka,2026-05-28 13:50:39
162828,Praneel,Hora,,5765616214,Patiala,Karnataka,2026-02-03 21:09:50
162850,Yash,Sachdeva,,9249387764,Eluru,Haryana,2026-03-07 06:22:21
162872,Isha,Bala,,6126206377,Ambala,Goa,2026-04-07 22:29:16
162889,Jagvi,Lall,,930473809,Tumkur,Odisha,2026-06-25 03:15:56
162923,,Ramakrishnan,pranitagate@example.org,7477881344,Bally,Jharkhand,2026-05-22 19:21:17
162939,Pranav,Sarma,,6947916498,Sultan Pur Majra,Telangana,2026-06-28 01:39:13
162946,Balendra,Borde,,8722894248,Mathura,Manipur,2026-05-09 01:01:57
162965,,Trivedi,dateinaya@example.com,983933557,Gaya,Meghalaya,2026-01-25 17:33:54
163013,Rachit,Borra,,7257439976,Hubli–Dharwad,Sikkim,2026-04-02 03:07:22
163027,Dhruv,Goswami,,8494031459,Guntakal,Telangana,2026-05-19 04:49:47
163038,,Wable,champak32@example.net,2822014383,Phagwara,Nagaland,2026-01-12 18:50:09
163069,,Bali,raksha24@example.com,7444284842,Berhampur,Uttar Pradesh,2026-05-27 15:30:54
163082,Isaac,Tak,,2051970762,Danapur,Goa,2026-01-10 15:54:41
163108,Siddharth,Sarraf,,2801110952,Asansol,Odisha,2026-05-07 05:12:48
163135,,Rajagopal,timothymann@example.org,9082922802,Dibrugarh,Maharashtra,2026-03-21 11:17:06
163143,,Ramesh,chhabravaishnavi@example.com,5419575293,Jamalpur,Punjab,2026-01-29 04:11:11
163150,Yatin,Acharya,,6855040043,Hyderabad,Tamil Nadu,2026-01-25 10:36:26
163161,,Sule,nadkarnibakhshi@example.org,5779796596,South Dumdum,Himachal Pradesh,2026-05-22 13:05:59
163171,,Verma,siyaratti@example.com,4349252333,Mangalore,Assam,2026-06-25 03:58:27
163211,,Gupta,ekapad57@example.org,957200492,Bokaro,Bihar,2026-04-22 18:14:26
163247,,Chahal,imukherjee@example.com,1177374150,Dewas,Uttar Pradesh,2026-02-07 21:19:15
163273,,Karan,uthakkar@example.org,748533619,Hapur,Manipur,2026-05-03 13:46:07
163308,Rajeshri,Kumar,,5626811920,Darbhanga,Bihar,2026-03-27 10:44:05
163325,Praneel,Chander,,3231780533,Vadodara,Mizoram,2026-02-01 00:23:06
163326,,Karnik,xiti20@example.org,4763380849,Belgaum,Maharashtra,2026-04-26 02:08:19
163344,,Sastry,diya24@example.com,1016995861,Gaya,Assam,2026-05-09 10:02:59
163381,,Choudhury,liambhat@example.com,1134249403,Hindupur,Uttarakhand,2026-02-13 22:06:41
163424,,Mohanty,daksh71@example.com,5719940260,Rajahmundry,Punjab,2026-01-17 18:14:49
163440,Ekta,Bala,,156176736,Deoghar,Haryana,2026-06-16 17:25:20
163448,,Khare,klalla@example.net,4837874835,Bhopal,Gujarat,2026-02-25 17:34:50
163455,Harinakshi,Bhat,,7032297572,Karnal,Uttar Pradesh,2026-05-18 09:47:08
163464,,Narang,elijahbahri@example.com,4739232694,Sonipat,Odisha,2026-02-04 09:42:16
163532,Laksh,Gokhale,,1787157954,Sambalpur,West Bengal,2026-03-02 08:04:18
163566,,Sarkar,sinhachameli@example.net,2336320440,Sambhal,Tamil Nadu,2026-05-31 16:24:45
163567,,Aurora,arunima17@example.com,8929700822,Dehradun,Chhattisgarh,2026-06-18 00:41:54
163598,,Sundaram,faras81@example.org,1234821190,Hospet,West Bengal,2026-05-15 12:56:44
163600,,Patla,maniamol@example.com,9658911257,Srinagar,Karnataka,2026-01-10 03:35:56
163623,Xavier,Mistry,,4801468784,Miryalaguda,Gujarat,2026-02-04 20:18:31
163630,Kabir,Setty,,9729004342,Durgapur,Maharashtra,2026-04-14 20:59:42
163631,Ubika,Gupta,,4539858180,Moradabad,Meghalaya,2026-02-15 14:25:55
163829,Ekbal,Tailor,,9695234038,Barasat,Maharashtra,2026-05-01 12:30:02
163835,,Agarwal,kala65@example.org,1355784601,Panihati,Meghalaya,2026-05-12 21:27:24
163841,Yahvi,Ravel,,7410783999,Munger,Nagaland,2026-03-08 14:00:25
163896,Jackson,Lad,,6270670610,Surendranagar Dudhrej,Manipur,2026-03-23 21:30:27
163926,,Bawa,fiyaz21@example.net,3962836158,Sambalpur,Gujarat,2026-04-29 12:32:29
163966,,Wason,bsant@example.com,8258526316,Ambarnath,Chhattisgarh,2026-04-24 16:18:08
164003,Saumya,Jayaraman,,2409082628,Kolhapur,West Bengal,2026-03-12 06:24:39
164034,Aarini,Rajan,,5883519865,Bhatpara,Uttarakhand,2026-02-07 09:21:56
164041,Prisha,Kanda,,4355989498,Bongaigaon,Meghalaya,2026-05-27 13:37:01
164055,,Warrior,vbail@example.com,2081539322,Tadipatri,Jharkhand,2026-04-05 20:29:33
164095,,Goyal,mallickbalendra@example.com,4408833986,New Delhi,Bihar,2026-06-16 23:46:03
164100,Bimala,Palla,,6488093208,Faridabad,Mizoram,2026-05-06 02:24:09
164118,,Dhillon,yashodaprakash@example.org,8967097115,Akola,Sikkim,2026-06-03 10:47:34
164132,,Kurian,kamalaraja@example.net,7810645448,Bhind,Odisha,2026-01-26 21:57:07
164136,Andrew,Dhaliwal,,982529551,Avadi,Odisha,2026-02-20 16:09:03
164208,,Karan,madhav62@example.net,3353154516,Raipur,Himachal Pradesh,2026-03-25 09:51:21
164212,Hitesh,Gopal,,6244791346,Madanapalle,Andhra Pradesh,2026-04-27 09:09:05
164231,Diya,Chhabra,,5172566668,Nandyal,Assam,2026-04-07 18:22:07
164235,Finn,Sawhney,,6558534188,Bhilai,Haryana,2026-02-27 17:04:49
164259,,Natarajan,vaishnavi74@example.com,9850202559,Alwar,Odisha,2026-02-03 18:02:33
164452,,Saran,pbumb@example.org,7020815400,Amravati,Haryana,2026-01-31 05:33:21
164465,Dev,Trivedi,,8975276103,Hospet,Meghalaya,2026-01-06 09:04:03
164544,Vihaan,Naik,,1755166927,Hospet,Goa,2026-04-06 13:12:28
164550,Eesha,Mitra,,7704786894,Ballia,Telangana,2026-05-29 20:34:45
164572,,Badal,singhoviya@example.com,5627489866,Kirari Suleman Nagar,Uttarakhand,2026-05-29 02:00:40
164604,,Dara,tpalan@example.net,341622091,Panchkula,Meghalaya,2026-03-06 19:50:29
164620,Frado,Prashad,,617994096,Tirupati,Haryana,2026-02-10 02:33:28
164661,,Sharaf,opall@example.com,3425456234,Hindupur,Maharashtra,2026-05-19 23:02:09
164668,,Bala,modyfiyaz@example.net,2866924955,Bharatpur,Andhra Pradesh,2026-01-29 12:20:47
164671,Panini,Tella,,7306168282,South Dumdum,West Bengal,2026-01-19 10:19:07
164684,,Chowdhury,vargheseveer@example.net,8094853408,Rajkot,Odisha,2026-01-30 14:44:26
164690,,Singhal,harita31@example.org,6764741208,Baranagar,Meghalaya,2026-01-07 09:52:44
164739,,Sood,yashasvisarraf@example.org,6698971692,Agra,Uttar Pradesh,2026-04-21 22:44:29
164740,,Kapur,laban78@example.net,2723109259,Latur,Nagaland,2026-02-28 11:28:35
164764,Eesha,Chakrabarti,,4010606470,Ambattur,Uttarakhand,2026-06-03 08:10:44
164913,,Kibe,manbir36@example.net,491771734,Bokaro,Kerala,2026-03-03 03:10:22
164943,,Grover,chaudryabhiram@example.net,6108613650,Kirari Suleman Nagar,West Bengal,2026-06-11 18:24:56
164948,Aadi,De,,1406668968,Raichur,Tripura,2026-02-01 20:36:12
164964,Jeevika,Bhatia,,2635266611,Indore,Andhra Pradesh,2026-01-25 08:35:50
164979,,Buch,vanshagera@example.com,8793027467,Farrukhabad,Gujarat,2026-06-15 09:49:41
165006,,Munshi,agokhale@example.org,1894971840,Bhalswa Jahangir Pur,Nagaland,2026-05-12 17:37:33
165026,Advika,Mitter,,9264690820,Bathinda,Kerala,2026-02-18 02:29:52
165034,Abha,Varkey,,956977971,Gulbarga,Haryana,2026-04-26 21:20:13
165035,,Bobal,patilchameli@example.org,7860604419,Jehanabad,Haryana,2026-03-17 06:44:13
165067,,Dani,jhalakparmer@example.net,5604771111,Asansol,Madhya Pradesh,2026-05-24 12:00:55
165077,,Garg,kamalachowdhury@example.com,9533431782,Gudivada,Jharkhand,2026-04-15 11:53:35
165079,Chanchal,Gole,,9111114466,Tadipatri,Uttarakhand,2026-03-21 10:31:22
165092,,Srinivas,anmol41@example.com,843207270,Tiruvottiyur,Karnataka,2026-04-24 18:09:55
165118,,Sahni,trivediarjun@example.org,6020377003,Kozhikode,Chhattisgarh,2026-02-19 13:09:49
165120,,Apte,qmani@example.org,6335770907,Jalgaon,Tripura,2026-01-30 09:39:05
165122,,Deol,gautamisani@example.net,2091998778,Chapra,Tamil Nadu,2026-04-21 10:29:38
165143,,Nadkarni,nirja04@example.com,1886487598,Panipat,Haryana,2026-04-17 10:46:02
165149,Urvi,Sathe,,4676840909,Vellore,Uttarakhand,2026-02-07 08:51:07
165225,Omya,Sodhi,,5170659575,Rampur,Madhya Pradesh,2026-06-25 14:15:04
165226,Ishani,Kalla,,4536471867,Katihar,Rajasthan,2026-04-12 21:11:25
165265,,Kapadia,,6948165532,Hospet,Rajasthan,2026-06-29 16:31:49
165291,Diya,Bir,,2454419025,Baranagar,Kerala,2026-03-12 05:01:23
165307,,Devan,yadavidua@example.com,9325638351,Ujjain,Odisha,2026-04-21 01:58:31
165348,Sanaya,Kade,,9517765855,Faridabad,Meghalaya,2026-03-15 06:07:48
165354,Deepa,Chakrabarti,,2239840635,Jabalpur,West Bengal,2026-02-23 00:10:38
165357,,Bath,baradchaaya@example.org,7308391289,Buxar,Himachal Pradesh,2026-03-22 01:10:49
165367,,Setty,gokhaleavi@example.net,6415669513,Tirupati,Uttar Pradesh,2026-02-22 23:40:57
165397,,Bhasin,baghyawatimittal@example.net,3623233289,Latur,Tripura,2026-01-12 02:32:53
165463,Advaith,Nayak,,253846100,Miryalaguda,Uttar Pradesh,2026-02-02 15:22:50
165464,,Bora,amrita67@example.net,8994244437,Begusarai,Tamil Nadu,2026-05-03 03:10:41
165483,,Bhavsar,neelima41@example.com,4700326259,Hindupur,Kerala,2026-04-14 23:42:39
165504,Shivani,Gade,,5673153930,Saharsa,Punjab,2026-05-10 16:24:14
165536,Adya,Choudhary,,5671455873,Kurnool,Tripura,2026-03-18 22:53:30
165640,Reva,Sharaf,,1350189083,Thrissur,Rajasthan,2026-05-08 08:44:22
165641,Aahana,Bawa,,6490104039,Purnia,Mizoram,2026-06-01 09:40:20
165644,Nachiket,Dua,,8945388340,Patna,West Bengal,2026-03-20 21:48:50
165674,Amaira,Konda,,5102904457,Phagwara,West Bengal,2026-02-28 13:11:08
165789,Dayita,Dhar,,4772021555,Kurnool,Chhattisgarh,2026-05-14 20:07:45
165807,,Suri,isrivastava@example.com,5153700195,Thanjavur,Nagaland,2026-03-23 08:43:37
165832,,Konda,iyohannan@example.com,965150742,Jamshedpur,Odisha,2026-06-14 20:31:05
165867,Siddharth,Khare,,8226698177,Malegaon,Karnataka,2026-04-06 09:47:16
165907,Krish,Randhawa,,3114748303,Hubli–Dharwad,Maharashtra,2026-06-01 06:17:33
165958,,Sunder,warjassridhar@example.org,7200562226,Kochi,Madhya Pradesh,2026-05-05 21:59:02
165969,Diya,Nigam,,715243855,Phagwara,Rajasthan,2026-05-01 11:05:28
166003,,Seshadri,damyantimukherjee@example.net,4625838430,Amritsar,Madhya Pradesh,2026-04-04 12:10:05
166084,Kiaan,Arora,,5897618429,Ranchi,Haryana,2026-04-08 14:26:08
166119,,Prasad,bsoman@example.com,1280031373,Howrah,Kerala,2026-03-15 00:31:07
166145,Bachittar,Raja,,4082628428,Mysore,Manipur,2026-04-15 08:47:59
166146,Sarthak,Tara,,2527696377,Nadiad,West Bengal,2026-05-31 22:51:44
166173,,Ramanathan,tarasekhon@example.org,6221847661,Hyderabad,Tripura,2026-02-17 07:03:31
166174,,Deshpande,vaidyaabhiram@example.com,6568977603,Eluru,Kerala,2026-03-26 00:45:03
166204,,Chhabra,barmanzashil@example.org,1117263803,Sri Ganganagar,Assam,2026-06-21 14:25:53
166300,,Sur,cbahl@example.net,5425611434,Nashik,Jharkhand,2026-01-30 18:13:50
166318,Dhriti,Gaba,,9280783952,Bidar,Assam,2026-06-26 13:36:36
166388,Logan,Bahl,,8661111132,Belgaum,Manipur,2026-02-12 04:13:15
166408,Yashawini,Palla,,8160332987,Raebareli,Tripura,2026-04-27 06:27:41
166418,,Raja,balarushil@example.org,962499451,Mathura,Goa,2026-06-08 13:31:48
166432,,Nadkarni,tarapatla@example.org,9269208915,Thiruvananthapuram,Tripura,2026-01-03 19:47:54
166434,Zilmil,Dora,,4323590302,Kirari Suleman Nagar,Punjab,2026-02-18 13:53:25
166511,Balhaar,Dhillon,,5629629924,Shivpuri,Jharkhand,2026-01-22 23:30:21
166514,,Kota,dcontractor@example.com,6726869354,Hosur,Karnataka,2026-02-12 00:05:16
166535,Rachit,Sawhney,,1601018216,Ghaziabad,Chhattisgarh,2026-06-28 01:35:51
166545,Simon,Varughese,,5639543449,Imphal,Uttar Pradesh,2026-06-14 11:50:05
166577,Baljiwan,Raman,,370442647,Dewas,Bihar,2026-06-11 02:30:53
166582,,Sarraf,qbhattacharyya@example.com,1566430120,Amravati,Rajasthan,2026-06-23 20:17:07
166593,,Dey,rajanjoshua@example.com,5186083838,Vellore,Nagaland,2026-04-01 22:50:53
166598,Falguni,Chaudry,,212831129,Kottayam,Nagaland,2026-06-01 09:02:20
166609,,Chandran,sachi83@example.net,4896639098,Nadiad,Meghalaya,2026-04-21 03:30:54
166634,Ronith,Ranganathan,,3265054552,Srikakulam,Andhra Pradesh,2026-03-26 20:32:41
166664,,Swaminathan,uppalmanya@example.org,8258470466,Deoghar,Andhra Pradesh,2026-04-30 03:35:39
166665,,Jani,shivansh42@example.org,8195600763,Chinsurah,Bihar,2026-04-29 15:05:20
166678,Indira,Samra,,2646212327,Farrukhabad,Karnataka,2026-06-19 18:24:51
166680,,Gole,niteshbaral@example.net,6615089861,Chapra,Arunachal Pradesh,2026-03-28 01:49:17
166695,,Sha,jason42@example.net,558544874,Siwan,Maharashtra,2026-06-19 19:40:22
166701,Samar,Chhabra,,681973511,Buxar,Tripura,2026-05-31 23:22:36
166754,Zilmil,Pillai,,8761690731,Bihar Sharif,Andhra Pradesh,2026-04-19 20:55:18
166766,Rudra,Gill,,6132446364,Panipat,Andhra Pradesh,2026-04-27 03:02:21
166783,Netra,Sant,,2575710000,Maheshtala,Andhra Pradesh,2026-05-19 18:28:15
166820,Darpan,Varma,,3255028497,Surendranagar Dudhrej,Maharashtra,2026-06-26 09:27:23
166832,Aradhana,Shenoy,,8855101520,Belgaum,Uttarakhand,2026-03-10 10:27:39
166834,Dev,Ghosh,,6059310440,Bhimavaram,Madhya Pradesh,2026-03-25 23:13:34
166841,,Ghose,lbajaj@example.com,538653676,Ajmer,Andhra Pradesh,2026-02-17 16:05:54
166853,,Bhatia,ssolanki@example.com,4584912232,Bhusawal,Himachal Pradesh,2026-01-01 22:53:16
166868,Chandresh,Gill,,2917695800,Purnia,Andhra Pradesh,2026-06-26 14:53:08
166883,Yashasvi,Chacko,,2021521335,Bhopal,Chhattisgarh,2026-06-25 16:34:58
166956,,Suresh,alkamurthy@example.org,588253012,Madanapalle,Haryana,2026-02-23 06:36:00
166984,Aashi,Toor,,506431004,Alwar,Odisha,2026-01-18 07:18:25
166988,,Ranganathan,pallqushi@example.com,7388389853,Saharanpur,Manipur,2026-01-29 11:48:56
166997,,Dhawan,wsood@example.org,5645420586,Bikaner,Gujarat,2026-01-20 13:26:14
167046,Brijesh,Kanda,,8399422047,Hazaribagh,Uttar Pradesh,2026-03-03 01:43:32
167092,Rajeshri,Tripathi,,1005182093,Buxar,Tamil Nadu,2026-01-01 03:55:51
167121,,Ramaswamy,aptewidisha@example.com,7221727386,Noida,Punjab,2026-06-10 07:39:21
167137,Yauvani,Dara,,2823576198,Guntakal,Andhra Pradesh,2026-01-16 23:11:39
167141,,Lata,czacharia@example.com,9555553688,Etawah,Telangana,2026-01-22 23:40:12
167183,Ekbal,D’Alia,,8985379380,Aurangabad,Arunachal Pradesh,2026-02-21 23:07:44
167213,Deepa,Chatterjee,,1014973541,Alappuzha,Uttarakhand,2026-04-17 15:11:01
167225,Zarna,Soni,,5233994304,South Dumdum,West Bengal,2026-04-19 12:20:54
167239,,Bawa,upadhritidugar@example.org,4113690853,Kalyan-Dombivli,Mizoram,2026-01-24 06:29:09
167240,Jeremiah,Raval,,3322957782,Miryalaguda,Uttarakhand,2026-06-27 15:42:37
167355,Qabil,Gour,,6247645186,Alwar,Maharashtra,2026-01-01 23:35:12
167402,,Kadakia,osha22@example.org,1309028372,Sangli-Miraj & Kupwad,Madhya Pradesh,2026-03-08 01:55:38
167434,,Goswami,daniel31@example.org,5654873429,Tadepalligudem,Nagaland,2026-05-26 02:15:46
167436,,Aggarwal,nghose@example.net,147296934,Gwalior,West Bengal,2026-05-23 04:50:23
167484,,Kapoor,widisha04@example.org,2393440651,Kottayam,Himachal Pradesh,2026-06-26 20:38:08
167487,,Parsa,neelimanazareth@example.org,905707917,Jabalpur,Tamil Nadu,2026-05-27 03:10:13
167496,,Natt,urishillamistry@example.net,3810693613,Srikakulam,Madhya Pradesh,2026-03-18 12:09:24
167561,,Jhaveri,gom@example.org,3150765180,Mehsana,Meghalaya,2026-05-26 16:37:53
167579,,Devan,cjha@example.com,302119230,Latur,Madhya Pradesh,2026-02-21 12:47:25
167585,,Nayar,lray@example.com,1684384398,Pondicherry,Meghalaya,2026-02-21 08:36:17
167586,,Mandal,chandrazaid@example.org,9587408630,Nanded,West Bengal,2026-05-17 12:26:08
167601,Aachal,Roy,,8770538693,Siwan,Odisha,2026-06-23 19:43:59
167628,Arya,Dora,,2719546499,Rewa,Rajasthan,2026-06-26 00:01:30
167649,,Suri,abdulmandal@example.net,3277616469,Ghaziabad,West Bengal,2026-06-14 19:02:38
167670,,Shetty,chandranmichael@example.org,733819230,Gangtok,Rajasthan,2026-01-17 13:09:23
167742,Jalsa,Anne,,6966263559,Jaunpur,Haryana,2026-01-07 21:08:05
167813,Jagvi,Mohan,,2324144862,Bathinda,Jharkhand,2026-06-25 03:06:46
167824,,Buch,mgrewal@example.org,9659716860,Belgaum,Uttarakhand,2026-06-27 07:44:11
167852,,Merchant,chauhankiaan@example.org,126026574,Haldia,Manipur,2026-03-20 19:27:52
167931,Anmol,Johal,,188760246,Kulti,Odisha,2026-03-26 04:06:07
167950,Omaja,Kalita,,9350450465,Siliguri,Gujarat,2026-02-01 08:21:12
167976,,Tank,tankjeevika@example.net,4838100248,Gandhidham,Uttarakhand,2026-03-07 21:50:14
168008,,Chowdhury,tiwariucchal@example.org,5595011503,Bellary,Chhattisgarh,2026-03-17 20:08:03
168024,,Rama,ekta29@example.org,4279371911,Imphal,Uttar Pradesh,2026-02-17 19:13:14
168094,Pushti,Deol,,8947561515,Sultan Pur Majra,Haryana,2026-06-10 03:47:09
168103,Yashawini,Nigam,,1447465258,Kamarhati,Tamil Nadu,2026-02-09 11:49:48
168151,,Singhal,omajasubramanian@example.net,6084549978,Bellary,Bihar,2026-04-16 00:51:45
168194,,Dora,amrutavarkey@example.net,9889845673,Vijayawada,Rajasthan,2026-06-01 17:29:19
168216,,Lalla,pbora@example.com,5987614313,Bellary,Tamil Nadu,2026-06-21 00:18:50
168256,Siddharth,Bedi,,2287327127,Indore,Uttarakhand,2026-04-02 02:01:52
168292,,Nath,nagarajandamini@example.org,3519845291,Kochi,Assam,2026-01-04 07:39:33
168314,Isaiah,Thaman,,2970133419,Srikakulam,Uttar Pradesh,2026-01-02 07:23:41
168393,Anya,Khosla,,5132644638,Ramgarh,Tamil Nadu,2026-04-28 04:08:00
168407,,Setty,,2608656148,Anantapuram,Meghalaya,2026-06-01 13:17:32
168413,,Hari,pausathvik@example.org,4878974195,Khora ,Goa,2026-03-10 19:02:01
168453,Krishna,Yogi,,7894767588,Sultan Pur Majra,Gujarat,2026-03-19 13:04:54
168510,Chatura,Khalsa,,7655094361,Gaya,Goa,2026-06-12 06:17:19
168555,Rajata,Cheema,,4621142026,Ballia,Arunachal Pradesh,2026-04-25 00:38:39
168561,,Gopal,odhillon@example.net,3652818214,Jalgaon,Arunachal Pradesh,2026-01-14 16:53:12
168609,Chanakya,Dani,,7664846576,Bilaspur,Tamil Nadu,2026-02-26 15:11:14
168611,,Garg,jalsa91@example.net,7252180003,Deoghar,Jharkhand,2026-03-15 17:50:08
168616,,Vig,dayita78@example.com,3778682554,Akola,Kerala,2026-01-21 02:00:20
168619,,Kala,,1931978063,Giridih,Himachal Pradesh,2026-01-08 04:50:14
168660,Vasatika,Radhakrishnan,,282760671,Chandrapur,Andhra Pradesh,2026-03-05 10:47:28
168664,,Narain,,7755191359,Ahmedabad,Madhya Pradesh,2026-01-30 10:38:35
168685,Falguni,Sodhi,,2734116242,Kota,West Bengal,2026-05-18 18:12:32
168730,Zayan,Raghavan,,3844120487,Ambala,Kerala,2026-06-11 07:04:51
168747,Yatin,Raja,,9595965497,Bharatpur,Sikkim,2026-06-05 23:34:56
168766,Raksha,Ramakrishnan,,4128380783,Mumbai,Rajasthan,2026-01-30 17:11:43
168786,Yashodhara,Dutt,,7845657061,Gorakhpur,Chhattisgarh,2026-02-05 17:26:31
168795,,Karpe,elijah61@example.net,6574234847,Nanded,Telangana,2026-01-07 17:19:33
168810,,Pal,akari@example.net,5427383390,Kishanganj,Rajasthan,2026-01-25 20:50:30
168834,Andrew,Mistry,,5910161176,Mysore,Karnataka,2026-06-26 12:40:40
168871,,Deshpande,patelamrita@example.org,1713473034,Ozhukarai,Meghalaya,2026-05-06 01:45:10
169068,,Ramanathan,fradoghose@example.com,2822649714,Bahraich,Nagaland,2026-01-08 13:29:38
169070,,Chadha,radhika77@example.org,7647670169,Ludhiana,Odisha,2026-05-03 13:16:16
169089,Warjas,Mody,,5499245938,Gandhidham,Nagaland,2026-06-25 15:20:53
169114,Tanveer,Chada,,6593994610,Morena,Meghalaya,2026-03-28 10:13:07
169131,Pushti,Barman,,9241274329,Nangloi Jat,Himachal Pradesh,2026-05-25 13:11:41
169151,,Iyer,gmuni@example.org,5235185786,Ranchi,Himachal Pradesh,2026-02-24 21:59:38
169182,,Magar,,5472526386,Karnal,Maharashtra,2026-06-02 02:32:12
169198,,Chokshi,meghasharma@example.net,8008513038,Akola,Uttarakhand,2026-03-21 11:50:19
169227,,Sharaf,parthsahota@example.net,6438265644,Raebareli,Gujarat,2026-04-15 13:58:15
169246,Indrajit,Handa,,5809854564,Khammam,Uttar Pradesh,2026-02-25 11:03:44
169266,Neel,Das,,5802022703,Shimoga,Goa,2026-04-12 19:19:52
169312,Rayaan,Goda,,914237445,Ujjain,Maharashtra,2026-06-14 23:24:29
169335,Leela,Naidu,,6710086505,Khammam,Nagaland,2026-03-13 04:01:23
169338,Nimrat,Keer,,9344494525,Panchkula,Manipur,2026-02-04 04:09:08
169354,,Basak,anmolbanik@example.net,7976238103,Gopalpur,Maharashtra,2026-02-25 03:42:15
169358,,Suri,fmagar@example.net,4531759953,Vasai-Virar,Madhya Pradesh,2026-03-17 10:45:18
169406,Yashoda,Ahuja,,9260791245,Hyderabad,Meghalaya,2026-05-25 05:34:43
169410,,Goswami,dtella@example.net,8049632461,Unnao,Karnataka,2026-02-12 09:37:35
169412,,Chandra,max38@example.net,1376806027,Tadipatri,Uttarakhand,2026-05-20 00:18:14
169445,,Mukherjee,jainaarini@example.org,9289861323,Ludhiana,Arunachal Pradesh,2026-02-20 20:21:14
169456,Leela,Khosla,,8092409598,Thanjavur,Assam,2026-02-11 16:58:48
169488,,Prasad,nairdipta@example.com,3771766930,Salem,Karnataka,2026-02-27 10:41:35
169500,,Grover,pathaketa@example.net,8855759752,Guwahati,Maharashtra,2026-05-31 13:06:52
169532,Jacob,Mammen,,241933024,Imphal,Karnataka,2026-03-24 23:14:48
169550,,Gandhi,sakshamnarula@example.net,1516443599,Nandyal,Telangana,2026-02-09 15:21:30
169618,,Dutta,chamanjha@example.org,9404743850,Gudivada,Arunachal Pradesh,2026-03-11 18:48:05
169695,,Bains,siddharthbhargava@example.org,7141131090,Mau,Uttar Pradesh,2026-01-05 03:06:34
169748,,Mann,jeremiahlal@example.org,5994066127,Firozabad,Andhra Pradesh,2026-06-28 09:05:32
169856,Mekhala,Soni,,438440461,Akola,Tripura,2026-02-11 08:26:02
169859,Yatan,Agarwal,,6293124986,Sikar,Tamil Nadu,2026-04-09 20:22:43
169865,,Atwal,chandrankavya@example.net,3840965008,Ballia,Kerala,2026-01-10 00:15:57
169894,Zinal,Sridhar,,8129777068,Tiruchirappalli,Telangana,2026-03-29 01:19:14
169912,,Modi,vasana46@example.com,5874751459,Malda,West Bengal,2026-04-20 21:30:36
169968,Pushti,Sibal,,1754420807,Delhi,Sikkim,2026-02-02 04:49:04
169987,,Gola,ykale@example.com,8512159272,Karawal Nagar,Assam,2026-06-02 06:16:10
169990,Yagnesh,Barman,,2360736420,Phusro,Punjab,2026-02-23 01:37:07
170019,Nirja,Korpal,,2475418953,Kakinada,Madhya Pradesh,2026-06-18 14:33:45
170081,,Banerjee,masterkashvi@example.org,4724826393,Kanpur,Sikkim,2026-06-17 04:28:19
170121,,Palan,misrachandran@example.com,2982289777,Kishanganj,Himachal Pradesh,2026-03-29 19:21:23
170153,,Nigam,zsehgal@example.net,5829888862,Chandrapur,Sikkim,2026-03-02 01:16:33
170156,Qushi,Konda,,2668307844,Gulbarga,Chhattisgarh,2026-04-18 03:24:30
170204,,Palla,pahal06@example.net,4477132408,Fatehpur,Karnataka,2026-01-25 12:57:06
170299,,Vora,darpannatarajan@example.net,3814399886,Kolhapur,Sikkim,2026-05-15 12:08:02
170300,Wriddhish,Desai,,8437116309,Bidar,Goa,2026-04-19 02:17:42
170310,,Tandon,,4456868410,Pudukkottai,Odisha,2026-03-03 20:13:05
170321,,Pillai,kamyakata@example.com,2241063766,Tezpur,Nagaland,2026-06-27 13:13:20
170360,,Sidhu,eprabhakar@example.com,4136991352,Ludhiana,Goa,2026-05-16 08:47:39
170396,,Raval,zaidmander@example.org,7312910726,Agra,Madhya Pradesh,2026-01-19 18:42:25
170415,Ryan,Sheth,,9370012759,Gurgaon,Bihar,2026-02-09 11:34:34
170423,,Saraf,usethi@example.net,7866017981,Sultan Pur Majra,Odisha,2026-05-01 15:03:30
170431,,Lala,sachiiyengar@example.org,9452149425,Bhusawal,Rajasthan,2026-05-20 00:48:28
170441,,Nigam,atharvchadha@example.com,3950556935,Anantapur,Mizoram,2026-05-09 21:34:30
170475,,Mitra,sameshuppal@example.net,9468890397,Satara,Nagaland,2026-02-02 09:33:47
170492,Sachi,Koshy,,4418298823,Guwahati,Haryana,2026-05-16 17:21:26
170524,Ria,Venkatesh,,5423749509,Loni,Gujarat,2026-04-18 18:10:52
170551,,Zachariah,parth45@example.net,7833250783,Mahbubnagar,Haryana,2026-01-30 19:16:36
170586,,Parsa,rishi80@example.com,5740906513,Bihar Sharif,Karnataka,2026-03-11 06:09:23
170668,,Ramachandran,teerthsinha@example.com,3866791050,Mysore,Madhya Pradesh,2026-01-22 13:05:05
170712,Hamsini,Deshmukh,,243793902,Panihati,Mizoram,2026-01-07 14:21:22
170719,Urvashi,Sarin,,4235128620,Kavali,Arunachal Pradesh,2026-05-30 05:49:10
170728,Nidra,Sahni,,8985683860,Haridwar,Nagaland,2026-03-26 05:38:04
170749,Frederick,Gill,,56324982,Ahmedabad,Mizoram,2026-02-11 07:07:02
170761,Charles,Dass,,4714791507,Durgapur,Assam,2026-04-29 19:44:51
170831,Naksh,Srivastava,,6373576818,Vijayawada,Nagaland,2026-03-28 12:01:10
170834,,Vaidya,samesh47@example.net,3366059547,Saharsa,Goa,2026-05-15 22:26:51
170843,,Gera,yjaggi@example.org,9055138499,Bidhannagar,Rajasthan,2026-04-23 18:46:07
170852,Benjamin,Batta,,7260755671,Khammam,Rajasthan,2026-02-17 03:50:17
170912,,Parsa,solankijai@example.com,2038009355,Gangtok,West Bengal,2026-02-12 14:26:42
170914,,Peri,sara22@example.com,4109021810,Uluberia,Bihar,2026-06-12 04:44:14
170935,Pushti,Sandhu,,3339100011,Ahmedabad,Uttarakhand,2026-03-23 11:26:27
170936,,Loyal,shahwahab@example.com,6921111281,Kharagpur,Goa,2026-01-23 09:28:09
171007,,Divan,indrajit55@example.net,9234979455,Howrah,Chhattisgarh,2026-04-19 13:10:24
171046,Aarini,Banerjee,,2055683643,Vijayanagaram,Telangana,2026-02-05 00:12:14
171053,Alka,Tailor,,8602058366,Begusarai,Kerala,2026-04-02 06:13:23
171099,,Srinivasan,abdul72@example.net,1431559083,Haldia,Arunachal Pradesh,2026-06-01 08:18:08
171107,,Chaudhary,meeramannan@example.net,9614498406,Alwar,Meghalaya,2026-06-18 07:36:38
171110,,Chana,binanazareth@example.org,5570493770,Ambattur,Nagaland,2026-05-01 22:43:25
171122,Veer,Prabhu,,5561085672,Vadodara,Bihar,2026-05-07 20:45:55
171163,,Bhakta,urvidyal@example.org,8285287642,Chittoor,Telangana,2026-03-21 18:53:54
171171,Alka,Parmar,,3101206964,Dhanbad,Rajasthan,2026-02-13 02:29:20
171175,,Sarraf,cnatarajan@example.net,563240234,Bharatpur,Himachal Pradesh,2026-06-02 16:11:32
171188,Raksha,Pal,,3408111108,Mehsana,Rajasthan,2026-05-09 08:55:45
171190,,Boase,ishenoy@example.net,1306925577,Rourkela,Karnataka,2026-05-09 20:14:47
171242,Gaurangi,Nanda,,5709490182,Dibrugarh,Punjab,2026-04-02 16:31:31
171255,Aarini,Agarwal,,9644833532,Adoni,Goa,2026-03-19 23:34:01
171258,,Dutta,kurianmax@example.net,7238770245,Saharsa,Kerala,2026-01-24 17:52:40
171260,Chanakya,Merchant,,5459766798,Sambhal,Meghalaya,2026-02-03 22:53:30
171296,Geetika,Chowdhury,,7640511946,Kollam,Gujarat,2026-03-19 17:15:57
171301,Lucky,Sagar,,8738337558,Malda,Rajasthan,2026-06-10 05:39:44
171302,Ryan,Nath,,458635537,Bhalswa Jahangir Pur,Nagaland,2026-03-22 05:54:36
171349,,Sen,vasatika62@example.org,5829844680,Korba,Uttar Pradesh,2026-05-20 08:58:47
171355,Devansh,Chokshi,,9659945508,Tezpur,Meghalaya,2026-03-22 00:47:48
171374,,Nagarajan,nidhi77@example.net,3185490842,Raiganj,Rajasthan,2026-03-15 01:39:11
171385,Yashawini,Jhaveri,,1634680320,Tiruchirappalli,Uttarakhand,2026-03-10 21:43:26
171435,Hritik,Parekh,,5569231213,Eluru,Tamil Nadu,2026-04-05 15:36:58
171454,,Ghosh,kevinsharma@example.net,9413843919,Jhansi,Manipur,2026-01-22 18:43:50
171520,Arjun,Dash,,8343862355,Tadipatri,Uttar Pradesh,2026-04-24 14:40:01
171527,,Taneja,charleswable@example.org,4122387613,Proddatur,Andhra Pradesh,2026-03-17 03:20:55
171543,Agastya,Guha,,9441812992,Bathinda,Uttarakhand,2026-01-10 03:15:11
171573,Ishani,Sami,,479034581,Alappuzha,Assam,2026-02-15 01:40:15
171600,Vinaya,Dayal,,2286286049,Sirsa,Arunachal Pradesh,2026-03-09 11:27:11
171617,Anamika,Baral,,9605538597,Farrukhabad,Tripura,2026-04-26 06:39:28
171673,Upadhriti,Nadig,,792257731,Ambarnath,Assam,2026-04-09 01:32:33
171744,Naksh,Dada,,5666004263,Katihar,Andhra Pradesh,2026-05-26 22:23:58
171763,,Anand,devansh58@example.net,2362903422,Dewas,Andhra Pradesh,2026-01-17 23:51:56
171802,,Bath,dadakashvi@example.org,6033650171,Amravati,Arunachal Pradesh,2026-06-07 12:25:39
171810,Aarini,Mahajan,,1004786028,Indore,Assam,2026-06-02 17:38:16
171865,Chatura,Kalla,,9415873423,Surat,West Bengal,2026-06-24 11:58:21
171880,William,Raj,,1916035845,Allahabad,Nagaland,2026-03-04 05:46:44
171882,Yashasvi,Date,,8774892049,Parbhani,Himachal Pradesh,2026-02-03 15:48:29
171891,Ishaan,Narula,,8952255282,Ghaziabad,Nagaland,2026-06-29 04:08:32
171900,Baghyawati,Thaker,,9126276953,Satara,Sikkim,2026-05-02 04:16:42
171904,,Sethi,dinharrison@example.net,2735623883,Bhavnagar,Andhra Pradesh,2026-03-19 18:46:06
171918,Eshana,Varughese,,8611365842,Jodhpur,Goa,2026-05-31 18:35:41
171929,Hema,Boase,,971627022,Hajipur,Uttar Pradesh,2026-01-12 21:05:28
171980,,Sha,wcherian@example.com,5257681296,Purnia,Uttarakhand,2026-01-04 11:59:21
172105,Vedika,Khatri,,9304199690,Indore,Goa,2026-03-03 01:22:30
172121,,Kannan,daliaraksha@example.net,3026245579,Tinsukia,West Bengal,2026-01-27 02:59:11
172124,,Tandon,tanejamax@example.org,1406027231,Junagadh,Kerala,2026-02-19 15:46:03
172146,Hitesh,Ganesh,,5385702672,Jehanabad,Maharashtra,2026-06-28 12:02:47
172151,Zayyan,Sunder,,8491600559,Patna,Tripura,2026-03-01 22:36:53
172190,Parth,Ray,,588020559,Ujjain,Tripura,2026-05-26 15:22:13
172231,Amol,Mahajan,,9754146030,Proddatur,Rajasthan,2026-04-11 07:13:53
172244,Odika,Salvi,,4547859588,Siliguri,Manipur,2026-03-01 06:47:12
172279,,Sarraf,naiduirya@example.com,5291869257,Purnia,Gujarat,2026-04-26 16:59:31
172293,,Ganesh,warda87@example.org,7734837976,Saharsa,Gujarat,2026-04-05 11:03:52
172314,Waida,Golla,,3926451321,Bilaspur,Punjab,2026-03-22 15:39:31
172324,Bhavya,Radhakrishnan,,1564019058,Malegaon,Mizoram,2026-06-05 18:52:52
172327,Gaurangi,Koshy,,6529942470,Karimnagar,West Bengal,2026-01-17 18:51:51
172346,,Basak,udantpalan@example.org,9708788825,Sambhal,Goa,2026-04-16 09:44:04
172356,,Gera,nathaniel83@example.com,6228893100,Parbhani,West Bengal,2026-03-04 15:02:14
172422,,Chowdhury,chamelizachariah@example.com,159868341,Hosur,Tamil Nadu,2026-02-17 02:30:42
172431,,Kaur,rattazashil@example.com,9064620306,Gandhinagar,Punjab,2026-05-13 13:03:04
172445,Eesha,Padmanabhan,,5472921009,South Dumdum,Bihar,2026-03-27 03:38:16
172446,,Chawla,nilima27@example.org,6931976395,Haridwar,Himachal Pradesh,2026-03-08 18:17:34
172459,,Baral,igopal@example.org,3214214687,Bhagalpur,Uttar Pradesh,2026-01-05 09:30:55
172474,,Rana,khoslaharinakshi@example.com,2662797588,Kollam,Assam,2026-01-16 18:09:36
172501,,Chandra,robertdivan@example.com,6304438310,Ballia,Uttarakhand,2026-05-17 23:16:43
172543,,Bath,anandtristan@example.org,3141229101,Korba,Telangana,2026-04-12 03:59:24
172552,Manthan,Ray,,4009631175,Jammu,Kerala,2026-06-05 09:10:53
172571,Divya,Chaudhuri,,1245205441,Etawah,Bihar,2026-01-12 14:14:59
172572,Sarthak,Dani,,9742066655,Ambattur,Arunachal Pradesh,2026-06-02 18:23:29
172604,,Naik,raydaniel@example.com,7488365470,Siwan,Himachal Pradesh,2026-01-10 18:42:25
172646,,Handa,parsayauvani@example.net,3214441680,Mirzapur,Punjab,2026-02-05 20:20:18
172648,Xalak,Desai,,549299239,Firozabad,Meghalaya,2026-03-14 01:39:11
172652,Ekbal,Nair,,5284279848,Aligarh,Tamil Nadu,2026-03-20 10:38:47
172655,,Basu,ekala@example.org,7773115710,Latur,Gujarat,2026-01-14 04:50:20
172659,,Chatterjee,bvarghese@example.com,1228517864,Udaipur,Manipur,2026-02-06 08:51:13
172715,,Goda,venkataramandhriti@example.com,5982059072,Vadodara,Bihar,2026-01-06 07:52:33
172743,,Naik,max73@example.org,4177406781,Mango,Kerala,2026-05-05 12:59:08
172745,Bachittar,Tara,,9473191167,Chapra,Goa,2026-04-17 19:42:55
172818,Kashvi,Sandal,,8954915250,Saharanpur,Madhya Pradesh,2026-02-16 23:58:04
172827,,Balay,,6173068109,Shahjahanpur,Rajasthan,2026-05-31 00:35:24
172854,,Hans,ssoman@example.org,5789939263,Gorakhpur,Uttar Pradesh,2026-03-24 23:39:13
172890,Krish,Iyer,,3120167767,Junagadh,Madhya Pradesh,2026-03-13 08:10:35
172960,,Rai,pranitvig@example.net,2225154617,Jamnagar,Manipur,2026-05-05 03:34:01
172967,Xalak,Shetty,,3352117227,Raurkela Industrial Township,Mizoram,2026-02-05 14:23:55
172969,,Deo,nadigunni@example.org,6280295007,Sambhal,Nagaland,2026-01-09 20:58:30
172993,,Majumdar,forumgade@example.net,2695738155,Visakhapatnam,Jharkhand,2026-03-05 23:59:45
173017,Veer,Mander,,2150252327,Guntur,Punjab,2026-01-15 06:40:13
173037,Jeevika,Dey,,4102933467,Tiruppur,Sikkim,2026-06-17 18:47:12
173062,,Sood,rloyal@example.net,347526687,Nandyal,Madhya Pradesh,2026-02-07 11:55:37
173075,Bakhshi,Lad,,8973856371,Jamalpur,Jharkhand,2026-05-25 13:20:59
173094,,Prasad,ekantikaatwal@example.com,9588580432,Bardhaman,Maharashtra,2026-04-02 00:24:58
173106,,Kalla,tejastalwar@example.com,5203867173,Visakhapatnam,West Bengal,2026-06-23 21:44:01
173131,Ikbal,Jayaraman,,1793268809,Solapur,Himachal Pradesh,2026-01-11 15:39:40
173176,Yashica,Behl,,383529484,Kochi,Andhra Pradesh,2026-06-24 13:04:53
173193,,Chander,owen99@example.com,4640983102,Belgaum,Andhra Pradesh,2026-04-14 13:42:55
173213,Sarthak,Kulkarni,,6556059067,Vijayanagaram,Assam,2026-06-30 07:23:16
173221,Oviya,Sen,,1277843032,Bongaigaon,Goa,2026-05-06 15:00:35
173236,Chandresh,Ravi,,9546391859,Ramgarh,Chhattisgarh,2026-01-24 19:36:14
173244,,Hari,ladyoshita@example.org,7471047254,Ghaziabad,Andhra Pradesh,2026-02-21 13:22:45
173270,,Sathe,arunimadass@example.org,6860885393,Chapra,Chhattisgarh,2026-03-03 16:30:14
173286,Rachana,Dixit,,5196533007,Madanapalle,Goa,2026-01-10 18:28:43
173290,,Pandey,waidaverma@example.com,5594518720,Anantapur,Rajasthan,2026-03-21 09:36:21
173301,Avi,Sampath,,1613546909,Barasat,Arunachal Pradesh,2026-02-05 05:05:03
173305,Banjeet,Chanda,,1666178270,Baranagar,Uttarakhand,2026-06-15 18:48:04
173372,,Varkey,kkarnik@example.net,309290460,Bardhaman,Jharkhand,2026-04-25 19:51:54
173390,,Basu,lopanatt@example.net,3714319165,Bihar Sharif,Chhattisgarh,2026-06-05 16:05:09
173400,Oni,Ray,,4587052397,Vijayawada,Bihar,2026-06-22 20:50:06
173417,Gunbir,Maharaj,,5256727287,Gandhidham,Madhya Pradesh,2026-06-16 10:39:29
173464,,Chaudhuri,david60@example.org,1184329477,Satara,Himachal Pradesh,2026-01-21 13:52:55
173579,Bhavna,Raj,,5195379419,Noida,Haryana,2026-06-23 18:24:09
173614,,Natarajan,fnadkarni@example.net,2128284364,Jalna,Mizoram,2026-06-16 10:45:55
173619,,Roy,dupadhyay@example.net,7740633340,Saharanpur,Telangana,2026-06-16 01:07:33
173665,,Agarwal,tailorupadhriti@example.net,2056785882,Thiruvananthapuram,Rajasthan,2026-04-17 03:32:20
173666,Pratyush,Luthra,,2872403951,Bhilwara,Goa,2026-05-24 17:47:33
173685,,Mistry,gautami16@example.org,5263256637,Thanjavur,Himachal Pradesh,2026-06-14 11:37:25
173686,Adweta,Kulkarni,,8748225131,Nanded,Arunachal Pradesh,2026-04-06 03:54:56
173701,Wyatt,Krishna,,2870637378,Bhopal,Meghalaya,2026-05-14 12:40:10
173727,,Hayre,,7653465438,Patna,Bihar,2026-02-15 03:21:07
173737,Xalak,Mittal,,6075476767,Imphal,Assam,2026-06-16 09:09:20
173776,,Mallick,ubuch@example.net,7835499824,Erode,West Bengal,2026-03-28 02:50:44
173805,,Varkey,aedwin@example.org,9129854826,Darbhanga,Jharkhand,2026-04-06 06:22:30
173882,Lila,Viswanathan,,5200186987,Tirunelveli,Haryana,2026-04-02 21:33:57
173921,,Saini,goswamimichael@example.com,3260586680,Hapur,Maharashtra,2026-03-18 18:39:28
173938,Pranav,Hora,,7790767473,Lucknow,Manipur,2026-04-27 09:42:23
173959,Sanya,Uppal,,4379592615,Patna,Madhya Pradesh,2026-05-18 21:05:17
173960,Pratyush,Borde,,7460103990,Mathura,Kerala,2026-04-26 15:24:12
173962,Abha,Pau,,8285610183,Durg,Rajasthan,2026-02-17 19:39:55
174054,,Jaggi,buchdominic@example.org,5136544073,Phagwara,Mizoram,2026-05-25 05:06:41
174065,Liam,Basak,,7444717660,Surat,Odisha,2026-03-14 11:45:49
174118,,Sharma,shaurya86@example.org,9440730203,Gwalior,Nagaland,2026-05-30 23:52:57
174125,Pavani,Oak,,7146605848,Malda,Nagaland,2026-06-14 13:54:16
174215,,Kohli,aryajhalak@example.org,5349931189,Bokaro,Karnataka,2026-02-11 10:27:08
174239,Naksh,Dar,,8729708029,Bally,Goa,2026-06-11 14:36:46
174253,,Nori,balendrabatra@example.com,46870556,Chinsurah,Goa,2026-04-02 06:00:01
174261,,Rattan,dadaabdul@example.com,1598575927,Mahbubnagar,Uttarakhand,2026-03-28 04:31:11
174265,Bhavika,Pillai,,9860540513,Sagar,Mizoram,2026-06-17 07:41:51
174283,,Sehgal,krishcomar@example.org,1264837068,Bardhaman,Nagaland,2026-06-16 08:46:10
174288,Nidra,Butala,,4836227420,Tirunelveli,Goa,2026-06-07 15:19:42
174358,Ria,Seshadri,,8122650887,Serampore,Arunachal Pradesh,2026-02-17 22:10:12
174364,,Sani,ommegha@example.net,7676656578,Khandwa,Tripura,2026-01-16 12:12:22
174439,Hritik,More,,1139086378,South Dumdum,Nagaland,2026-04-30 23:20:15
174454,Yutika,Nori,,4311052668,Ichalkaranji,Arunachal Pradesh,2026-04-10 00:22:04
174473,,Narayan,rehaan42@example.org,8345317215,Sultan Pur Majra,Punjab,2026-04-17 06:24:34
174475,Odika,De,,3887369746,Katihar,Odisha,2026-02-18 06:34:47
174580,,Konda,dayalvritti@example.net,7542653453,Ozhukarai,Jharkhand,2026-01-25 10:41:22
174590,Dev,Natt,,4100914671,Siwan,Karnataka,2026-05-30 07:13:57
174617,Frado,Vora,,6713815700,Jamshedpur,Arunachal Pradesh,2026-01-14 19:00:46
174658,Timothy,Pathak,,2061241719,Amravati,Manipur,2026-05-20 20:29:59
174673,,Hayre,wagleqasim@example.net,9153204537,Jalandhar,Andhra Pradesh,2026-04-19 08:31:13
174688,Charvi,Sarna,,7156128832,Yamunanagar,Assam,2026-04-25 11:15:09
174692,,Ray,varkeymaanav@example.com,4260441357,Tadipatri,Mizoram,2026-02-19 05:36:14
174703,Tanay,Sachar,,9749736663,Anand,Assam,2026-02-08 05:01:09
174723,,Mutti,xalak61@example.com,7963640530,Bhiwandi,Mizoram,2026-01-16 05:33:57
174787,,Mahal,,1036758975,Nizamabad,Jharkhand,2026-03-27 06:47:13
174790,,Malhotra,apatla@example.com,2865377104,Bhiwandi,Himachal Pradesh,2026-01-16 02:21:49
174814,Oeshi,Sarkar,,4422129500,Mau,Madhya Pradesh,2026-05-24 21:21:46
174816,Tejas,Batta,,6100072490,Bhilai,Maharashtra,2026-05-09 16:31:06
174831,,Saran,sarrafaarush@example.net,1130018066,Tiruvottiyur,Jharkhand,2026-01-03 17:03:19
174920,Forum,Rajan,,3389495938,Pali,Uttarakhand,2026-04-16 13:53:24
174933,Joshua,Das,,1836528987,Bhilwara,Sikkim,2026-01-10 19:53:03
174942,Pavani,Vyas,,2835718706,Ichalkaranji,Haryana,2026-04-02 13:44:43
174976,Raagini,Mann,,6354070942,Begusarai,Assam,2026-01-30 01:19:14
174993,,Lala,chasmumwagle@example.net,3185311286,Chennai,West Bengal,2026-03-06 15:13:05
175040,Ethan,Oommen,,7316100374,Jamalpur,Arunachal Pradesh,2026-06-21 19:27:22
175044,,Parekh,balankeya@example.org,6624029184,Nashik,Telangana,2026-04-05 16:33:45
175056,Chaitaly,Chaudhry,,4885008866,Mathura,Rajasthan,2026-02-23 05:42:03
175093,Nakul,Sha,,3474934249,Chandrapur,Arunachal Pradesh,2026-03-19 04:06:42
175132,,Chacko,aadhya87@example.org,1003296928,Nandyal,Nagaland,2026-06-19 19:08:02
175191,Tanveer,Sarma,,1304825138,Maheshtala,Karnataka,2026-03-31 13:45:18
175192,Naksh,Chopra,,4662894982,Chandigarh,Nagaland,2026-06-03 18:43:13
175203,,Sachdev,chakrabortynimrat@example.org,8846257004,Vellore,Jharkhand,2026-05-31 16:51:34
175211,,Mangat,rkaran@example.com,7643527401,Nangloi Jat,Tamil Nadu,2026-05-21 10:26:36
175212,Amruta,Bhagat,,8440964251,Pondicherry,Odisha,2026-03-29 11:51:34
175214,Lakshit,Som,,7449058913,Ranchi,Arunachal Pradesh,2026-01-12 11:40:06
175239,Charles,Pandit,,2140832022,Bidhannagar,Haryana,2026-04-14 13:11:08
175253,Finn,Sagar,,8321813440,Bihar Sharif,Arunachal Pradesh,2026-02-24 07:07:51
175273,Ekaraj,Kala,,8089285059,Hazaribagh,Uttarakhand,2026-06-19 21:35:33
175307,,Chada,vaidyaleena@example.com,1530113356,Yamunanagar,Bihar,2026-03-01 14:25:32
175309,Nandini,Chakraborty,,1627161406,Noida,Uttarakhand,2026-03-22 00:33:09
175356,,Borde,vaidyaoni@example.com,3192955933,Sikar,West Bengal,2026-03-10 04:09:21
175372,,Prakash,boraedhitha@example.com,2420745416,Khammam,Bihar,2026-02-19 09:00:17
175374,Arin,Datta,,9348812074,Tenali,Maharashtra,2026-02-17 09:19:22
175378,Neha,Tara,,8230637141,Bhusawal,Andhra Pradesh,2026-04-21 18:07:08
175416,Harsh,Prasad,,1291552622,Miryalaguda,Himachal Pradesh,2026-04-03 22:53:51
175442,Advay,Thakur,,6618374165,Nagercoil,Gujarat,2026-05-10 01:10:19
175446,,Acharya,aggarwaldevika@example.org,8031077092,Sangli-Miraj & Kupwad,West Bengal,2026-06-19 04:48:44
175448,,Karpe,om03@example.com,1801200721,South Dumdum,Uttarakhand,2026-06-19 10:21:23
175523,,Bhavsar,parikhmohini@example.com,2178460239,Alappuzha,Sikkim,2026-03-12 19:45:46
175590,Geetika,Dani,,2629638088,Sasaram,Maharashtra,2026-03-29 03:22:39
175612,,Chakrabarti,ngopal@example.com,2554322070,Machilipatnam,Odisha,2026-05-04 04:35:18
175613,Rehaan,Borde,,1540785491,Ulhasnagar,Arunachal Pradesh,2026-03-11 05:22:17
175657,,Bava,shaupma@example.org,2437932428,Kavali,Jharkhand,2026-01-24 20:03:15
175695,Madhavi,Patel,,5097693528,Warangal,Tripura,2026-01-27 16:19:26
175699,Eta,Deol,,7370832482,Jalandhar,Maharashtra,2026-03-11 20:58:04
175703,Ekaja,Nagi,,8780420784,Jabalpur,Punjab,2026-04-04 02:07:15
175707,Falak,Ganesan,,7379278847,Alwar,Jharkhand,2026-04-15 02:28:24
175747,Fiyaz,Kari,,9901409795,Patiala,Tamil Nadu,2026-03-02 14:51:47
175749,,Panchal,udyatidubey@example.net,2279533186,Karnal,Andhra Pradesh,2026-04-11 19:03:39
175772,Ranveer,Karnik,,8710588156,Junagadh,Kerala,2026-05-13 10:34:00
175803,,Banerjee,nakul43@example.com,4572182055,Erode,Meghalaya,2026-05-30 06:40:29
175820,Lakshmi,De,,6680687319,Patna,Sikkim,2026-06-08 07:22:33
175841,Omya,Lad,,3034011338,Tumkur,Punjab,2026-01-12 10:47:26
175867,Deepa,Pant,,6735934624,Warangal,Bihar,2026-06-05 20:55:26
175892,,Sharaf,jyoti16@example.net,9588989702,Tadipatri,Uttar Pradesh,2026-01-17 21:53:24
175994,Yuvraj,Mahajan,,7978922637,Surendranagar Dudhrej,Madhya Pradesh,2026-02-24 07:58:38
176010,Garima,Sarin,,9578339064,Dehri,West Bengal,2026-02-27 18:04:48
176014,Ojasvi,Dyal,,3057762731,Bongaigaon,Himachal Pradesh,2026-03-09 20:10:57
176017,,Mishra,haritanarasimhan@example.net,7878511413,Katni,Maharashtra,2026-03-04 23:08:07
176033,Theodore,Wason,,6056637863,Raurkela Industrial Township,Tripura,2026-06-19 07:32:00
176083,Pratyush,Luthra,,3770164565,Faridabad,Haryana,2026-01-28 19:15:38
176089,,Bora,indali49@example.net,8720952909,Junagadh,Maharashtra,2026-05-31 04:56:54
176109,Amol,Venkataraman,,6286849200,Chennai,Mizoram,2026-03-29 03:55:31
176139,Om,Choudhry,,1055026081,Chandigarh,Sikkim,2026-04-27 07:03:13
176157,Chakradev,Shenoy,,5001033983,Ambala,Sikkim,2026-01-07 10:29:32
176158,,Om,ekansh21@example.com,4170809978,Lucknow,Goa,2026-06-19 17:40:49
176178,,Sha,rattachakrika@example.net,4783895919,Ramagundam,Arunachal Pradesh,2026-05-29 16:22:27
176212,,Dhaliwal,lila93@example.com,4357285084,Navi Mumbai,Manipur,2026-06-04 02:43:14
176222,Zayyan,Mandal,,9506200442,Vasai-Virar,Goa,2026-05-05 11:03:37
176232,Tanvi,Thakur,,3687221588,Eluru,Sikkim,2026-01-19 13:34:10
176242,,Nayak,,8349861212,Bokaro,Nagaland,2026-03-30 09:55:41
176244,Balendra,Dani,,995250936,Adoni,Meghalaya,2026-05-21 22:45:32
176250,,Grover,yashasvi44@example.com,2472675784,Surat,Assam,2026-05-10 05:19:16
176261,,Seth,kritikamander@example.org,1846168420,Karimnagar,Meghalaya,2026-01-03 17:08:17
176310,Ekantika,Wable,,6989361054,Tumkur,Nagaland,2026-05-28 18:52:47
176311,Yagnesh,Chaudhuri,,5922360241,Hospet,Sikkim,2026-01-16 23:09:03
176376,,Sarma,aayush98@example.net,1600382115,Mau,Andhra Pradesh,2026-03-27 10:00:28
176382,Dakshesh,Sangha,,5925924306,Saharanpur,Mizoram,2026-03-25 17:43:59
176435,,Soman,nigamchanchal@example.org,1551520935,Mumbai,Madhya Pradesh,2026-01-18 13:06:47
176438,,Sanghvi,ekalinga40@example.net,5690864079,Moradabad,Madhya Pradesh,2026-03-05 15:40:33
176513,Abha,Pandit,,2895752202,Raichur,Jharkhand,2026-05-28 08:27:57
176570,Vrishti,Chada,,7530186386,Patna,Chhattisgarh,2026-04-12 23:23:28
176576,Saumya,Das,,1306035833,Delhi,Tripura,2026-01-26 22:24:40
176578,,Palla,norichanakya@example.net,7666752699,Khandwa,Punjab,2026-06-09 07:01:28
176587,,Vasa,anjalimane@example.org,4432612028,Hyderabad,Mizoram,2026-06-26 05:28:15
176624,Adya,Sabharwal,,361233652,Visakhapatnam,Chhattisgarh,2026-06-01 17:02:50
176696,,Iyengar,bgill@example.org,9074830426,Jalgaon,Telangana,2026-02-16 06:23:41
176702,Ekansh,Mandal,,1780000712,Pali,Kerala,2026-06-07 03:59:19
176704,,Agate,,1031035131,Kulti,Telangana,2026-06-02 06:36:57
176771,Advika,Karan,,6024750867,Pali,Manipur,2026-01-07 06:13:22
176830,,Sura,shethbishakha@example.net,1007430654,Bettiah,Karnataka,2026-03-30 11:07:10
176845,,Lala,ikshitasoman@example.net,7276165109,Karaikudi,Rajasthan,2026-01-18 09:18:12
176850,Xalak,Gara,,7925616966,Darbhanga,Gujarat,2026-01-31 04:27:05
176929,,Mitter,nayakanamika@example.net,2901209486,Pudukkottai,Arunachal Pradesh,2026-03-30 09:03:29
176953,Nisha,Balay,,9530096403,Bangalore,Odisha,2026-02-28 13:09:10
176968,,Ghose,nagivansha@example.net,7143549042,Hajipur,Jharkhand,2026-02-24 00:35:09
176985,Jeremiah,Agate,,5106913405,Bettiah,Manipur,2026-01-21 16:48:53
176992,Netra,Chaudry,,8272422632,Farrukhabad,Odisha,2026-06-02 17:33:17
176993,Anamika,Krish,,2205446477,Jhansi,Bihar,2026-05-23 01:11:38
177023,Yachana,Narain,,8960243631,Bidar,Rajasthan,2026-03-21 10:40:54
177034,Kavya,Vohra,,8509341396,Karnal,Himachal Pradesh,2026-01-04 14:39:08
177043,,Pradhan,gillbhavika@example.net,2503584188,Indore,Madhya Pradesh,2026-03-13 17:50:53
177056,Girish,Kumar,,9632451137,Shimoga,Kerala,2026-06-16 11:12:39
177069,Keya,Kapoor,,3591888901,Bilaspur,Sikkim,2026-06-12 20:41:34
177074,Mohini,Arora,,7840117235,Adoni,Maharashtra,2026-05-06 08:30:28
177082,,Sharma,jeet95@example.org,671223399,Nagaon,Sikkim,2026-03-25 16:03:58
177087,Triveni,Kade,,5180764547,Parbhani,Telangana,2026-04-08 14:16:33
177097,,Swaminathan,berajack@example.net,5541415502,Srikakulam,West Bengal,2026-04-17 21:43:18
177122,,Pandit,kai70@example.net,2160341060,Imphal,Meghalaya,2026-01-08 22:55:18
177162,Aarini,Saran,,9676041127,Nanded,Tripura,2026-05-19 21:54:37
177188,,Munshi,adar@example.org,6318364378,Kavali,Goa,2026-03-11 21:28:18
177197,,Basak,abhimanyu83@example.org,6244328302,Bardhaman,Madhya Pradesh,2026-03-12 19:20:53
177217,,Wable,srinivasdaksh@example.org,3079234740,Burhanpur,Sikkim,2026-03-12 12:42:43
177231,Hiral,Pathak,,2370802760,Gandhidham,Sikkim,2026-03-05 12:15:05
177247,Bhanumati,Deshpande,,8936735666,Hazaribagh,Maharashtra,2026-04-15 22:50:22
177249,Reyansh,Bhatt,,5667192622,Visakhapatnam,Bihar,2026-01-21 22:07:15
177267,Urmi,Sankaran,,7101856514,Phusro,Uttar Pradesh,2026-04-27 07:06:03
177276,,Nagi,ekbalgour@example.com,8040482226,Haridwar,Odisha,2026-05-15 13:10:36
177286,,Mukherjee,vsaini@example.net,8487798479,Delhi,Rajasthan,2026-03-16 23:15:21
177291,,Padmanabhan,onibanerjee@example.com,352664529,Serampore,Rajasthan,2026-03-11 20:57:58
177292,,Choudhry,subramanianbimala@example.org,7734302824,Ajmer,Meghalaya,2026-06-09 22:08:11
177323,Neelima,Naik,,4361017659,Dindigul,Chhattisgarh,2026-01-16 04:35:22
177393,,Nori,qbhavsar@example.org,7551751469,Nangloi Jat,Andhra Pradesh,2026-06-11 16:15:25
177410,Luke,Malhotra,,1890794147,Nagpur,Manipur,2026-01-02 15:41:25
177430,,Srivastava,girish68@example.com,838699909,Sri Ganganagar,Tamil Nadu,2026-03-01 15:32:31
177440,,Chacko,edayal@example.org,9257243552,Allahabad,Jharkhand,2026-04-01 21:07:48
177444,,Dugar,nikita09@example.org,599181255,Sonipat,Andhra Pradesh,2026-06-23 08:55:25
177460,,Kar,odikasuri@example.org,5540831659,Ajmer,Telangana,2026-05-18 23:54:14
177479,Gautami,Patil,,9678069691,Jammu,Himachal Pradesh,2026-04-14 19:11:56
177542,,Oza,advikabadami@example.com,6592222112,North Dumdum,Telangana,2026-04-18 05:49:56
177547,,Sawhney,bhaktaekantika@example.org,3566366853,Bathinda,Madhya Pradesh,2026-05-24 19:11:14
177548,,Sheth,asingh@example.net,274377766,Chandigarh,Mizoram,2026-01-18 12:39:31
177603,,Gill,samapeter@example.com,8863127768,Bhusawal,Sikkim,2026-06-14 05:26:10
177615,,Radhakrishnan,fnigam@example.com,9117098167,Khandwa,Assam,2026-02-04 01:54:57
177657,,Hans,adwetagarde@example.org,4806151056,Bilaspur,Nagaland,2026-05-26 11:02:31
177676,,Edwin,keerekantika@example.net,1431235130,Ghaziabad,Andhra Pradesh,2026-03-18 21:50:55
177678,Dalaja,Chopra,,1981045671,Nizamabad,Manipur,2026-05-24 10:29:41
177682,,Patla,rsama@example.net,9039877249,Latur,Tamil Nadu,2026-03-16 09:04:56
177690,,Mandal,rambhavika@example.com,5675266662,Sultan Pur Majra,Rajasthan,2026-06-11 14:45:25
177718,,Acharya,bhavani50@example.com,313682537,Bhusawal,Assam,2026-04-04 11:57:41
177764,,Guha,osubramanian@example.net,4993414958,Raurkela Industrial Township,Goa,2026-01-23 14:19:46
177813,,Khare,girikagate@example.org,8970670623,Mumbai,Gujarat,2026-04-27 18:53:02
177828,Abhimanyu,Patla,,7014752903,Vijayanagaram,Uttarakhand,2026-01-18 05:48:33
177833,Chakradhar,Pandya,,6886274966,Nagaon,Andhra Pradesh,2026-06-25 13:44:32
177913,,Sodhi,borahvedant@example.org,4018383328,Bhatpara,Himachal Pradesh,2026-01-07 17:57:19
177987,,Luthra,brahmbhattcharita@example.net,6520092615,Lucknow,Karnataka,2026-01-02 14:16:22
177995,,Sahni,,6760572382,Thanjavur,Karnataka,2026-06-03 05:02:38
178025,,Joshi,udey@example.org,1015372008,Kollam,Kerala,2026-04-10 10:30:58
178070,Vanya,Krishnan,,4099303091,Bihar Sharif,Madhya Pradesh,2026-04-17 10:04:39
178078,Abhiram,Oza,,8803850895,Aligarh,Odisha,2026-02-05 16:41:09
178261,Nidra,Sarna,,9766831953,Meerut,Uttarakhand,2026-06-27 17:03:29
178275,,Sandhu,smurthy@example.com,3730374558,Kota,Odisha,2026-04-21 19:19:05
178276,Om,Butala,,6169018730,Bulandshahr,West Bengal,2026-04-15 15:19:44
178295,,Taneja,wriddhish11@example.org,9317639789,Guntakal,Himachal Pradesh,2026-04-30 22:22:49
178321,Neha,Prakash,,5798991238,Surat,Mizoram,2026-01-28 02:35:21
178335,,Nayar,pillairishi@example.net,3451538018,Saharsa,Karnataka,2026-05-15 05:44:59
178364,,Madan,bmukhopadhyay@example.net,3027482032,Sambhal,Punjab,2026-01-16 02:34:40
178375,,Subramaniam,ikbal60@example.org,5041366057,Yamunanagar,Uttarakhand,2026-02-17 08:28:26
178377,Om,Kumar,,4782861930,Kulti,Chhattisgarh,2026-02-15 16:26:11
178381,Widisha,Tailor,,4717359606,Kamarhati,Karnataka,2026-03-08 23:46:51
178383,,Uppal,vidhi16@example.com,1135103275,Tenali,Nagaland,2026-03-04 17:44:23
178389,Neelima,Kannan,,712645316,Ludhiana,Rajasthan,2026-03-27 13:36:16
178395,,Tank,sabharwalnikita@example.net,7182956407,Indore,Rajasthan,2026-05-31 14:52:45
178420,Jeet,Tandon,,8526317567,Mathura,Haryana,2026-01-07 07:33:32
178423,,Dubey,upkaaramble@example.org,4751293349,Sikar,Maharashtra,2026-04-10 15:37:58
178445,Kalpit,Ray,,3723730315,Lucknow,Karnataka,2026-02-24 20:20:00
178455,Hemal,Atwal,,9236711488,Khora ,Madhya Pradesh,2026-02-15 18:24:17
178462,Avi,Raja,,3300488881,Sultan Pur Majra,Meghalaya,2026-01-20 07:18:03
178471,Anthony,Sidhu,,7052444339,Kirari Suleman Nagar,Telangana,2026-01-25 05:07:32
178483,Anirudh,Raghavan,,7895451913,Kurnool,Goa,2026-03-15 00:34:59
178523,Triya,Mallick,,5959269084,Raichur,Nagaland,2026-01-29 15:37:18
178525,Ishanvi,Rattan,,1949151656,Thanjavur,Tripura,2026-01-07 21:55:02
178616,,Singh,yauvanisubramaniam@example.com,6768248089,Hyderabad,Mizoram,2026-03-10 15:07:53
178644,,Dave,aditya70@example.org,3472233294,Erode,Tripura,2026-05-05 05:58:51
178689,Gautam,Das,,9206202876,Sirsa,Karnataka,2026-03-21 11:37:19
178710,Niharika,Kurian,,9607667413,Hazaribagh,Uttar Pradesh,2026-05-16 08:28:39
178772,Hemangini,Chatterjee,,6107799406,Aurangabad,Manipur,2026-06-07 17:10:08
178790,Ranbir,Chopra,,3718607983,Shimoga,Andhra Pradesh,2026-05-24 18:32:02
178850,,Goda,qmahal@example.net,735210360,Danapur,Tripura,2026-02-03 13:57:03
178915,,Dua,bhavika32@example.org,3593801968,Navi Mumbai,Mizoram,2026-01-18 23:03:54
178990,,Keer,balveer05@example.com,2712683601,Tiruppur,Karnataka,2026-04-04 13:31:53
178995,Warjas,Rana,,7087808820,Indore,Himachal Pradesh,2026-02-06 02:03:01
179004,Yashvi,Rajan,,6540585418,Mau,Maharashtra,2026-02-07 11:41:47
179008,Charan,Shan,,6683293566,Panvel,Odisha,2026-04-07 00:52:34
179016,Ria,Parsa,,552316019,Bhatpara,Jharkhand,2026-05-25 17:04:31
179023,Tanmayi,Karan,,1722343456,Patiala,Mizoram,2026-04-26 15:38:24
179042,Pratyush,Brahmbhatt,,6897894442,Moradabad,Arunachal Pradesh,2026-02-23 15:42:56
179064,,Rajagopal,mreddy@example.org,3933418497,Dindigul,Himachal Pradesh,2026-05-21 07:14:45
179106,Onveer,Desai,,4488647675,Satara,Nagaland,2026-05-11 02:10:23
179111,Chaitaly,Gandhi,,7063422243,Adoni,Mizoram,2026-04-01 19:53:31
179115,,Mallick,dartanmayi@example.org,9547335174,Rajpur Sonarpur,Gujarat,2026-03-22 11:10:52
179150,,Chand,radhakrishnansamar@example.com,5892180562,North Dumdum,Uttarakhand,2026-02-19 23:44:12
179197,,Bhakta,gram@example.com,7197161691,Phagwara,Kerala,2026-06-21 10:39:07
179280,,Pillai,orinderbakshi@example.net,3668074754,Dehradun,Bihar,2026-05-26 19:50:06
179286,,Panchal,ptank@example.org,1492656468,Katni,Tripura,2026-03-28 14:40:51
179365,,Baral,erana@example.net,1811540410,Gulbarga,Madhya Pradesh,2026-05-06 00:43:47
179386,,Panchal,devika44@example.com,3586378374,Visakhapatnam,Madhya Pradesh,2026-03-23 12:31:54
179397,Sanaya,Sarin,,3821930330,Khora ,Tamil Nadu,2026-02-24 12:40:28
179427,Dalbir,Ghose,,1573865929,Mirzapur,Himachal Pradesh,2026-02-10 09:50:42
179436,,Rajagopalan,aashi09@example.org,6080412482,Kakinada,Mizoram,2026-01-30 08:40:57
179445,,Krishnan,umital@example.com,4661461169,Deoghar,Nagaland,2026-03-01 17:07:47
179463,,Patil,manthansaxena@example.org,2751723640,Patiala,Odisha,2026-05-05 03:57:57
179468,Chavvi,Dhaliwal,,9063311168,Unnao,Rajasthan,2026-04-28 01:20:23
179530,,Sethi,onveer32@example.net,3098087057,Kozhikode,Rajasthan,2026-03-21 19:25:41
179534,Manya,Brahmbhatt,,7257172391,Kurnool,Tamil Nadu,2026-01-04 09:15:51
179552,Vedant,Bhatnagar,,3556524461,Sagar,Rajasthan,2026-02-03 23:33:26
179570,,Vora,kvyas@example.com,7335027462,Khora ,Punjab,2026-05-21 02:45:17
179599,,Kohli,trivenibiswas@example.org,5189450643,Nellore,Jharkhand,2026-06-21 04:05:32
179667,,Mahajan,tkant@example.com,3819290698,Amritsar,Jharkhand,2026-05-06 20:17:26
179670,Inaya,Dalal,,831204138,Nagercoil,Manipur,2026-06-08 00:52:43
179685,Ethan,Sarraf,,1870265815,Tiruchirappalli,Tamil Nadu,2026-03-21 06:05:52
179701,,Sahni,dasssamuel@example.com,3742823454,Kozhikode,Uttar Pradesh,2026-04-10 23:00:12
179789,Bachittar,Dara,,418979343,Dehradun,Himachal Pradesh,2026-04-15 16:59:25
179801,Caleb,Solanki,,4692693111,Jhansi,Sikkim,2026-02-19 06:24:57
179802,Ati,Bhakta,,1728063398,Udaipur,Himachal Pradesh,2026-02-16 17:54:16
179833,Jatin,Patel,,2333364166,Rajkot,Punjab,2026-06-14 03:44:49
179834,,Seth,yachanagaba@example.org,4301199719,Bhilwara,Assam,2026-03-14 00:54:56
179836,,Chandra,dayamai59@example.com,6709337938,Dhanbad,Bihar,2026-02-19 03:42:04
179863,Harshil,Bansal,,638717491,Belgaum,Haryana,2026-04-28 09:35:10
179891,Adweta,Chakrabarti,,5586304743,Allahabad,Goa,2026-02-23 10:23:03
179918,,Bahri,janujasant@example.net,1099903668,Alappuzha,Madhya Pradesh,2026-01-16 19:18:27
179928,,Lad,diyanarayanan@example.org,5681177671,Thiruvananthapuram,Gujarat,2026-05-08 23:10:54
179996,Oni,Sinha,,2198361979,Bhavnagar,Arunachal Pradesh,2026-06-12 12:25:53
180039,Eiravati,Wable,,7179422963,Anantapuram,Jharkhand,2026-05-23 04:59:10
180089,,Dugal,amruta39@example.net,3681664579,Durgapur,Rajasthan,2026-03-09 19:52:50
180092,,Andra,anita19@example.net,9302582606,Suryapet,Uttar Pradesh,2026-03-28 04:41:51
180194,,Joshi,vasatikagill@example.com,1409692995,Kottayam,Chhattisgarh,2026-05-16 17:42:10
180212,Gavin,Hayer,,1017429821,Patiala,Uttarakhand,2026-01-09 04:12:04
180227,,Biswas,gayathri79@example.net,3274808143,Secunderabad,Haryana,2026-05-17 06:37:53
180270,Madhav,Sahota,,987823615,Karimnagar,Sikkim,2026-06-06 12:39:23
180290,,Bedi,ishita18@example.net,6326878614,Uluberia,Nagaland,2026-06-09 21:08:49
180291,,Balasubramanian,urishillavora@example.org,580952507,Thiruvananthapuram,Andhra Pradesh,2026-04-28 03:06:46
180298,Balveer,Wagle,,8389952058,Bhilwara,Meghalaya,2026-05-10 04:44:14
180339,Ladli,Kurian,,2826238133,Vijayawada,Tripura,2026-03-11 06:23:02
180353,,Suresh,iagrawal@example.com,155357749,Jammu,Punjab,2026-03-03 02:50:21
180415,,Pall,rajagopalanrobert@example.org,6367876930,Bijapur,Tripura,2026-03-30 07:31:28
180417,Anmol,Golla,,5743600637,Allahabad,Andhra Pradesh,2026-02-19 04:35:08
180472,,Bedi,urvibali@example.org,3734703677,Ballia,Manipur,2026-04-08 13:40:42
180502,Chaman,Suresh,,4389669260,Shivpuri,Manipur,2026-06-28 01:35:31
180508,Balveer,Bawa,,6441280536,Mathura,Kerala,2026-01-19 06:41:44
180520,Bimala,Issac,,9488113604,Amroha,Kerala,2026-02-12 16:35:18
180564,Prisha,Sastry,,9469334003,Mahbubnagar,Assam,2026-06-22 12:36:48
180576,Arya,Patel,,9127894269,Bellary,Odisha,2026-04-11 08:42:53
180600,,Sankaran,aadi18@example.net,9909965674,Belgaum,Uttar Pradesh,2026-03-05 07:56:07
180640,Jeet,Patel,,8279588496,Imphal,West Bengal,2026-04-18 00:37:19
180641,,Modi,balvan32@example.com,8506513601,Guna,Uttarakhand,2026-03-30 15:08:42
180659,Pahal,Vasa,,5533978287,Faridabad,Manipur,2026-04-13 19:00:05
180696,,Puri,poak@example.org,7549853832,Davanagere,Jharkhand,2026-05-03 14:46:33
180708,,Jha,bgulati@example.net,8495569546,Tiruppur,Madhya Pradesh,2026-02-21 08:46:05
180739,,Rattan,tdugar@example.net,5357174206,Malegaon,Maharashtra,2026-06-13 03:20:17
180750,,Shenoy,chandran22@example.net,2619610242,Muzaffarpur,Himachal Pradesh,2026-02-18 02:08:04
180826,Kai,Roy,,1777765382,Bathinda,Rajasthan,2026-04-24 04:34:32
180835,,Mitra,,5356075629,Saharanpur,Chhattisgarh,2026-04-29 17:08:58
180849,,Jain,lprabhakar@example.net,3589311297,Hindupur,Chhattisgarh,2026-01-29 10:43:38
180858,,Narayanan,zansi49@example.com,190679550,Raipur,Tripura,2026-04-09 05:55:43
180864,,Korpal,sdoshi@example.net,3000876904,Faridabad,Bihar,2026-04-03 18:55:29
180868,,Iyengar,umangdutta@example.net,5134581946,Karnal,Chhattisgarh,2026-02-24 02:48:05
180885,,Thakkar,sathvik07@example.com,1276787076,Muzaffarpur,Maharashtra,2026-03-25 21:31:33
180899,,Barman,aarav62@example.net,1105518716,Madurai,Uttarakhand,2026-03-16 07:23:06
180940,,Krishnan,murthyrachana@example.org,9992253239,Burhanpur,Punjab,2026-03-30 12:26:30
180942,Advika,Murty,,495072917,Raichur,Uttarakhand,2026-04-29 10:05:23
180967,Balveer,Bhargava,,7985614398,Bulandshahr,Goa,2026-01-22 17:00:36
181060,Rohan,Arora,,9205907573,Jalandhar,Tripura,2026-01-09 21:10:02
181063,Indira,Chanda,,2657313392,Firozabad,Andhra Pradesh,2026-02-23 08:03:26
181072,Damyanti,Goda,,8977125093,Serampore,Punjab,2026-04-01 21:29:09
181088,,Soni,jagat85@example.net,5199859098,Giridih,Tamil Nadu,2026-01-28 23:48:16
181121,,Keer,mohammedgill@example.net,1462031293,Avadi,Sikkim,2026-06-04 19:07:19
181179,Azad,Lalla,,4511423415,Nagercoil,Jharkhand,2026-06-09 12:43:04
181287,Arjun,Zachariah,,9596983764,Nadiad,Gujarat,2026-02-27 08:37:06
181289,Timothy,Pandey,,425567356,Gwalior,Bihar,2026-01-13 13:49:46
181382,Omisha,Kara,,2795895385,Jalandhar,Madhya Pradesh,2026-05-19 05:17:24
181416,Amol,Lala,,8782441692,Dehradun,Uttar Pradesh,2026-04-18 08:31:18
181431,,Rege,morarbaljiwan@example.com,9082712555,Erode,Karnataka,2026-06-19 21:33:36
181459,,Varkey,sai57@example.net,9129227148,Nanded,Haryana,2026-05-09 22:29:07
181499,,Rau,abduldeo@example.org,8193258493,South Dumdum,Nagaland,2026-01-09 23:56:10
181502,Pallavi,Mishra,,4967885404,Tiruchirappalli,West Bengal,2026-02-09 19:06:50
181514,Zehaan,Kant,,2997677819,Rajahmundry,Chhattisgarh,2026-03-14 11:52:17
181517,,Khurana,aryan14@example.org,8306369910,Dhule,Haryana,2026-02-17 19:51:36
181529,Upasna,Mutti,,8971789313,Alappuzha,Haryana,2026-03-19 03:10:01
181534,Wishi,Wagle,,5749054450,Amaravati,West Bengal,2026-05-18 13:35:05
181554,Amruta,Contractor,,1074990040,Gandhinagar,Manipur,2026-01-13 01:45:24
181611,Christopher,Kara,,7159429368,Sambhal,Arunachal Pradesh,2026-01-03 15:16:01
181661,Chakrika,Roy,,4104279964,Nagaon,Rajasthan,2026-04-11 18:41:20
181745,Pahal,Nayak,,1040968164,Kalyan-Dombivli,West Bengal,2026-02-19 17:51:44
181770,,Bandi,dakshaahuja@example.net,8384250701,Asansol,Meghalaya,2026-01-24 22:39:53
181890,Dalaja,Bora,,3176996587,Kottayam,Haryana,2026-03-20 21:24:52
181937,Upkaar,Peri,,9133845396,Darbhanga,Punjab,2026-05-19 23:26:39
181949,Noah,Dugal,,7021536497,Raichur,Maharashtra,2026-05-08 17:12:56
181951,,Keer,lajitamajumdar@example.net,6322857074,Bokaro,Uttarakhand,2026-05-20 01:36:29
181988,,Deol,jagvishankar@example.com,7784769602,Kakinada,Haryana,2026-04-10 13:32:13
182007,Jack,Khare,,3816201269,Gudivada,Himachal Pradesh,2026-02-01 16:47:12
182057,Radha,Gola,,7249152485,Mehsana,Jharkhand,2026-05-18 19:17:49
182062,,Wali,nmani@example.com,3827921069,South Dumdum,Gujarat,2026-01-15 12:43:50
182077,Matthew,Mani,,7035882942,Dindigul,Goa,2026-01-27 13:59:18
182102,Aadi,Bhakta,,5434814569,Patiala,Madhya Pradesh,2026-04-02 00:04:14
182113,,Ganesh,shaurya70@example.org,6554693593,Morena,Tripura,2026-05-25 19:59:48
182127,Chatresh,Manda,,5109930455,Loni,Chhattisgarh,2026-03-15 19:54:32
182170,Fiyaz,Kata,,4565568354,Imphal,Haryana,2026-06-13 15:20:25
182180,Yug,Oak,,8687964876,Alappuzha,Rajasthan,2026-01-06 15:03:17
182237,,Bali,mitragirik@example.org,6438479882,Kakinada,Madhya Pradesh,2026-01-22 12:28:20
182309,,Butala,sarafdarsh@example.org,5289598363,Gopalpur,West Bengal,2026-06-18 01:44:17
182400,,Wable,hiralbath@example.net,3953168567,Dindigul,Punjab,2026-01-12 12:15:47
182407,,Cheema,ghoselucky@example.net,2278202907,Bardhaman,Telangana,2026-04-03 10:09:25
182451,Vansha,Sahni,,5619765018,Dindigul,Mizoram,2026-01-12 02:07:20
182457,Keya,Sidhu,,5017465115,Bhalswa Jahangir Pur,Rajasthan,2026-03-12 07:57:17
182463,,Shenoy,waliaarnav@example.com,7191569589,Dhanbad,Nagaland,2026-06-16 09:50:08
182465,,Sabharwal,netradevi@example.com,1721292347,Ahmedabad,Andhra Pradesh,2026-06-05 21:40:13
182497,Ikshita,Dube,,5335776995,Jaipur,Telangana,2026-02-27 17:27:21
182520,,Sharma,tboase@example.com,5277030298,Bareilly,Uttar Pradesh,2026-01-09 15:45:32
182552,,Arora,maxkade@example.net,576271733,Sikar,Punjab,2026-01-03 04:13:53
182594,,Dave,frado77@example.com,8328527072,Chandrapur,West Bengal,2026-01-07 03:22:21
182625,,Grewal,caggarwal@example.com,4002303963,Tumkur,Karnataka,2026-05-03 05:50:47
182684,,Sarin,ikakar@example.org,2770606585,Secunderabad,Punjab,2026-04-12 11:28:32
182696,,Ranganathan,csachar@example.net,1112083850,Vadodara,Andhra Pradesh,2026-03-16 18:11:44
182717,Ekapad,Sundaram,,3752885165,Jaipur,Arunachal Pradesh,2026-05-19 00:21:27
182737,Liam,Srinivas,,3721480931,Begusarai,Telangana,2026-01-19 06:20:38
182746,Jagrati,Nagy,,8659777729,Gulbarga,Goa,2026-03-12 11:53:42
182785,Hemangini,Upadhyay,,4130164182,Thiruvananthapuram,Uttar Pradesh,2026-03-04 18:08:12
182790,Indira,Dhillon,,6479476605,Patna,Gujarat,2026-04-10 03:51:37
182807,,Ahluwalia,vivaan33@example.com,845560903,Dehri,Mizoram,2026-03-07 19:45:38
182827,Oviya,Dube,,1217830086,Srikakulam,Nagaland,2026-02-13 04:12:38
182846,Gabriel,Sura,,8617408313,Nashik,Manipur,2026-02-14 01:30:42
182861,,Raju,aachal57@example.org,8841715964,Jammu,Maharashtra,2026-02-16 13:20:51
182888,,Kapur,aadhyanarayanan@example.org,1032907546,Agra,Manipur,2026-02-04 21:05:09
182889,,Roy,xmahal@example.org,2844483519,Khammam,Telangana,2026-05-28 20:14:16
182893,,Rama,oprashad@example.com,2960071798,Karawal Nagar,Maharashtra,2026-06-08 03:35:17
182941,Tripti,Rattan,,1848700546,Naihati,Himachal Pradesh,2026-05-23 08:52:52
182955,,More,ucchaldeshpande@example.com,8609257893,Miryalaguda,Arunachal Pradesh,2026-03-06 13:33:17
182959,Warjas,Sahota,,8303045919,Bidar,Himachal Pradesh,2026-02-21 06:34:22
182970,,Chawla,pallavi12@example.com,4228442650,Bidhannagar,Bihar,2026-02-05 17:23:13
182987,Omisha,Patla,,8446834228,Madanapalle,Arunachal Pradesh,2026-03-02 18:28:21
183003,,Ramesh,jnarain@example.net,1501155058,Rampur,Himachal Pradesh,2026-05-29 10:16:00
183037,Elijah,Ben,,7134975936,Tirupati,Haryana,2026-04-16 08:42:53
183083,Anmol,Sangha,,7555371503,Aizawl,Rajasthan,2026-03-04 17:08:52
183113,,Ratta,bhardwajkritika@example.org,290352596,Kanpur,Jharkhand,2026-02-21 00:30:23
183120,Ethan,Kalla,,8018087439,Phusro,Arunachal Pradesh,2026-04-08 08:23:48
183127,Omkaar,Kade,,771078253,Berhampur,Jharkhand,2026-03-22 22:49:29
183129,,Kara,brijesh48@example.org,3760637079,Nandyal,Tripura,2026-01-16 01:42:44
183160,Darika,Dhar,,8821239356,Bhiwani,Assam,2026-05-20 08:11:17
183175,,Pillay,gauri76@example.com,8978823393,Malegaon,Tripura,2026-03-09 08:02:04
183190,,Chacko,kamyaagrawal@example.net,4758003299,Allahabad,Odisha,2026-05-29 22:43:16
183209,,Amble,upadhyayjai@example.net,1741307487,Vijayawada,Punjab,2026-03-30 21:36:13
183240,,Natarajan,imaran03@example.com,5153217076,Narasaraopet,Arunachal Pradesh,2026-06-26 05:45:17
183268,Barkha,Ratta,,7485410591,Ghaziabad,Odisha,2026-01-14 12:02:24
183298,,Sule,odikajohal@example.org,7841146820,Guwahati,Nagaland,2026-05-18 08:48:49
183309,,Dey,kbuch@example.com,1795098132,Nellore,Kerala,2026-06-22 11:12:24
183310,,Gupta,kchauhan@example.com,4963754588,Tiruchirappalli,Mizoram,2026-05-26 22:07:31
183388,Advaith,Goswami,,5732733316,Vijayanagaram,Telangana,2026-05-29 23:51:13
183410,Fariq,Raval,,2612129953,Thoothukudi,Andhra Pradesh,2026-02-18 18:41:10
183474,,More,chaitanya90@example.net,7087170430,New Delhi,West Bengal,2026-01-13 16:17:15
183483,Bhavani,Zachariah,,5464671067,Bhalswa Jahangir Pur,Odisha,2026-03-01 05:17:31
183506,,Chander,jagvipandey@example.org,2563005191,Bellary,Tamil Nadu,2026-02-12 00:57:21
183543,Faras,Golla,,6819220295,Nagaon,Karnataka,2026-05-25 14:02:43
183590,,Dhar,maanas39@example.com,892140811,Patna,Mizoram,2026-03-12 06:38:48
183601,Sudiksha,Srinivasan,,2624837339,Karaikudi,Nagaland,2026-05-21 05:11:45
183738,,Dhar,sanayalal@example.org,7918688414,Ujjain,Jharkhand,2026-03-24 05:45:01
183775,,Banerjee,madanchatresh@example.com,9057194562,Mysore,Karnataka,2026-04-26 14:59:23
183811,,Kara,manyagour@example.net,8329794886,Bhatpara,West Bengal,2026-02-26 09:52:32
183830,Udyati,Gera,,7819309338,Barasat,Himachal Pradesh,2026-01-22 17:51:04
183847,Ekbal,Sidhu,,5785159324,Berhampur,Assam,2026-04-27 22:04:07
183851,Rudra,Barad,,5608200503,Rourkela,Assam,2026-03-21 05:13:25
183867,Sathvik,Bala,,4879780360,Srinagar,Punjab,2026-05-22 20:55:51
183918,Ranveer,Krishna,,9536212643,Rourkela,Meghalaya,2026-04-20 13:25:43
183942,Raksha,Kannan,,9230799583,Gulbarga,Goa,2026-01-14 16:52:31
183943,,Venkataraman,aryasalvi@example.com,2338974295,New Delhi,Himachal Pradesh,2026-05-28 15:42:11
183945,Qasim,Ravi,,2735589319,Jalna,Madhya Pradesh,2026-05-13 15:48:20
183959,Laban,Kata,,6489865085,Sasaram,Punjab,2026-04-16 02:15:33
183965,,Memon,gargmeghana@example.com,4506285622,Hyderabad,Nagaland,2026-06-10 01:17:41
184007,Chaitanya,Raju,,4542640993,Hubli–Dharwad,Bihar,2026-06-27 05:00:07
184034,Guneet,Nadig,,4588179680,Thrissur,Bihar,2026-05-14 19:17:02
184039,,Mani,bahrikamya@example.org,9462074615,Pudukkottai,Tripura,2026-03-09 05:43:02
184047,Tristan,Kapur,,6954817202,Kozhikode,Assam,2026-03-18 11:06:50
184057,,Parikh,,187380926,Noida,Manipur,2026-03-03 05:06:09
184072,,Natt,krishnanarin@example.net,2486690291,Madhyamgram,Kerala,2026-03-25 08:28:59
184129,Warjas,Nath,,2154853253,Rajahmundry,Mizoram,2026-06-09 22:32:14
184136,Irya,Lall,,9666488566,Avadi,Kerala,2026-04-11 16:06:57
184165,Indrajit,Arya,,8121546981,Tinsukia,Kerala,2026-05-27 18:54:51
184168,Ishaan,Ganesh,,5636070835,Howrah,Bihar,2026-02-08 20:27:01
184196,,Dora,fbabu@example.net,9619484,Bhilai,Karnataka,2026-03-23 06:54:18
184223,Aarna,Kar,,875671309,Nagercoil,Mizoram,2026-06-22 04:24:50
184267,,Gulati,isaiahvenkatesh@example.org,7670800822,Fatehpur,Madhya Pradesh,2026-06-20 10:49:21
184272,Anika,Randhawa,,40337662,Rajkot,Jharkhand,2026-04-09 22:27:50
184291,,Parekh,hemalchaudhari@example.net,366750767,Vijayawada,Bihar,2026-05-25 07:21:19
184349,,Soman,arin53@example.net,5902458743,Dehri,Kerala,2026-04-16 05:51:01
184356,,Mangat,rraman@example.org,1815859341,Kumbakonam,Haryana,2026-01-15 08:35:23
184370,Darpan,Khatri,,3181002417,Machilipatnam,Karnataka,2026-03-22 10:51:06
184383,Elijah,Dyal,,9358252926,North Dumdum,Nagaland,2026-03-08 08:41:04
184400,,Butala,qmody@example.net,1620001865,Morena,Uttarakhand,2026-03-31 01:02:49
184443,Yutika,Narayanan,,6195931139,Latur,West Bengal,2026-03-14 17:16:17
184468,,Bedi,jsanghvi@example.org,3193213476,Ulhasnagar,Sikkim,2026-03-22 05:01:21
184480,Garima,Merchant,,7821260481,Dehri,Uttar Pradesh,2026-05-09 12:37:03
184484,Balendra,Andra,,3110521890,Ozhukarai,Arunachal Pradesh,2026-03-01 03:29:19
184539,Balendra,Deshpande,,4689211883,Singrauli,Gujarat,2026-01-23 13:28:22
184584,,Sunder,naksh50@example.net,6233159937,Bettiah,Tripura,2026-06-20 15:59:01
184608,Lakshmi,Pandey,,3493470768,Dibrugarh,Mizoram,2026-05-17 07:00:57
184619,,Andra,eeshaprashad@example.org,3177389592,Saharanpur,Nagaland,2026-02-05 20:40:03
184646,Karan,Nori,,875934602,Khora ,Goa,2026-03-25 06:48:35
184656,Girik,Kala,,5658963838,Panvel,Uttar Pradesh,2026-01-16 07:35:02
184661,Yashica,Issac,,6047101708,Asansol,Assam,2026-06-20 10:21:55
184667,,Chacko,anayrandhawa@example.com,1412550593,Singrauli,Nagaland,2026-03-29 18:16:16
184677,,Wadhwa,revakurian@example.com,4516399670,Alappuzha,Jharkhand,2026-06-29 06:53:19
184696,,Kata,vrindahanda@example.net,7085439284,Vijayanagaram,Manipur,2026-01-23 02:24:46
184766,,Mane,wishimall@example.net,3584506320,Bhusawal,Mizoram,2026-03-13 09:15:08
184816,Ranbir,Badal,,2675971502,Bettiah,Nagaland,2026-01-21 03:15:37
184839,Ladli,Kadakia,,4079207792,Raipur,Tripura,2026-01-11 14:47:08
184843,Wishi,Lalla,,2357061530,Nellore,Andhra Pradesh,2026-03-24 23:12:58
184893,Parth,Karpe,,6140041837,Alappuzha,Manipur,2026-04-25 10:55:52
184906,,Hayre,jairajviswanathan@example.com,1796167223,Gandhinagar,Maharashtra,2026-06-24 22:04:56
184919,,Sehgal,anjali77@example.com,2370009015,Ratlam,Arunachal Pradesh,2026-04-01 12:19:27
184937,Amrita,Baria,,2836632498,Nandyal,Maharashtra,2026-06-30 03:19:36
184964,Nathaniel,Din,,6016021588,Belgaum,Gujarat,2026-01-05 17:12:30
184981,,Goel,dubevamakshi@example.com,2347646301,Malegaon,Maharashtra,2026-05-14 07:20:03
184992,Dhruv,Rajagopalan,,3250096799,Cuttack,Gujarat,2026-01-12 22:03:31
184994,Pushti,Chaudhuri,,3544235349,Jorhat,Assam,2026-05-14 06:30:53
185036,Qarin,Srinivas,,3904795405,Farrukhabad,Manipur,2026-03-20 13:16:19
185109,,Parekh,daminimandal@example.org,5462360508,Bidhannagar,Uttarakhand,2026-04-19 17:43:44
185119,,Dhar,nkade@example.net,2626113891,Nashik,Himachal Pradesh,2026-04-06 22:50:48
185226,Manbir,Rai,,5455642025,Katihar,Meghalaya,2026-01-15 02:46:54
185237,,Kaur,shettyneelima@example.net,3175950999,Bongaigaon,Bihar,2026-06-22 14:41:26
185251,Ekavir,Kumer,,2739296767,Narasaraopet,Chhattisgarh,2026-03-17 17:53:12
185339,Yoshita,Divan,,8818764461,Firozabad,Karnataka,2026-02-05 11:27:07
185373,Hredhaan,Oza,,952685324,Durg,Nagaland,2026-06-03 10:22:34
185374,Wridesh,Sen,,8107052024,Ludhiana,Arunachal Pradesh,2026-02-05 16:43:33
185376,,Murthy,eta27@example.net,1765349653,Meerut,Goa,2026-03-21 06:26:46
185399,,Narasimhan,radhakrishnanarunima@example.org,6425535489,Dharmavaram,Uttarakhand,2026-06-30 16:21:13
185418,,Sharma,nathluke@example.org,9631237838,Srinagar,Uttarakhand,2026-01-24 06:53:04
185427,,Bora,gpatil@example.com,8954264029,Kolhapur,Telangana,2026-05-24 03:49:49
185475,,Goyal,,9085088538,Lucknow,Uttarakhand,2026-05-21 01:41:04
185481,,Chakrabarti,hardikbajwa@example.org,6135965672,Mehsana,Goa,2026-06-22 20:09:34
185543,Ranbir,Basu,,2702293816,Amravati,Meghalaya,2026-04-18 03:54:42
185594,,Narayan,sathvik07@example.com,9645666131,Mahbubnagar,Kerala,2026-04-12 17:50:25
185619,Wishi,Kumar,,6768318751,Chittoor,Arunachal Pradesh,2026-01-28 22:22:33
185622,,Uppal,bnarula@example.com,5372652944,Kadapa,Uttar Pradesh,2026-05-08 01:59:39
185625,,Parmar,wlad@example.org,9430175960,Sasaram,Uttar Pradesh,2026-04-22 19:07:28
185628,,Chahal,warrioradvika@example.net,8568154046,Mirzapur,Bihar,2026-05-18 07:25:30
185638,,Dubey,bnagy@example.com,6555132870,Guntakal,Nagaland,2026-06-12 15:30:26
185645,,Ravel,dyalimaran@example.net,6646362650,Hazaribagh,Telangana,2026-06-20 04:06:54
185653,Yashoda,Mittal,,1446527371,Coimbatore,Himachal Pradesh,2026-06-23 09:30:06
185669,Atharv,Ray,,6195626093,Raipur,Kerala,2026-04-12 06:23:07
185677,Ekaraj,Vora,,7707293956,Chennai,Manipur,2026-03-03 09:03:49
185682,,Comar,jdeol@example.com,7156724420,Aizawl,Uttar Pradesh,2026-03-29 06:14:55
185688,Niharika,Tiwari,,9554620639,Kochi,Assam,2026-06-20 08:35:41
185727,,Butala,pmannan@example.org,6424350887,Jammu,Himachal Pradesh,2026-03-31 07:13:23
185747,Vasatika,Dhar,,5922312770,Sambalpur,Meghalaya,2026-06-12 11:13:34
185752,,Boase,puriaarini@example.org,5193349802,Kozhikode,Jharkhand,2026-03-24 06:10:21
185786,,Bassi,jatin76@example.org,3913197036,Cuttack,Goa,2026-03-12 23:55:43
185823,,Dube,anitabarad@example.org,7419060244,Jamalpur,Punjab,2026-02-16 20:53:20
185865,,Mammen,gaurika36@example.net,1572215168,Siliguri,Himachal Pradesh,2026-01-21 10:12:23
185885,Chanchal,Issac,,5459057607,Gopalpur,West Bengal,2026-05-09 08:04:24
185888,Peter,Mohan,,3270528833,Panvel,Mizoram,2026-03-25 18:34:55
185902,Pushti,Bedi,,273843547,Malegaon,Karnataka,2026-06-22 18:44:57
185908,Yashawini,Khanna,,336212355,Tezpur,Maharashtra,2026-02-03 07:43:34
185991,Utkarsh,Doshi,,4023719796,Gudivada,Arunachal Pradesh,2026-01-13 13:12:14
185999,Charan,Bajwa,,4997636591,Anand,Tamil Nadu,2026-05-05 20:03:47
186004,Kamya,Hora,,6383409298,Bhavnagar,Madhya Pradesh,2026-04-18 09:33:45
186058,,Grewal,patrick91@example.net,5895497333,Guntur,Tripura,2026-02-18 14:50:56
186091,Shaurya,Contractor,,5373813201,Gorakhpur,Madhya Pradesh,2026-05-30 02:28:41
186142,,Natarajan,zkorpal@example.net,2284453582,Imphal,Maharashtra,2026-01-22 02:11:08
186145,,Saran,vermatanvi@example.org,5235702323,Asansol,Mizoram,2026-02-27 19:11:33
186170,,Vig,inaya21@example.net,2578575279,Salem,Kerala,2026-06-29 11:48:06
186220,Vedika,Mallick,,9304397095,Barasat,Karnataka,2026-06-11 10:47:42
186247,,Narayan,ektavarty@example.com,8459685199,Sangli-Miraj & Kupwad,Chhattisgarh,2026-03-29 15:04:39
186253,,Vaidya,samesh53@example.net,3270102467,Meerut,Arunachal Pradesh,2026-04-18 06:31:30
186262,,Kadakia,,7447804334,Salem,Arunachal Pradesh,2026-02-22 19:24:11
186301,,Trivedi,rattanchanakya@example.com,8122055491,Ajmer,Jharkhand,2026-06-03 14:54:34
186328,Ira,Mani,,9154337980,Aligarh,Assam,2026-03-17 03:45:04
186331,,Chhabra,dyohannan@example.net,6800117638,Bareilly,Kerala,2026-02-07 20:04:25
186356,Ubika,Barman,,8398149683,Orai,Tamil Nadu,2026-06-17 19:23:36
186361,,Raman,frederick11@example.net,5131185880,Dharmavaram,Mizoram,2026-06-27 18:17:12
186369,Ekani,Natt,,4759679369,Ujjain,Odisha,2026-03-04 21:41:49
186373,,Virk,sainiayush@example.org,411821055,Bhusawal,Kerala,2026-02-02 05:08:52
186388,Frado,Sarkar,,2595445007,Kirari Suleman Nagar,Tripura,2026-01-10 17:09:13
186402,Kamala,Sankaran,,2698920297,Ghaziabad,Punjab,2026-03-14 18:47:17
186459,Deepa,Golla,,1685794564,Pudukkottai,Punjab,2026-03-04 07:46:13
186475,Bakhshi,Bakshi,,9156842649,Tirupati,Kerala,2026-05-31 17:40:33
186486,Urvi,Kalla,,8146602549,Arrah,Mizoram,2026-06-22 17:45:23
186506,,Agarwal,fariqramaswamy@example.net,8455250966,Tirunelveli,Manipur,2026-05-15 14:50:16
186509,,Bhavsar,ria98@example.org,5476643318,Ramagundam,Nagaland,2026-01-10 07:12:12
186520,Jackson,Chakraborty,,5696119132,Hubli–Dharwad,Rajasthan,2026-05-27 12:45:37
186524,Gunbir,Date,,8992172335,Nellore,Tripura,2026-06-02 08:53:57
186562,,Sem,prisharege@example.org,711311580,Tenali,Arunachal Pradesh,2026-02-11 21:39:48
186576,Krishna,Ganesh,,7570688981,Patiala,Tamil Nadu,2026-02-09 22:07:55
186586,Jasmit,Karnik,,7645138007,Lucknow,Tamil Nadu,2026-04-12 07:14:36
186593,,Kumer,hmohanty@example.com,8076401492,Vijayawada,Tripura,2026-02-16 11:39:01
186603,,Agarwal,dasslucky@example.com,6871810961,Dhanbad,Mizoram,2026-04-07 10:25:56
186669,,Venkataraman,sathvikmistry@example.org,8439922355,Karawal Nagar,Madhya Pradesh,2026-02-11 03:23:54
186745,,Narula,bhavnagola@example.net,9426862453,Haldia,Mizoram,2026-01-01 09:28:21
186796,,Din,rushilmohan@example.com,9120049533,Tirunelveli,Himachal Pradesh,2026-01-19 00:23:54
186903,,Venkataraman,chamelirai@example.org,3936380535,Muzaffarnagar,Assam,2026-03-17 05:26:42
186907,Nachiket,Gaba,,9127279594,Jammu,Punjab,2026-06-03 10:11:05
186910,Hemani,Muni,,4806318860,Jehanabad,Uttarakhand,2026-01-28 09:31:49
186920,Saumya,Rege,,9020854852,Rewa,Manipur,2026-04-13 23:46:07
186932,,Vyas,narayanangopal@example.com,4774819700,Sultan Pur Majra,Himachal Pradesh,2026-04-14 18:04:27
186992,,Krish,onijha@example.org,5052582280,Bhopal,Maharashtra,2026-02-20 09:25:12
187015,,Kurian,vyasekapad@example.com,1100202451,Chandrapur,West Bengal,2026-01-16 17:27:06
187035,,Karpe,khosladayamai@example.org,2403310071,Cuttack,Gujarat,2026-05-11 14:44:29
187039,,Master,yashawinibir@example.net,6766987168,Berhampur,Meghalaya,2026-01-26 03:08:48
187104,,Garde,simon38@example.org,8611419711,Nagaon,Jharkhand,2026-02-11 09:55:23
187121,Vanya,Golla,,3753508167,Ahmedabad,Sikkim,2026-02-01 07:30:45
187145,,Tiwari,parmershaurya@example.com,4168363308,Sasaram,Haryana,2026-06-27 10:21:09
187156,,Pillai,liam20@example.net,8801335127,Amravati,Karnataka,2026-01-29 19:32:41
187160,,Bahri,ranveermohan@example.org,5101197976,Allahabad,Uttar Pradesh,2026-03-20 03:17:24
187219,Vanya,Natt,,350713040,Karawal Nagar,Arunachal Pradesh,2026-06-14 11:50:24
187231,,Venkataraman,bhatbina@example.com,2687937249,Kochi,Arunachal Pradesh,2026-03-26 10:48:48
187250,,Nayak,lucky60@example.com,7440559092,Mahbubnagar,Assam,2026-02-08 23:55:58
187291,Nimrat,Saran,,3606037919,Jaipur,Sikkim,2026-02-14 05:03:59
187308,,Bedi,bimala31@example.com,2263432668,Bhubaneswar,Kerala,2026-02-07 21:50:17
187319,,Chander,fbaral@example.org,6768324235,Gulbarga,Himachal Pradesh,2026-01-08 17:09:14
187360,,Dugar,kritikakala@example.com,6426751571,Jehanabad,Jharkhand,2026-06-27 08:47:22
187361,Zinal,Kibe,,1811407184,Kollam,Rajasthan,2026-05-28 10:26:48
187372,Harshil,Babu,,4920819437,Proddatur,Karnataka,2026-05-10 20:35:50
187417,,Ravel,nayarabhimanyu@example.net,5705284122,Ahmednagar,Telangana,2026-03-28 13:10:08
187443,,Bava,ekansh94@example.org,4016827624,Silchar,Bihar,2026-06-10 01:48:12
187469,Riya,Sankar,,6247391233,Ballia,Punjab,2026-03-28 11:17:45
187470,Aryan,Garde,,4979153904,Morbi,Haryana,2026-06-18 16:29:40
187505,,Mannan,basakjanani@example.com,4354912074,Sirsa,Rajasthan,2026-01-19 09:15:26
187529,Gaurang,Choudhary,,7629677110,North Dumdum,Chhattisgarh,2026-03-19 14:58:15
187532,Sachi,Lala,,7248716118,Thiruvananthapuram,Gujarat,2026-06-23 12:13:40
187542,Ekavir,Rajagopal,,4169183014,Thoothukudi,Mizoram,2026-04-23 01:53:02
187604,Meghana,Gopal,,4355531192,Bhusawal,Karnataka,2026-05-28 12:02:23
187611,Zilmil,Bera,,8458602095,Karimnagar,Andhra Pradesh,2026-06-18 19:59:19
187618,,Srinivas,patlarayaan@example.net,8241209069,Imphal,Mizoram,2026-01-07 05:28:59
187676,,Ravi,gopalnirja@example.org,9458921394,Danapur,Andhra Pradesh,2026-03-12 18:48:57
187678,Oscar,Walla,,7412937070,Ambattur,Arunachal Pradesh,2026-01-17 20:41:33
187682,Naveen,Goyal,,3915189891,Kharagpur,Rajasthan,2026-02-09 05:46:28
187745,Jeevika,Sunder,,8866416826,Jorhat,Himachal Pradesh,2026-02-17 21:26:19
187749,Amara,Krishna,,8403442047,Bikaner,Himachal Pradesh,2026-02-26 03:47:04
187754,Dayamai,Konda,,9450476883,Uluberia,Tripura,2026-01-06 01:40:17
187784,Mohammed,Kara,,9944415387,Ambala,Andhra Pradesh,2026-03-10 13:20:14
187807,Ojas,Mangal,,5353558327,Bhiwandi,Gujarat,2026-02-05 14:43:30
187809,Sai,Seth,,219932876,Rajpur Sonarpur,Andhra Pradesh,2026-03-05 03:47:01
187839,Ekta,Gole,,4558633552,Muzaffarnagar,Tripura,2026-05-17 20:22:05
187849,Parth,Nagy,,9454920744,Thrissur,Assam,2026-03-31 07:56:59
187881,,Oommen,ynayak@example.org,9429299855,Ulhasnagar,Kerala,2026-02-16 16:48:09
187911,,Ranganathan,sarmaekansh@example.org,5809986633,Udupi,Kerala,2026-01-28 08:43:41
187920,,Bora,stara@example.com,5302672957,Mathura,Arunachal Pradesh,2026-06-01 17:52:57
187968,,Loyal,urishilla20@example.net,9919593218,Belgaum,Meghalaya,2026-05-19 23:55:40
187975,,Mital,sachdevurishilla@example.net,5974135603,Khora ,Mizoram,2026-01-15 05:32:24
187986,Hemang,Murty,,9727300597,Thrissur,Karnataka,2026-04-17 10:08:52
188020,,Vala,sai85@example.com,3883182684,Shahjahanpur,Manipur,2026-06-01 01:24:45
188021,Urmi,Doctor,,1992899377,Giridih,Telangana,2026-06-28 04:20:35
188032,Anjali,Kakar,,6210879530,Tirupati,Maharashtra,2026-06-05 12:01:41
188065,,Bhattacharyya,hemamander@example.org,4900789418,Kozhikode,Chhattisgarh,2026-04-24 04:46:21
188070,,Chauhan,sompratyush@example.net,7605684124,Muzaffarnagar,Mizoram,2026-04-26 16:29:02
188141,Hemal,Sem,,3516780727,Ahmedabad,Kerala,2026-03-29 07:08:46
188154,Aditya,Sunder,,2679622636,Bhilwara,Maharashtra,2026-02-04 11:24:02
188169,,Korpal,patrick14@example.net,5544522723,Tadepalligudem,Tamil Nadu,2026-03-07 09:09:44
188181,,Uppal,onkardora@example.net,9845751898,Bidhannagar,Tamil Nadu,2026-03-27 23:27:06
188261,,Chaudhary,abutala@example.net,1167834580,Shivpuri,Punjab,2026-05-04 14:12:57
188262,,Mitter,krishnareddy@example.com,7530865641,Kottayam,Sikkim,2026-01-28 12:40:07
188271,Lavanya,More,,91482330,Ambarnath,Kerala,2026-03-21 14:11:23
188309,Jonathan,Issac,,8329864357,Deoghar,Karnataka,2026-03-07 16:31:39
188349,Rushil,Keer,,1893507213,Jammu,Himachal Pradesh,2026-05-19 14:05:36
188395,Siya,Jha,,4517272265,Gudivada,Manipur,2026-05-04 15:08:40
188430,Arjun,Sandal,,8447750021,Nagercoil,Manipur,2026-01-01 14:45:55
188443,,Edwin,urvashiwali@example.com,9531717038,Pimpri-Chinchwad,Meghalaya,2026-04-23 00:20:08
188467,,Prashad,vedakarnik@example.org,8945886297,Silchar,Punjab,2026-04-08 08:37:45
188497,,Som,fmody@example.org,7633233588,Visakhapatnam,Manipur,2026-02-27 01:37:57
188509,,Parmer,panini23@example.org,2450746833,Mirzapur,Uttar Pradesh,2026-06-22 11:44:15
188527,,Kurian,orinder40@example.com,114881159,Tadepalligudem,Tamil Nadu,2026-01-11 13:09:03
188535,,Dass,senwarhi@example.net,7423394924,Bahraich,Haryana,2026-06-04 05:04:02
188566,,Kalita,sidhumanthan@example.org,4622041862,Muzaffarpur,Arunachal Pradesh,2026-04-23 18:41:56
188591,Gautam,Batra,,3348607275,Bidhannagar,Karnataka,2026-02-02 22:26:51
188592,Chavvi,Sandal,,233362162,Sirsa,West Bengal,2026-03-18 14:09:45
188642,Harita,Parsa,,5536407907,Medininagar,Goa,2026-03-14 05:56:32
188646,,Mall,daminivala@example.net,9788919129,Saharanpur,Bihar,2026-06-06 22:45:59
188860,,Ravel,skarpe@example.org,152967562,Parbhani,Arunachal Pradesh,2026-01-23 07:06:37
188873,,Ram,majumdarlavanya@example.net,8784990916,Kumbakonam,Arunachal Pradesh,2026-01-25 16:22:13
188877,Chakrika,Lalla,,9538466699,Gwalior,Nagaland,2026-03-24 08:30:30
188893,,Gara,omkaar15@example.net,103631786,Gopalpur,Sikkim,2026-06-07 14:00:25
188921,Maanav,Atwal,,6362190424,Rajahmundry,Manipur,2026-06-19 22:38:03
188943,Vedhika,Dani,,8729156099,Chennai,Mizoram,2026-04-20 11:17:57
188972,,Chand,bimalatata@example.net,1280967949,Begusarai,Maharashtra,2026-04-04 12:31:39
188987,,Ray,qushi11@example.com,9228106907,Ramgarh,Nagaland,2026-03-01 21:17:25
188993,,Venkatesh,nisha61@example.com,7603649081,Bardhaman,Rajasthan,2026-05-04 22:09:27
189017,,Kannan,akaur@example.org,3754328486,Adoni,Madhya Pradesh,2026-03-08 01:33:49
189038,Ekantika,Sekhon,,6708998036,Tiruchirappalli,Haryana,2026-04-02 13:03:42
189070,Chavvi,Chaudhry,,9504173031,Kottayam,Uttar Pradesh,2026-04-15 18:44:16
189115,,Sarna,jhalakluthra@example.net,4268478447,Barasat,Madhya Pradesh,2026-01-05 05:36:17
189129,Oeshi,Nath,,5722453450,Guntur,Uttar Pradesh,2026-06-06 10:31:51
189134,,Hans,nathaniel59@example.org,1270329205,Uluberia,Jharkhand,2026-03-29 01:36:39
189163,Mugdha,Nair,,7297034907,Moradabad,Madhya Pradesh,2026-03-03 11:54:54
189214,,Lanka,qadim97@example.org,8485523549,Vadodara,Haryana,2026-04-19 18:17:46
189249,Arya,Dubey,,7763615198,Ghaziabad,Bihar,2026-03-17 05:47:30
189266,Lavanya,Misra,,5376375903,Coimbatore,Uttar Pradesh,2026-01-24 06:18:04
189333,,Toor,madanoni@example.net,4006760306,Panihati,Chhattisgarh,2026-01-21 09:43:23
189334,,Devan,teerthdhillon@example.com,6137344808,Alwar,Tamil Nadu,2026-04-25 20:01:05
189390,,Date,ojasvibandi@example.net,8012234858,North Dumdum,Nagaland,2026-05-10 20:19:34
189419,,Vig,harshil99@example.com,5752020551,Jalgaon,Sikkim,2026-06-08 00:32:39
189440,Saksham,Mohan,,5242895653,Gorakhpur,Sikkim,2026-04-28 13:31:04
189441,,Dubey,senguptaidika@example.net,6867760926,Bangalore,Uttarakhand,2026-02-15 12:51:07
189453,Balvan,Subramaniam,,2675491109,Faridabad,Bihar,2026-02-02 02:27:55
189458,Hemani,Toor,,1949075599,Dhule,Jharkhand,2026-01-19 03:07:17
189475,,Tank,gkunda@example.com,6371195515,Bhalswa Jahangir Pur,Assam,2026-06-05 20:43:02
189481,Mugdha,Krish,,1918563946,Ranchi,Arunachal Pradesh,2026-02-12 03:46:46
189512,,Doshi,jbhalla@example.org,7202655588,Hubli–Dharwad,Tripura,2026-03-17 01:03:29
189528,Vrishti,Narain,,2339346259,Nagpur,Chhattisgarh,2026-01-28 01:58:27
189549,Laban,Gupta,,8978975384,Katni,Bihar,2026-02-14 17:40:06
189661,,Sachdev,osodhi@example.net,8229338695,Ratlam,Nagaland,2026-02-12 00:44:10
189669,,Jaggi,bawadayamai@example.net,904077251,Dewas,Assam,2026-02-25 23:47:03
189680,,Hayre,boraishaan@example.net,4755460443,Berhampore,Manipur,2026-01-08 20:23:46
189741,,Khatri,kiaandin@example.com,9896331984,Mysore,West Bengal,2026-04-22 23:40:25
189775,Bahadurjit,Karnik,,4579647404,Amravati,Himachal Pradesh,2026-01-04 03:48:06
189830,,Ranganathan,yugchawla@example.net,1340121607,Sri Ganganagar,Assam,2026-04-10 02:57:08
189835,Wyatt,Pandey,,9399151334,Guna,Karnataka,2026-04-01 06:06:11
189866,,Mammen,bassioliver@example.net,5220890413,Chapra,Chhattisgarh,2026-05-21 08:47:54
189928,Warjas,Kale,,4903975214,Nizamabad,Punjab,2026-03-22 02:26:07
189934,,Sampath,avideol@example.org,2676782789,Solapur,Assam,2026-06-07 21:49:55
189986,Nidra,Malhotra,,2077431574,Jaunpur,Tamil Nadu,2026-01-12 23:28:34
189987,Aditya,Chaudhuri,,5747327719,Madanapalle,Uttar Pradesh,2026-01-15 16:41:44
189991,Jack,Sinha,,7201066613,Tiruchirappalli,Gujarat,2026-04-29 05:05:10
190010,Amol,Kaur,,642709659,Srikakulam,Tripura,2026-02-13 14:11:43
190014,Ojas,Suresh,,150919761,Vasai-Virar,Sikkim,2026-04-07 23:04:52
190036,,Sahota,davematthew@example.org,4476137352,Mehsana,Himachal Pradesh,2026-01-24 18:43:28
190057,,Joshi,birvrishti@example.net,8151365296,Hajipur,West Bengal,2026-05-11 20:01:33
190075,,Mammen,guhaaadi@example.org,1336637717,Narasaraopet,Sikkim,2026-06-13 19:54:37
190077,,Gera,odika91@example.com,2844451724,Salem,Manipur,2026-03-23 12:26:21
190108,Vasudha,Goel,,2240736764,Shivpuri,Kerala,2026-06-06 19:53:46
190126,Zehaan,Shan,,3798678879,Patna,Uttar Pradesh,2026-03-03 03:16:21
190132,,Mander,vanyaloke@example.net,9102821103,Hubli–Dharwad,Andhra Pradesh,2026-06-30 09:36:04
190143,Ranbir,Wason,,7718467591,Jamalpur,Himachal Pradesh,2026-06-16 21:47:27
190174,Inaya,Varkey,,776047619,Noida,Kerala,2026-03-09 07:49:18
190203,,Chandran,chasmumswamy@example.org,7278361529,Kalyan-Dombivli,Bihar,2026-01-06 01:28:59
190241,,Mand,sabharwalbhavya@example.net,4485817480,Phusro,Nagaland,2026-02-14 08:54:59
190243,,Kaur,cdeol@example.net,5419141932,Surat,Punjab,2026-01-18 12:20:06
190261,,Oommen,nadigchakrika@example.org,7238152757,Moradabad,Meghalaya,2026-01-21 23:41:03
190293,Omya,Som,,4439790429,Bhusawal,Sikkim,2026-02-23 12:12:38
190297,Ryan,Mani,,278705621,Bihar Sharif,Jharkhand,2026-05-10 05:40:24
190340,Jeevika,Ram,,7455607869,Karimnagar,Kerala,2026-06-09 01:36:16
190341,Falak,Mishra,,3650844274,Bilaspur,Karnataka,2026-06-03 22:01:03
190359,,Sama,teerthtella@example.com,3730854397,Hazaribagh,Mizoram,2026-05-23 03:03:50
190360,,Mohanty,prakashqadim@example.org,5669380672,Jabalpur,Uttar Pradesh,2026-01-30 20:23:12
190394,,Wagle,sneha69@example.com,6517022682,Rajpur Sonarpur,Uttarakhand,2026-05-12 21:16:47
190402,Nathaniel,Choudhary,,5811557251,Hospet,Chhattisgarh,2026-06-25 04:56:49
190405,,Behl,dthaker@example.com,9312255922,Surendranagar Dudhrej,Nagaland,2026-01-10 10:58:29
190444,Qabil,Lata,,4742147298,Sangli-Miraj & Kupwad,Gujarat,2026-01-18 17:31:11
190450,,Virk,sibalethan@example.net,8069319657,Nagercoil,Himachal Pradesh,2026-04-09 07:19:40
190455,Ryan,Sanghvi,,960364846,Moradabad,Bihar,2026-03-22 03:14:19
190463,Pooja,Lanka,,8869082339,Belgaum,Sikkim,2026-06-08 00:25:56
190492,Saksham,Bajwa,,7305006915,Raebareli,Telangana,2026-05-31 13:17:22
190530,Eta,Kalla,,6394375952,Rampur,Meghalaya,2026-06-26 18:29:21
190552,Quincy,Wagle,,6022063438,Agra,Telangana,2026-04-28 03:11:06
190558,Vamakshi,Golla,,1348492412,Dhule,Arunachal Pradesh,2026-02-13 13:04:53
190561,Aarush,Patla,,4288513407,Pimpri-Chinchwad,Haryana,2026-01-23 14:24:04
190563,Ucchal,Chandra,,4997580322,Nadiad,West Bengal,2026-02-28 22:05:56
190572,Ubika,Merchant,,7895989158,Parbhani,Nagaland,2026-01-10 14:01:53
190594,Samuel,Verma,,5646624745,Mumbai,Gujarat,2026-04-22 02:44:30
190606,Omkaar,Bains,,261856512,Kharagpur,Chhattisgarh,2026-06-15 06:54:39
190648,,Deep,ekansh57@example.org,6240440371,Bareilly,Kerala,2026-02-15 05:43:36
190678,Kiaan,Dada,,9880421317,Jamshedpur,Punjab,2026-01-01 11:37:02
190681,Warjas,Sule,,8131503306,Allahabad,Meghalaya,2026-04-21 02:55:05
190727,Chandani,Mann,,6802827458,Bhopal,Bihar,2026-01-24 17:25:36
190745,,Biswas,,3149642512,Chittoor,Andhra Pradesh,2026-05-19 02:14:24
190761,,Prabhu,sjaggi@example.com,9420778268,Jammu,Himachal Pradesh,2026-03-27 10:50:57
190772,Onveer,Pall,,8925005468,Thane,Haryana,2026-04-07 21:25:10
190773,Charvi,Mallick,,2885859671,Aurangabad,Kerala,2026-02-10 20:36:42
190810,,Mahal,mvala@example.com,1990862539,Panchkula,Tamil Nadu,2026-01-21 22:21:28
190840,Dayita,Char,,4253710611,Fatehpur,Sikkim,2026-05-01 08:49:10
190851,Oviya,Ganguly,,3132872400,Bijapur,Goa,2026-05-03 10:20:43
190925,Yatin,Borde,,6614731214,Baranagar,Uttarakhand,2026-04-20 15:05:43
190945,Ira,Thaker,,574414492,Mango,Sikkim,2026-03-15 11:07:22
190966,Leela,Dass,,8812500880,Agra,Punjab,2026-05-17 06:40:00
191097,,Kapadia,shankarqasim@example.org,5666187949,Indore,Tamil Nadu,2026-04-29 07:39:04
191113,Sai,Prashad,,5211126974,Chandigarh,Kerala,2026-03-15 17:43:54
191151,Reva,Bali,,7586468643,Karimnagar,Himachal Pradesh,2026-04-04 07:29:06
191171,Osha,Kadakia,,1873574854,Thiruvananthapuram,Mizoram,2026-02-09 22:43:33
191190,Advay,Krishnan,,9571698,Chennai,Mizoram,2026-01-04 01:30:29
191266,,Srinivas,nandini70@example.net,5617305826,New Delhi,Jharkhand,2026-02-18 19:22:44
191311,Gavin,Acharya,,2807961336,Tiruvottiyur,Maharashtra,2026-05-03 09:05:18
191333,,Amble,lsur@example.org,4512351726,Madhyamgram,Punjab,2026-06-21 12:24:24
191388,Jhalak,Prabhu,,2844438620,Guwahati,Bihar,2026-03-24 15:40:48
191396,,Iyengar,bedirushil@example.com,1830984264,Tadepalligudem,Haryana,2026-02-03 08:10:50
191409,,Patil,priyaparikh@example.net,7313628837,Amroha,Sikkim,2026-06-15 02:40:06
191500,,Dar,anazareth@example.com,1729148158,Sirsa,Bihar,2026-05-26 15:18:56
191506,Vasatika,Wable,,2174177580,Jehanabad,Karnataka,2026-02-24 18:05:08
191507,Chakradev,Roy,,9198626753,Madurai,Tamil Nadu,2026-01-12 05:37:11
191522,,Puri,mohammediyengar@example.com,2148341760,Khora ,Karnataka,2026-06-19 07:44:10
191545,,Chana,yashawinisridhar@example.org,6989778863,Salem,Meghalaya,2026-03-30 00:47:41
191581,Nathaniel,Sheth,,424219291,Kulti,Gujarat,2026-04-16 09:06:48
191584,Rudra,Pau,,3389137912,Jamnagar,Karnataka,2026-04-16 08:06:43
191593,,Hari,jvyas@example.net,4481879773,Rajkot,Madhya Pradesh,2026-02-01 03:29:01
191597,,Buch,hiteshamble@example.com,2571080854,Allahabad,Telangana,2026-06-18 23:55:26
191609,Mekhala,Natarajan,,7651626102,Meerut,Assam,2026-01-29 03:14:18
191623,,Sura,gaurav20@example.com,4582603084,Pali,Tamil Nadu,2026-01-21 00:45:46
191624,Inaya,Krishna,,7753094766,Kolhapur,Uttarakhand,2026-01-30 17:03:16
191685,,Iyer,lgupta@example.com,4293406315,Tiruchirappalli,Andhra Pradesh,2026-05-02 07:10:42
191716,Yoshita,Rajagopal,,8739448636,Sirsa,Bihar,2026-05-29 02:02:01
191726,Forum,Oza,,2198057061,Belgaum,Maharashtra,2026-03-02 17:02:10
191740,,Prasad,isarin@example.net,4749809109,Aligarh,Chhattisgarh,2026-06-04 02:50:10
191806,Yuvraj,Chada,,3686846578,Tirunelveli,Bihar,2026-05-06 10:07:20
191822,Zilmil,Naidu,,5205131836,Tiruchirappalli,Tamil Nadu,2026-05-29 03:07:54
191866,Henry,Lanka,,7921513444,Buxar,Manipur,2026-03-31 07:43:16
191873,Brijesh,Bhatti,,9843274822,Hapur,Kerala,2026-03-12 17:26:33
191897,,Chandra,ddevi@example.net,6792982004,Warangal,Karnataka,2026-01-30 20:14:33
191935,Keya,Hari,,1190968251,Thanjavur,Mizoram,2026-06-16 08:25:36
191939,,Som,ktoor@example.com,686955589,Raiganj,Punjab,2026-05-09 03:52:16
191947,,Jaggi,ayushmanchauhan@example.net,7676321015,Ongole,Odisha,2026-01-09 20:27:23
191964,,Dhillon,vasana40@example.net,8435374453,Meerut,Haryana,2026-02-01 23:22:36
192053,Chavvi,Sahni,,8817239996,Khandwa,West Bengal,2026-03-09 10:45:35
192065,Rudra,Sura,,262270825,Haldia,Chhattisgarh,2026-06-13 16:52:22
192120,Amruta,Peri,,7561155614,Meerut,Himachal Pradesh,2026-03-05 18:20:24
192134,,Kaul,devansh08@example.net,4054094406,Dehri,Mizoram,2026-02-26 22:10:30
192143,,Nayak,kvohra@example.org,6890262500,Moradabad,Telangana,2026-02-07 07:40:57
192155,Ranbir,Dubey,,3255514517,Tinsukia,Telangana,2026-03-13 05:41:52
192176,,Puri,lalsaanvi@example.net,8717396986,Srikakulam,Sikkim,2026-06-05 13:59:19
192194,Dipta,Sidhu,,8868489037,Ghaziabad,Maharashtra,2026-01-09 14:47:29
192273,,Bora,varshadara@example.com,8694891894,Ozhukarai,Manipur,2026-01-16 07:15:10
192294,,Ramachandran,ishwarnagarajan@example.org,5393181393,Tiruvottiyur,Nagaland,2026-02-08 02:20:56
192315,,Chana,mlal@example.com,7126161448,Tumkur,Tripura,2026-06-22 00:50:38
192378,,Bose,omkaarmitra@example.net,308665204,Kulti,Tamil Nadu,2026-01-27 03:38:43
192434,,Madan,zashilravel@example.net,57498283,Naihati,Mizoram,2026-03-04 02:11:25
192443,Chaaya,Sethi,,9665648228,Bongaigaon,Goa,2026-05-07 13:59:26
192454,,Bhat,girishchar@example.net,8762050970,Proddatur,Manipur,2026-04-29 13:02:54
192578,Brinda,Sodhi,,1206358565,Ozhukarai,Gujarat,2026-05-09 03:17:59
192584,,Mohan,patrickmunshi@example.org,3435122892,Kadapa,Assam,2026-06-06 11:59:22
192623,,Pandey,aryahritik@example.com,6467852204,Aurangabad,Nagaland,2026-04-17 08:52:07
192626,Falak,Saran,,6640744794,Secunderabad,Bihar,2026-05-10 22:18:17
192637,Vidhi,Walla,,9910514982,Bettiah,Mizoram,2026-06-20 17:33:28
192693,,Minhas,gayathribhavsar@example.org,2629481917,Farrukhabad,Uttar Pradesh,2026-06-28 17:30:07
192733,,Subramanian,jatin86@example.com,7846961303,Barasat,Odisha,2026-06-08 02:34:25
192755,,Dutt,farajdeep@example.com,6117428754,Tadipatri,Manipur,2026-04-23 16:21:43
192789,,Pal,chaitalytank@example.net,2834818856,Gwalior,Andhra Pradesh,2026-05-09 15:49:13
192810,,Guha,zansi68@example.org,7728714060,Silchar,Bihar,2026-05-02 11:09:50
192835,Noah,Chakrabarti,,4435280045,Panvel,Odisha,2026-05-05 13:18:30
192880,,Oza,tdalal@example.com,6578003846,Karimnagar,West Bengal,2026-03-20 10:42:35
192881,Lucky,Jani,,5208887101,Delhi,Goa,2026-06-10 20:59:20
193032,Charan,Loke,,2843246,Tadepalligudem,Madhya Pradesh,2026-06-04 10:42:32
193044,,Shroff,kotacharvi@example.net,9182388616,Sikar,Assam,2026-04-25 13:54:04
193051,,Pant,timothydhar@example.net,5659973288,Bhilai,Jharkhand,2026-06-01 14:12:34
193084,,Saxena,mitesh28@example.net,6316004690,Meerut,West Bengal,2026-01-25 16:43:20
193232,,Sha,nicholas45@example.com,9574533835,Raiganj,Assam,2026-04-21 07:13:48
193239,Advik,Raval,,2372575583,Jorhat,Meghalaya,2026-04-11 02:57:18
193251,Ekaja,Bhatti,,2550920268,Thanjavur,Kerala,2026-02-10 18:44:45
193273,Bimala,Das,,6518249962,Belgaum,Goa,2026-02-15 09:15:46
193309,,Halder,shereoni@example.org,8890094460,Nandyal,Madhya Pradesh,2026-04-10 01:52:46
193347,,Pau,buchrachana@example.net,7915163931,Tezpur,Nagaland,2026-04-27 18:29:41
193361,,Dhaliwal,siyadara@example.org,4144848644,Karaikudi,Jharkhand,2026-04-25 13:03:51
193385,,Bajwa,teerth66@example.com,6641757607,Vadodara,Punjab,2026-01-01 21:06:53
193402,Chaitanya,Dugal,,6039351606,Sambhal,West Bengal,2026-04-09 11:17:00
193522,Shravya,Swaminathan,,4900303893,Vasai-Virar,Manipur,2026-03-02 18:13:24
193523,,Wable,yasti30@example.net,5902401577,Loni,Arunachal Pradesh,2026-03-29 01:13:51
193572,,Bansal,sameshwagle@example.net,5435731886,Vasai-Virar,Maharashtra,2026-03-01 10:33:16
193640,,Sandal,semijaya@example.com,3818801018,Rajahmundry,Goa,2026-06-28 04:43:24
193693,Jagat,Bail,,5648503216,Ballia,Nagaland,2026-06-11 00:17:35
193708,,Raju,panditeiravati@example.org,9036119872,Kolkata,Telangana,2026-03-04 14:36:29
193710,,Amble,ethanbarad@example.com,78474772,Haldia,Madhya Pradesh,2026-02-02 22:23:36
193757,,Varty,anirudh41@example.net,5575971593,Baranagar,Arunachal Pradesh,2026-06-15 07:07:31
193764,Nathan,Mane,,7718957770,Solapur,Meghalaya,2026-05-19 15:53:54
193839,Jason,Kari,,3988914505,Ambarnath,Uttarakhand,2026-01-14 08:03:19
193841,,Chandra,darpanchacko@example.com,4406666716,Baranagar,Tripura,2026-05-06 12:51:33
193858,Gaurav,Iyer,,9680692681,Bokaro,Himachal Pradesh,2026-03-23 17:21:23
193891,,Boase,vyasgagan@example.net,413530599,Siwan,Sikkim,2026-06-27 09:11:07
193901,,Bhatt,,8649865188,Hapur,Tamil Nadu,2026-03-09 04:22:01
193920,Frado,Jain,,7046847161,Vellore,Karnataka,2026-06-16 20:06:25
193932,Meera,Batra,,5788088752,Anantapuram,Kerala,2026-04-20 09:45:16
193957,Yamini,Karan,,1066212224,Kota,Meghalaya,2026-06-25 19:44:12
193973,Zinal,Malhotra,,8724037417,Rajkot,Maharashtra,2026-02-08 11:14:03
194001,Daniel,Sood,,7266643454,Bareilly,Tamil Nadu,2026-01-09 15:03:11
194002,,Mitter,lajita55@example.com,4757086102,Khandwa,Meghalaya,2026-03-16 21:42:06
194008,,Mangat,farya@example.net,822666499,Latur,Telangana,2026-02-22 04:15:45
194034,,Rau,choudharyanvi@example.com,5932944113,Pallavaram,Nagaland,2026-02-11 19:14:36
194114,Elijah,Rau,,2623721444,Bhatpara,Punjab,2026-01-12 09:50:11
194115,Balendra,Pandit,,624146932,Yamunanagar,West Bengal,2026-04-20 10:15:53
194137,Bhavini,Parekh,,2812802999,Muzaffarpur,Assam,2026-03-23 12:05:42
194144,Gaurangi,Radhakrishnan,,5054574885,Pudukkottai,Gujarat,2026-06-25 11:14:31
194180,,Doshi,dkala@example.org,4625478555,Nellore,Tripura,2026-06-05 17:27:06
194200,,Pathak,yprabhakar@example.com,1970868561,Asansol,Odisha,2026-05-07 06:42:31
194217,Gaurang,Kuruvilla,,2994438594,Rewa,Maharashtra,2026-04-07 23:16:04
194224,,Narain,ikshita48@example.net,3109833991,Ambala,Kerala,2026-06-22 14:16:22
194253,,Choudhury,rbarad@example.net,9248407196,Ahmedabad,Haryana,2026-03-12 09:35:19
194267,,Tiwari,anandeiravati@example.com,3076949344,Panchkula,Karnataka,2026-05-13 12:49:21
194269,,Prabhu,halderganga@example.com,6999379138,Pudukkottai,Kerala,2026-05-19 15:50:19
194278,Ishani,Mannan,,2718405278,Bikaner,Rajasthan,2026-04-11 08:34:38
194279,Anusha,Tiwari,,8416686900,Alwar,Odisha,2026-02-27 17:48:16
194283,,Chandran,bpai@example.org,4558974467,Ichalkaranji,Arunachal Pradesh,2026-05-27 01:47:58
194306,,Nayak,adwetabanerjee@example.com,3052478575,Ahmedabad,Punjab,2026-05-03 16:00:15
194362,Aashi,Raman,,6534112454,Shimla,Himachal Pradesh,2026-05-29 08:19:27
194374,Anamika,Das,,9433302137,Cuttack,Madhya Pradesh,2026-01-18 12:00:45
194389,,Nadkarni,bhagatveer@example.com,8245480316,Shimoga,Karnataka,2026-02-11 23:11:34
194427,Matthew,Balakrishnan,,4958414122,Morbi,Tamil Nadu,2026-06-15 02:54:25
194452,Sai,Chowdhury,,2093158197,Kottayam,Nagaland,2026-04-19 15:21:43
194469,,Rajan,gavin88@example.org,8423174877,Mirzapur,Karnataka,2026-02-18 20:12:06
194474,Triya,Kade,,6899918945,Saharanpur,Goa,2026-05-13 06:16:06
194478,Alka,Tiwari,,7225724009,Kochi,Sikkim,2026-02-24 13:39:19
194607,Divya,Singhal,,8088919108,Raurkela Industrial Township,Rajasthan,2026-04-25 16:08:45
194627,,Cherian,swamybaljiwan@example.com,833720489,Bhalswa Jahangir Pur,West Bengal,2026-01-07 03:54:37
194630,Dhruv,Chander,,2928834348,Nagaon,Goa,2026-01-05 08:31:53
194635,,Raman,bhavinisem@example.org,6865421928,Miryalaguda,Bihar,2026-03-29 03:05:57
194642,Megha,Merchant,,8926905658,Sangli-Miraj & Kupwad,Manipur,2026-02-28 20:53:47
194699,Ekalinga,Zachariah,,7241394352,Munger,Uttarakhand,2026-02-04 06:56:04
194719,,Kaur,uarya@example.com,835260981,Ambarnath,Punjab,2026-01-18 16:39:51
194775,Kiaan,Verma,,8514154939,Pimpri-Chinchwad,Nagaland,2026-04-25 19:42:57
194789,,Rastogi,hemangini06@example.com,5374090291,Anand,Uttarakhand,2026-06-18 14:29:05
194815,Radhika,Mishra,,586379341,Motihari,Telangana,2026-02-28 15:29:46
194863,Qabil,Som,,9642570068,Sangli-Miraj & Kupwad,Kerala,2026-01-31 07:07:44
194883,Amruta,Shroff,,3525828342,Vijayanagaram,Tamil Nadu,2026-06-10 06:29:21
194899,Tara,Agarwal,,4069057201,Phagwara,Gujarat,2026-03-10 03:33:37
194904,Warinder,Chad,,1404761988,Vellore,Kerala,2026-06-03 14:43:20
194912,,Koshy,hiralbadami@example.org,2544179389,Darbhanga,Sikkim,2026-03-20 01:59:06
194954,,Desai,smorar@example.com,8361489606,Dewas,Tripura,2026-02-15 10:49:47
194956,,Raghavan,dzacharia@example.org,514886431,Kozhikode,Maharashtra,2026-06-16 13:15:26
194979,Idika,Merchant,,4126488868,Loni,Manipur,2026-05-15 10:13:09
194981,,Raj,wchand@example.net,1116205711,Madurai,Punjab,2026-05-22 04:39:44
195006,Girik,Talwar,,7311657122,Gurgaon,Telangana,2026-06-07 16:46:05
195012,Jairaj,Nadig,,5906469545,Bongaigaon,Maharashtra,2026-02-08 16:28:16
195024,,Loke,qguha@example.net,9013598380,Dehri,Gujarat,2026-06-01 12:54:58
195046,Tanvi,Tiwari,,1560277811,Raipur,Haryana,2026-06-08 14:23:44
195120,,Warrior,karnikhredhaan@example.com,3310959851,Vijayawada,Sikkim,2026-04-22 01:00:01
195133,,Suresh,gunbir20@example.org,3552683117,Tinsukia,Uttar Pradesh,2026-05-15 09:02:19
195143,,Karnik,qabil36@example.org,214849291,Giridih,Haryana,2026-02-07 03:15:00
195176,Upma,Sahni,,5339752180,Udaipur,Mizoram,2026-06-21 13:56:45
195191,Simon,Taneja,,7178662119,Jamalpur,Mizoram,2026-01-13 12:10:21
195218,Wyatt,Sawhney,,9969397106,Tinsukia,Maharashtra,2026-01-10 03:21:18
195222,,Bajaj,ishitaranganathan@example.com,4464922565,Shimla,Sikkim,2026-04-19 03:19:00
195240,Hredhaan,Varughese,,6579656910,Mangalore,Tripura,2026-05-11 09:44:50
195316,Chaman,Bava,,8240811635,Davanagere,Andhra Pradesh,2026-04-07 08:28:39
195326,,Deshpande,kuriankai@example.com,8123663635,Rampur,Sikkim,2026-06-15 10:13:22
195340,,Nair,liamnagi@example.org,5948715479,Miryalaguda,Gujarat,2026-01-31 11:24:42
195368,Janya,Mani,,3625831739,Hapur,Kerala,2026-01-16 11:08:01
195373,Inaya,Mittal,,9735018873,Tadipatri,Andhra Pradesh,2026-01-27 22:05:03
195386,,Subramaniam,usundaram@example.org,9736337465,Munger,Telangana,2026-02-06 01:07:23
195401,Pahal,Singhal,,7500590530,Erode,Haryana,2026-02-24 09:20:27
195426,,Sangha,bmajumdar@example.com,250979003,Allahabad,Karnataka,2026-03-27 23:27:28
195450,,Kala,raghavben@example.com,7945034257,Ambattur,Telangana,2026-01-20 09:12:41
195501,Ganga,Walla,,2744241081,Chinsurah,Tamil Nadu,2026-04-04 00:11:53
195510,Vedhika,Sagar,,989323448,Patiala,Sikkim,2026-03-07 16:08:23
195515,Warjas,Kari,,187289214,Belgaum,Haryana,2026-05-02 07:54:36
195538,Arunima,Chandra,,7756514841,Thrissur,Uttarakhand,2026-01-12 18:39:59
195540,Vihaan,Trivedi,,760082378,Erode,Goa,2026-02-26 17:31:33
195546,Zinal,Shukla,,6690282057,Ratlam,Punjab,2026-02-22 05:54:32
195550,Caleb,Mannan,,4896015187,Varanasi,Nagaland,2026-03-12 00:34:43
195569,,Loke,ylanka@example.com,730846578,Naihati,Sikkim,2026-03-14 15:06:54
195603,,Mani,parsawazir@example.com,1082019772,Mathura,Andhra Pradesh,2026-01-07 10:34:23
195609,Oliver,Ram,,4173631726,Kishanganj,Himachal Pradesh,2026-03-26 22:50:43
195657,,Johal,shauryasachdeva@example.org,5598090963,Navi Mumbai,Arunachal Pradesh,2026-02-21 17:42:03
195666,,Sachdeva,chauhanrehaan@example.org,55267046,Baranagar,Gujarat,2026-02-10 05:10:38
195706,,Patel,rachita78@example.org,7893954941,Ambarnath,Assam,2026-02-14 21:11:32
195748,,Seshadri,kadakiapriya@example.com,1903990819,Ulhasnagar,Uttar Pradesh,2026-04-27 08:35:44
195769,,Varma,yoshitagupta@example.org,4914228732,Bongaigaon,Uttarakhand,2026-05-08 19:20:40
195803,,Chacko,hsubramanian@example.com,5737243317,Shivpuri,Haryana,2026-02-04 23:18:27
195805,,Rau,yashica38@example.com,4672822837,Guwahati,Telangana,2026-05-24 14:29:15
195808,,Shankar,ojas18@example.org,268644431,Hospet,Manipur,2026-05-14 05:10:40
195809,Faras,Walia,,4347625576,Jehanabad,Goa,2026-04-19 20:02:19
195829,Veda,Nagy,,2347097488,Hapur,Punjab,2026-05-13 13:43:58
195861,Max,Madan,,4826386079,Ghaziabad,Gujarat,2026-05-13 17:06:32
195887,,Kannan,wloyal@example.org,7756705522,Hyderabad,Rajasthan,2026-06-22 07:09:46
195968,Chaaya,Rattan,,401673025,Jhansi,Himachal Pradesh,2026-02-24 16:05:59
195969,,Chander,vedant44@example.org,1621905383,Ambarnath,Madhya Pradesh,2026-06-22 13:10:56
195975,,Wason,bhavini16@example.org,7502008627,Orai,Himachal Pradesh,2026-04-04 20:30:40
195978,Bachittar,Narang,,6873452471,Anantapuram,Punjab,2026-06-25 08:26:56
195990,,Khosla,nagarsaanvi@example.net,8531682500,Tumkur,Rajasthan,2026-03-09 15:01:59
196004,Indali,Shanker,,3994250459,Narasaraopet,Madhya Pradesh,2026-01-28 10:37:46
196026,,Gara,aadhya15@example.net,2025420962,Hubli–Dharwad,Chhattisgarh,2026-01-04 06:23:56
196065,Lekha,Devan,,7411376203,Surendranagar Dudhrej,Bihar,2026-01-03 10:03:43
196176,,Raja,yashoda42@example.net,3114139856,Vasai-Virar,Kerala,2026-03-03 04:35:10
196220,Abha,Batra,,9752400212,Vijayanagaram,Haryana,2026-03-16 13:56:36
196278,,Roy,,3564522254,Chandrapur,Meghalaya,2026-04-27 07:15:04
196322,,Sangha,tripti83@example.net,5282973941,Raichur,West Bengal,2026-02-28 23:56:05
196359,,Nadig,isharaf@example.org,3645541576,Coimbatore,Kerala,2026-02-24 03:48:55
196372,,Kar,daksheshsood@example.org,4005355291,Bhusawal,Jharkhand,2026-02-25 21:31:39
196413,Chakradhar,Varty,,9647949683,Orai,Bihar,2026-03-19 19:53:21
196418,Harshil,Nagi,,7253646583,Vellore,Punjab,2026-06-30 06:03:41
196440,Manya,Prasad,,2339005440,Gurgaon,Haryana,2026-05-26 06:22:09
196521,,Sastry,ranbirmitter@example.org,1360303582,Dibrugarh,Mizoram,2026-04-14 02:08:47
196528,Raagini,Iyengar,,462675921,Muzaffarpur,West Bengal,2026-03-03 18:13:33
196530,Rachit,Yohannan,,1081875586,Kakinada,Haryana,2026-05-29 18:58:06
196573,Harrison,Konda,,1364841908,Kishanganj,Sikkim,2026-02-07 04:34:13
196599,,Garde,xsarma@example.org,7035129416,Rampur,Madhya Pradesh,2026-03-31 08:41:23
196630,,Manda,chakrabortyfalan@example.net,8255090902,Ambattur,Kerala,2026-05-04 16:59:32
196674,Nathan,Nath,,2230093720,Medininagar,West Bengal,2026-05-12 14:54:11
196679,Raghav,Khalsa,,5009171307,Ratlam,Haryana,2026-05-21 23:54:42
196685,Chanakya,Chakraborty,,4846821806,Gaya,Jharkhand,2026-03-17 05:47:33
196693,,Halder,bhavanichaudhuri@example.org,9124351954,Agra,West Bengal,2026-03-31 15:47:29
196694,,Kadakia,sanyanadkarni@example.net,9995145634,Miryalaguda,Madhya Pradesh,2026-02-02 14:01:33
196735,,Memon,chawlavinaya@example.net,8185547369,Khandwa,Gujarat,2026-02-04 04:14:11
196755,Utkarsh,Varma,,2864507081,Bhalswa Jahangir Pur,Uttar Pradesh,2026-05-10 03:22:08
196759,Vritti,Dhingra,,5007619365,Firozabad,Maharashtra,2026-04-16 04:17:07
196826,Chameli,Patil,,1651767831,Ozhukarai,Tripura,2026-01-09 21:33:27
196912,Advika,Goel,,9002021760,Vasai-Virar,Assam,2026-02-19 14:24:10
196943,Meera,Pandit,,8056603625,Panipat,Nagaland,2026-04-07 19:10:02
196989,,Manda,jacksondora@example.com,3005983973,Sonipat,Mizoram,2026-04-16 22:17:51
196991,Shravya,Borde,,9560695325,Bidhannagar,Himachal Pradesh,2026-04-09 10:02:19
196996,,Bhatti,nidra10@example.com,7844993673,Miryalaguda,Tamil Nadu,2026-06-17 07:32:30
197035,Lakshit,Acharya,,227079873,Fatehpur,Odisha,2026-03-19 18:37:39
197140,,Misra,ahujawazir@example.com,9322891558,Sambhal,Haryana,2026-04-09 00:00:47
197172,,Ganesh,dtrivedi@example.net,3025465371,Gwalior,Karnataka,2026-05-21 23:08:15
197182,Udarsh,Prasad,,1152770195,Ujjain,Kerala,2026-06-16 08:00:17
197183,,Kumar,zachariamohini@example.net,4200016537,Vellore,Gujarat,2026-03-30 06:03:21
197206,,Chawla,qushi18@example.org,9580849928,Secunderabad,Andhra Pradesh,2026-06-06 14:53:10
197255,,Saini,uhalder@example.net,3542456851,Bettiah,Punjab,2026-04-01 11:15:57
197282,Darpan,Khurana,,5479460013,Machilipatnam,Rajasthan,2026-02-16 04:37:19
197302,,Goswami,krishnathaker@example.net,6354022153,Kirari Suleman Nagar,Jharkhand,2026-03-21 05:50:19
197372,,Baral,kohliharsh@example.net,6078120501,Ratlam,Andhra Pradesh,2026-04-13 11:25:58
197407,Darpan,Rattan,,6667077856,Mumbai,Rajasthan,2026-05-12 14:11:32
197411,,Prabhakar,rajata98@example.net,6138779175,Bhagalpur,Rajasthan,2026-04-23 12:26:10
197436,,Bose,vasanavenkatesh@example.net,3722056760,Pimpri-Chinchwad,Uttar Pradesh,2026-05-04 07:28:05
197440,,Nayar,forum38@example.org,7254332439,Delhi,Manipur,2026-01-25 13:34:24
197464,Bhavini,Srinivas,,8566649532,Kavali,Maharashtra,2026-03-16 20:28:08
197467,,Chauhan,nathanmohan@example.com,7768302131,Nagpur,Tamil Nadu,2026-04-14 09:39:24
197473,,Goda,aayushgrewal@example.net,6430962249,Dhanbad,Andhra Pradesh,2026-05-03 16:01:53
197505,,Bhat,ddhawan@example.net,2311043493,Aizawl,Rajasthan,2026-05-08 10:25:45
197523,Jeremiah,Mann,,6037506383,Delhi,Gujarat,2026-05-30 17:17:07
197541,Madhavi,Shere,,2010616443,Buxar,Nagaland,2026-01-11 11:19:45
197548,,Walia,timothysarma@example.com,5022647836,Satna,Uttar Pradesh,2026-04-20 18:53:03
197575,Abeer,Lata,,2599899291,Coimbatore,Gujarat,2026-02-15 20:49:11
197593,Aarnav,Rajagopal,,3093373206,Fatehpur,Mizoram,2026-06-25 12:46:36
197595,,Mishra,veermutti@example.com,7327683784,Orai,Goa,2026-04-22 18:12:21
197597,Ekani,Narain,,3769372579,Belgaum,Maharashtra,2026-03-14 21:13:33
197610,Jeet,Chand,,7660134195,Jalna,Maharashtra,2026-04-05 02:57:54
197611,,Gola,zsetty@example.net,6932785056,Kota,Karnataka,2026-06-14 07:41:58
197655,,Ravi,girindrawalla@example.net,368438591,Yamunanagar,Telangana,2026-05-06 15:04:40
197657,,Narasimhan,neha87@example.net,6828231146,Kochi,Haryana,2026-04-09 19:18:14
197772,,Thakkar,advaithbalakrishnan@example.net,4066370356,Rewa,Uttar Pradesh,2026-01-23 02:20:13
197788,Varenya,Wali,,2284768070,Malegaon,Arunachal Pradesh,2026-01-15 22:19:58
197801,,Ganguly,skadakia@example.org,3179622228,Karaikudi,Andhra Pradesh,2026-05-07 10:05:25
197838,Maanav,Dhingra,,8135725849,Miryalaguda,Tamil Nadu,2026-02-03 00:30:26
197859,,Konda,dharvarsha@example.net,6623066649,Nellore,Meghalaya,2026-01-13 04:33:10
197867,Nisha,Upadhyay,,183658699,Pune,Telangana,2026-02-08 08:12:35
197873,Tara,Palan,,3832278028,Gorakhpur,Andhra Pradesh,2026-05-10 03:53:12
197874,Yashoda,Vasa,,9492700758,Latur,Assam,2026-01-29 06:53:58
197888,Tara,Karan,,8683862440,Hindupur,Andhra Pradesh,2026-02-25 21:19:15
197920,Gayathri,Kadakia,,6240293419,Etawah,Nagaland,2026-06-23 15:15:43
197945,Ranbir,Kar,,4899026311,Shimoga,Meghalaya,2026-06-19 21:57:21
197989,,Handa,meeragola@example.net,6716877060,Pudukkottai,Maharashtra,2026-06-06 04:15:33
198042,,Mahal,nagygirindra@example.net,257904802,Rampur,Arunachal Pradesh,2026-04-13 18:01:22
198061,Harita,Bhatia,,9865121005,Kakinada,Kerala,2026-03-26 15:58:18
198063,,Saini,janya71@example.net,5501051188,Fatehpur,Himachal Pradesh,2026-05-14 10:46:41
198131,,Mutti,champakkothari@example.com,8384358194,Ahmedabad,Rajasthan,2026-03-28 22:13:10
198151,Yashodhara,Mander,,812595066,Miryalaguda,Nagaland,2026-03-25 10:30:15
198153,Baljiwan,Pingle,,977982304,Chinsurah,Uttarakhand,2026-04-15 14:10:19
198219,,Wable,balasubramanianunnati@example.com,6761747491,Thanjavur,Tripura,2026-04-12 07:07:43
198222,,Subramaniam,baliadvay@example.net,6933597586,Nangloi Jat,Karnataka,2026-02-12 09:35:26
198245,Agastya,Bala,,2742293211,Mau,Maharashtra,2026-02-14 07:24:57
198310,Christopher,Wable,,3305987441,Nangloi Jat,Andhra Pradesh,2026-04-08 23:48:08
198323,,Kala,nakshkumar@example.com,1405974830,New Delhi,Telangana,2026-01-28 01:38:10
198340,Gabriel,Rajagopalan,,5044957182,Malegaon,Tamil Nadu,2026-01-27 22:14:14
198343,Gaurangi,Krishna,,3821300562,Jodhpur,Bihar,2026-06-09 08:16:24
198368,,Som,chanatriveni@example.org,7043817313,Phusro,Mizoram,2026-03-25 00:04:18
198370,,Shanker,chameligara@example.net,8675505315,Sangli-Miraj & Kupwad,Assam,2026-03-25 17:21:50
198382,,Nayak,bhatiaatharv@example.net,6582122241,Bokaro,Meghalaya,2026-04-05 05:32:38
198408,Advaith,Bhat,,3071875021,Katihar,Himachal Pradesh,2026-04-04 05:11:22
198447,,Ray,netramorar@example.net,8847852204,Rohtak,Kerala,2026-02-02 10:51:46
198461,Atharv,Baral,,5816743705,South Dumdum,Nagaland,2026-01-25 04:53:53
198478,,Dhingra,aadidin@example.org,5062442761,Pune,Tripura,2026-04-16 14:18:50
198552,Max,Dhingra,,8995268961,Bulandshahr,Meghalaya,2026-02-19 15:07:05
198599,,Rao,annefinn@example.com,4382564947,Haridwar,Maharashtra,2026-02-18 03:48:38
198636,Vasudha,Sarna,,5998099725,Jamalpur,Uttar Pradesh,2026-02-18 03:16:54
198641,,Tella,yashoda31@example.org,3015427825,Chandigarh,Uttarakhand,2026-01-22 01:44:21
198687,,Nath,abhiram08@example.com,4098749803,Bhalswa Jahangir Pur,Punjab,2026-02-21 19:26:43
198712,Anusha,Raja,,3988933753,Raurkela Industrial Township,Bihar,2026-04-11 11:26:57
198714,Dhriti,Mitter,,8912795989,Bhiwandi,Uttar Pradesh,2026-01-01 09:07:33
198742,,Ratti,bhavini86@example.com,5835212480,Dharmavaram,Andhra Pradesh,2026-05-08 01:16:50
198764,,Manda,jasmitprabhu@example.com,3305224477,Aligarh,Gujarat,2026-06-02 08:27:27
198771,,Mann,zbuch@example.org,6644208472,Agra,Sikkim,2026-05-20 05:39:25
198827,Orinder,Trivedi,,5693281202,Jalna,Andhra Pradesh,2026-03-18 13:11:53
198951,Fiyaz,Murthy,,3799336569,Chapra,Himachal Pradesh,2026-02-27 02:12:08
198980,Tanay,Modi,,5655553402,Pimpri-Chinchwad,Himachal Pradesh,2026-06-07 09:15:29
198981,,Sagar,rudra52@example.net,3987258175,Vijayanagaram,Sikkim,2026-01-07 03:42:22
199040,,Dewan,srout@example.org,61288845,Thane,Arunachal Pradesh,2026-01-07 15:00:57
199075,Lajita,Hari,,5785539178,Nagercoil,Tripura,2026-06-15 14:37:23
199092,,Om,ochander@example.org,5321850894,Jalandhar,Mizoram,2026-01-13 19:35:41
199105,,Bassi,vhalder@example.net,2997782504,Mathura,Bihar,2026-02-20 17:08:30
199218,,Nadig,saanvi58@example.net,8108225690,Rewa,Manipur,2026-01-21 10:06:05
199219,,Lala,indrajit84@example.net,8053939015,Panipat,Karnataka,2026-05-31 21:55:13
199310,,Saini,tristan86@example.com,5999044688,Bhatpara,Telangana,2026-03-28 08:57:05
199362,,Jain,isaiahnarula@example.net,9590016399,Satara,Uttarakhand,2026-05-07 13:27:35
199390,Charles,Patla,,3504158956,Aligarh,Sikkim,2026-06-29 11:27:17
199422,,Kumar,zachariahamruta@example.net,1722276299,Chapra,Nagaland,2026-04-22 02:37:54
199465,Nihal,Varkey,,4899554667,Kadapa,Madhya Pradesh,2026-06-06 08:40:34
199473,,Sodhi,jhaveriadvik@example.org,3312577953,Kakinada,Rajasthan,2026-03-03 15:23:55
199475,,Mander,logan44@example.org,8905451758,Kottayam,Tripura,2026-05-02 22:42:48
199545,,Sharma,baljiwanpau@example.net,6884716105,Bellary,Telangana,2026-03-09 23:55:37
199560,,Dube,xmahal@example.org,812183978,Coimbatore,Andhra Pradesh,2026-04-03 00:34:30
199562,Yug,Kakar,,3120499830,Jorhat,Meghalaya,2026-03-12 14:13:59
199576,Ekavir,Thakur,,5001148007,Korba,Mizoram,2026-06-30 17:29:10
199586,Mohammed,Mitter,,1460566284,Panchkula,Assam,2026-05-07 03:41:54
199589,Vasatika,Varkey,,4020520914,Gandhinagar,Nagaland,2026-04-01 01:01:41
199603,,Anand,ekapadcherian@example.net,4741425853,Jehanabad,Kerala,2026-03-04 00:07:50
199619,,Pal,nshere@example.org,6711882190,Jhansi,Uttarakhand,2026-03-20 01:37:35
199620,,Nori,hkrishnan@example.org,2747781483,Jhansi,Uttar Pradesh,2026-03-19 16:17:45
199639,,Saini,nmukherjee@example.org,2029501680,Ludhiana,Telangana,2026-05-05 03:14:04
199656,,Chandran,simon37@example.com,3411039300,Khora ,Punjab,2026-04-19 00:03:15
199694,Omkaar,Sinha,,9012245055,Karaikudi,Telangana,2026-02-24 02:32:03
199711,,Memon,rnaik@example.com,287282640,Bally,Meghalaya,2026-03-13 19:35:41
199737,Devika,Bobal,,9917366214,Bhind,Meghalaya,2026-02-08 12:55:22
199738,Pallavi,Bahri,,4024494865,Saharanpur,Madhya Pradesh,2026-03-09 23:25:37
199745,Vedhika,Radhakrishnan,,3939793502,Kirari Suleman Nagar,Tripura,2026-03-21 03:05:26
199751,Charita,Gopal,,5629903798,Gandhidham,Sikkim,2026-05-20 05:26:31
199757,,Patil,badalgeetika@example.com,8643407884,Coimbatore,Mizoram,2026-01-02 19:07:33
199761,,Shenoy,anya88@example.com,6856718531,Pimpri-Chinchwad,Bihar,2026-05-14 05:13:10
199765,Wishi,De,,5375646950,Nizamabad,Tamil Nadu,2026-02-25 23:31:44
199773,,Rana,chaudharinisha@example.org,5524964155,Anantapuram,Rajasthan,2026-06-30 21:05:48
199820,,Bandi,azaanmahajan@example.com,3487151704,Rajpur Sonarpur,Tamil Nadu,2026-03-30 02:05:39
199829,,Sanghvi,panchalnaksh@example.com,2592717239,Tumkur,Bihar,2026-05-08 01:23:33
199836,Balendra,Lalla,,384173018,Howrah,Punjab,2026-06-05 12:18:21
199853,Amol,Kalita,,2924059629,Chinsurah,Punjab,2026-03-31 20:12:31
199906,Yahvi,Sur,,7242516799,Jaipur,Sikkim,2026-05-14 10:13:31
199939,,Sabharwal,imandal@example.org,8150889739,Ahmednagar,Andhra Pradesh,2026-01-12 05:24:14
199957,Nitesh,Vasa,,7344561437,Rewa,Telangana,2026-02-14 01:11:55
